word_count,character_count,sentence_count,lexical_diversity,avg_sentence_length,avg_word_length,punctuation_ratio,flesch_reading_ease,gunning_fog_index,grammar_errors,passive_voice_ratio,predictability_score,burstiness,sentiment_score,content_type,label
0.7337555900686736,0.7242539721548061,0.9131548076621248,-0.021028721743595793,-0.9899407640863515,-0.11268677018145634,0.8986280209393154,-0.01110597575147742,-0.5677266808886492,-0.285201575259082,0.005069004876495135,-0.8360196064715527,-0.4071705644252243,-1.675768980515333,1,1
0.5391513355291198,0.5504393798474352,0.5222333980032776,-1.1279795244484,0.05756511272589033,0.14692373227513225,-0.2217374800517143,-0.14197743822679393,-0.33828087271628526,2.2741196214418755,0.4828134231957702,0.28919940102468894,0.2877531298195018,-1.3252514588998614,2,1
-1.1303483218365267,-1.0992745576663838,-1.15314407196321,1.229977322409095,1.1733865901998006,2.4463310397477653,-1.9022857315382582,-2.372832521652194,1.5355265606913542,-0.7970658145992735,1.0161916647204319,-0.8997843655062489,-0.2792766278855766,0.2722796297633628,7,0
-0.04466142808954186,-0.03199197332287796,0.019620157013331318,0.11544466489124489,-0.5800471601163424,0.2210981615484414,0.33844527044379985,-0.44499520903502726,-0.040547621635479675,0.22666266408110952,-1.3681150440818637,0.3441568728998968,0.8043247328741726,0.6416180429335571,2,1
-0.8947747505518036,-0.9086883818907577,-0.873914493635462,-0.9156875896830934,-0.4206440919057852,-0.6689949897312848,0.6185366456915583,0.8747931548506674,-0.5130967265618955,0.22666266408110952,0.8784317215451882,0.08945012824749131,1.1335517023258435,1.4965009244696164,2,1
0.9898138197259814,1.0063215123027327,1.0248466389932238,-0.21057509206976108,-0.21569728992078172,0.18401094691178682,0.018340841589220537,0.12983252229886433,-0.10883506454392133,-0.7970658145992735,-1.3292596754939743,-1.145331531512786,-0.4646229187301442,-0.18373848579647015,0,0
0.016792547028211993,0.09455724739213772,-0.03622575865221827,-0.10442912468710767,0.44468684980867523,1.3337146006481049,-1.0219985521881647,-1.1567346241892502,0.6341323142999241,-0.285201575259082,-0.5556846099714519,0.21697964631688393,1.1315533595674112,0.24862401377256496,3,1
-1.0996213342776497,-1.0779289059795136,-1.0972981562976605,1.229977322409095,0.03479324583866816,1.5191506738313811,-0.7419071769404062,-1.7798841262832592,1.688490432806263,0.738526903421301,1.38531766630538,1.5120031502480629,1.8039956977797775,-1.6232776866379421,2,0
-0.19829636588392652,-0.2408744219729641,-0.20376350564886703,-0.6503226712264619,0.03479324583866816,-0.854431062914561,0.25841916323015535,0.7066736607477604,-0.5950416580520258,0.738526903421301,-1.3257273692587117,0.3166781369622929,0.38617151067227723,1.3005219160786998,5,0
-1.3147102471897882,-1.3173051427537,-1.2648359032943093,1.229977322409095,-3.3809867872447295,-0.7802566336412519,4.619842006373806,2.3737747519717955,-1.4527319409820532,-0.7970658145992735,-1.3893088814934396,-0.6535326165269525,-0.6549650664707918,0.054199023950387046,7,1
-1.171317638581696,-1.1556880656959692,-1.2089899876287595,1.229977322409095,2.311979934560933,1.3708018152847596,-2.222390160392839,-3.1228266719915094,4.84063879745993,0.738526903421301,0.36624731743210254,-0.11170831047522421,1.7930048126084017,-0.7735748669976779,2,0
-0.4236276079823573,-0.3902939837810549,-0.5388389996421645,0.46420998629138815,1.606052061057032,0.8144935957349277,-1.622194356290501,-0.8184822288684315,0.9564490448277686,1.2503911427614924,1.3040746228943385,0.4621745208370421,0.7313852221914046,-0.48608143178104696,1,0
-0.034419098903249554,-0.04876355679113305,-0.03622575865221827,-0.4304488816481094,-0.010750487935776163,-0.26103562872807795,0.018340841589220537,-0.10875622082921368,-0.07605709194786907,0.738526903421301,-0.18832476150413527,0.2973021052114184,1.0556163347469953,-1.6882011290652414,3,0
-1.1918022969542805,-1.1983793690697093,-1.2089899876287595,1.229977322409095,1.1733865901998006,-0.7802566336412519,-0.6618810697267618,-0.669490102358071,-0.10337206911124563,-0.7970658145992735,-1.680724145902609,-1.2482006455356112,-0.7913519597337754,-1.6079101696804166,7,0
-0.46459692472752656,-0.5015963104340205,-0.3154553369799662,1.229977322409095,-1.6730967707030306,-0.965692706824528,2.0990196291439895,0.9966042853084625,-0.8080984799263635,0.738526903421301,-1.3504535129055504,0.9634853059551232,0.25128337447811777,-0.8015472012349716,5,1
1.8604118005608277,1.9196104666195326,1.5833057956487198,-2.420685770072847,1.08229912265091,0.48070866400503,-1.1820507666154536,-0.2607684580120815,0.552187382809794,3.80971233946245,-0.8965521616742985,0.41567204463494295,0.25877715982223776,-0.18943655388184483,0,0
0.21139680156776589,0.18603861176443823,0.1313119883444305,0.5248648247957627,0.6040899180192344,-0.37229727263804163,-0.46181580169264913,0.36942796898444386,-0.03781612391914207,0.738526903421301,0.519902638666028,0.12186094499440879,1.4083238316102424,0.2967985894034599,3,0
1.6862922043938584,1.7488452531245717,1.694997626979819,-2.500295245609836,-0.07906608859744468,0.5177958786416845,-0.2617505336585365,-0.5809001892978564,0.055054798436339036,1.2503911427614924,0.2072935368452827,-1.0889648936920604,-1.5991820198299092,-0.6853411460393004,0,1
-0.8333207754340497,-0.8477008056425573,-0.8180685779699125,1.229977322409095,-0.2840128905824482,-0.6319077750946303,0.45848443126426797,0.7177473998802871,-1.1194892195888577,-0.7970658145992735,-1.6718933803144522,-1.2326998201349115,-0.8877719978281191,0.009823160376408605,1,0
0.33430475180327357,0.42998891675723955,0.24300381967552967,0.35427309150221187,0.6496336517936787,1.3708018152847596,-1.1820507666154536,-1.4748529483600206,1.4098776657398213,1.2503911427614924,1.178677751542514,0.414967461662184,1.559198709871858,0.025536014793653892,3,1
-1.273740930444619,-1.2624163241303197,-1.2648359032943093,1.229977322409095,-0.35232849124411675,1.5191506738313811,-0.3817896944790046,-2.0214929800838437,-0.25087294579347985,-0.7970658145992735,-0.21834936450386802,-1.0646567811318721,-1.290937649341774,1.3994610982883873,6,1
1.041025465657443,1.0596856415199079,1.0806925546587736,-0.964969645967895,-0.23846915680800387,0.18401094691178682,0.018340841589220537,-0.055400932281584415,-0.2617989366588303,0.22666266408110952,-0.908915233497718,-1.2136760798704165,-1.4018456724347497,1.7140635240930127,0,1
-0.33144664530572654,-0.32168296050182954,-0.3713012526455158,-0.17266581800452802,0.44468684980867523,0.2210981615484414,-0.5818549625131172,-0.16412491649184743,0.7379292275207552,-0.7970658145992735,-0.2006878333275547,-1.1027042616608622,-1.0596294750532704,-0.38558823100262113,3,0
0.7849672360001352,0.8279328517767467,0.6339252293343768,-0.34325755129807467,0.8545804537786843,0.48070866400503,-1.0219985521881647,-0.01110597575147742,0.759781209251457,-0.7970658145992735,-0.2572047330917569,-0.3262538256803625,-0.9187463105838151,-0.07512985471463184,4,0
-0.4850815831001112,-0.5015963104340205,-0.48299308397661495,-0.40012146239592633,-0.03352235482300035,-0.4464717019113541,0.13838000240968726,0.4368771073371073,-0.600504653484701,-0.7970658145992735,-0.07705711509336148,1.9428556380902364,0.002489701053334648,1.0705271679053954,5,1
-1.3454372347486652,-1.334076726221955,-1.3206818189598588,1.229977322409095,-2.2423934428835968,2.705941542204354,1.1387063425802502,-2.882224521748427,4.119523400346787,-0.285201575259082,-0.43205389173725894,1.824485698666712,1.6271423636585463,-1.3219707530325244,7,1
0.33430475180327357,0.31258783247945393,0.41054156667217845,-0.3053482772328416,-0.5572752932291203,-0.2981228433647325,0.5385105384779124,0.8435853445680918,-0.3492068635816357,0.738526903421301,0.10309050290503442,0.8785830577376548,0.30623780033499765,1.440383587265169,2,1
-1.3147102471897882,-1.3020582486916499,-1.3206818189598588,1.229977322409095,1.1733865901998006,2.2979821812011436,-1.7822465707177915,-0.669490102358071,-1.015692306368026,-0.7970658145992735,0.728308706546525,-1.3151360279477233,-0.6919344075017835,1.430886807122878,7,1
-0.9562287256695574,-0.971200647545163,-0.9856063249665613,0.4225097848196322,0.9001241875531286,-0.8173438482779064,-0.46181580169264913,1.909684411963172,-1.469120927280079,-0.7970658145992735,-0.6863799406761704,-0.7236386223164802,-1.0521356897091505,-0.7732295295379581,3,1
-1.171317638581696,-1.157212755102174,-1.0972981562976605,1.229977322409095,-2.629515179966382,1.222452956738138,2.219058789964458,-0.01110597575147742,2.6827556015531737,-0.7970658145992735,-0.6245645815590738,-0.11523122533901962,-0.16487150496534506,1.7451438954677836,7,0
0.09873118051855047,0.04119311817496244,0.0754660726788809,-1.0445791215048883,0.17142444716200317,-0.9286054921878735,0.1783930560165109,1.30566227746171,-1.0375442880987276,0.738526903421301,0.9066901714272892,1.7195028357256101,0.570019044448021,-0.983712711237101,6,0
0.580120652274289,0.5977047514397904,0.8014629763310256,-0.5024765023720527,-1.2859750336202458,0.2210981615484414,1.018667181759782,-0.46613598374257853,0.14792572079181965,-0.285201575259082,0.04657360314083172,-1.3623430871225812,-0.5440570433778158,-1.1676049085378288,3,1
0.08848885133225816,0.06406345926803757,0.0754660726788809,-0.29776642241979584,0.0803369796131125,-0.4093844872746995,0.018340841589220537,0.07446382663622986,0.28450060660870247,-0.285201575259082,-1.156176669966104,1.9953470695607878,0.8572808159726202,-0.017976505131025364,3,1
-0.9869557132284343,-0.975774715763778,-1.041452240632111,0.3694368011283034,1.8337707299292576,0.5548830932783424,-1.6622074098973232,-0.18325228408439423,0.7051512549247039,-0.7970658145992735,-1.5182380590805267,-1.1696396440729744,-1.1850254831448783,-1.1895338372300284,6,0
0.16018515563630434,0.21043364226371836,0.1313119883444305,-0.9573877911548493,0.19419631404922735,0.7774063810982732,-0.6218680161199395,-0.24365449753453985,-0.125224050841947,-0.285201575259082,0.13664741214002943,-0.567925785336725,-0.5760305275127279,0.011377178945147151,2,1
-1.1201059926502344,-1.131293035196689,-1.15314407196321,1.229977322409095,1.628823927944254,-0.965692706824528,-0.9419724449745188,1.736531400072753,-2.7911658219875095,0.22666266408110952,-0.9354075302621877,1.6423510002084916,0.14187410845396617,0.87333947840546,5,0
0.30357776424439664,0.37052602991524425,0.41054156667217845,-0.5555494860633814,-0.7622220952141238,0.9628424542815494,0.1783930560165109,-0.6996912090831439,0.32274157463743,1.762255382101684,1.600788346656402,-0.03984084725379865,1.4957513272916425,-0.3094413211344324,4,1
2.065258384286674,2.0781781648648536,1.9742272053075667,-1.4312537169702646,0.28528378159811807,0.10983651763847768,-0.3817896944790046,-0.01110597575147742,0.39922351069488493,1.2503911427614924,1.2157669670127724,-0.446737514022164,-0.20933463134045702,0.4705033316424572,0,1
0.743997919254966,0.7181552145299861,0.6897711449999263,-0.19541138244366532,0.28528378159811807,-0.2981228433647325,-0.2217374800517143,0.2697643167917024,-0.7643945164649609,1.2503911427614924,0.18963200566896937,1.6391803768310758,0.6984125666772764,-1.577693141954945,6,1
0.580120652274289,0.6007541302522005,0.6339252293343768,-0.5024765023720527,-0.3751003581313389,0.2581853761850993,0.09836694880286502,-0.03124004690152573,-0.20716898233207717,-0.7970658145992735,0.09779204355214004,-0.7172973755616485,-1.5647106072469572,0.5554563467334978,5,1
-1.1815599677679882,-1.180083096195249,-1.15314407196321,-0.2863936402002272,-1.1038000985224643,0.03566208836516524,0.9786541281529598,1.4194197794594863,-1.3052310642998188,-0.285201575259082,-0.7305337686169534,1.341141779353987,1.5851771657314744,0.29179119623752453,7,1
-0.04466142808954186,0.045767186393577464,-0.03622575865221827,-0.7223502919504052,-0.10183795548466684,1.630412317741348,-0.7018941233335839,-1.2181435411968988,0.2571856294453264,-0.7970658145992735,1.2457915700125046,-1.491986354110251,-1.4627951265669257,0.0246726711443547,5,1
-0.710412825198542,-0.7592688200826669,-0.7063767466388133,0.6954565580893094,-0.05629422171022252,-1.707436999557636,0.738575806512025,1.9237782617682062,-2.031809456845638,1.2503911427614924,-1.4299304031989604,0.689050238065464,1.6950860174452338,-1.1865984688224112,5,0
0.33430475180327357,0.2942915596049938,0.35469565100662886,-0.08547448765448903,-0.17015355614633537,-0.5577333458213211,0.2984322168369776,0.7278144354553117,-0.3109658955529087,0.22666266408110952,-1.096127463966639,-0.37698379971901574,1.3568665055806188,-0.5720704592512464,5,0
-1.0996213342776497,-1.0947004894477688,-1.15314407196321,1.229977322409095,2.539698603433159,0.29527259082175383,-2.0223248923587263,-1.3761959997247815,1.2678397844902627,0.22666266408110952,0.5234349449012907,1.7085817996478445,0.8123181039079003,0.0246726711443547,5,1
1.0512677948437352,1.055111573301293,0.9690007233276743,-0.4873127927459611,0.3763712491470087,0.03566208836516524,-0.46181580169264913,-0.33627122482476424,0.9564490448277686,-0.7970658145992735,-0.1724293834454531,-0.8395425213353479,-1.1285723002191743,-0.27249021294442705,0,1
-1.2020446261405728,-1.2166756419441693,-1.2089899876287595,1.229977322409095,0.6040899180192344,-1.6703497849209814,0.21840610962333312,2.3798149733168104,-2.8894997397756654,-0.7970658145992735,1.6732006244792863,-0.27235322826429326,-1.278448007101574,0.08925077611193422,2,1
-0.9357440672969728,-0.9117377607031677,-0.9297604093010117,1.229977322409095,-0.10183795548466684,1.1482785274648255,-0.5018288552994714,-0.12083666351924267,-0.27818792295685646,-0.7970658145992735,0.9278840088388653,-0.21986179679374213,-0.6569634092292236,1.1264718363799828,3,1
2.1062277010318433,2.133066983488234,2.1417649523042153,-2.056756739046608,-0.17015355614633537,0.2210981615484414,-0.0216722120176017,-0.084595335449155,-0.18531700060137582,-0.7970658145992735,-1.7072164426670788,-0.4573062586135503,-0.8388126002465353,0.9035565061309316,0,0
-0.6079895333356189,-0.5671579549008359,-0.5388389996421645,0.2936182529978373,-0.9671688971991294,1.222452956738138,0.25841916323015535,-0.01110597575147742,1.0056160037218467,0.22666266408110952,1.5972560404211393,-0.4375779353762961,1.7385499724411297,-1.5032729193853545,5,1
0.5391513355291198,0.5900813044087654,0.5222333980032776,-1.3251077495876111,0.05756511272589033,0.6661447371883061,-0.4218027480858269,-0.2748623078171156,-0.10883506454392133,1.762255382101684,-0.9336413771445565,1.9823122845647447,0.4641068782511253,-0.5097370477718448,6,1
-0.32120431611943423,-0.3232076499080345,-0.2596094213144166,0.8812120010089517,-0.6711346276652331,-0.038512340908143906,0.5385105384779124,0.8063373129405018,-1.0047663155026758,0.738526903421301,0.8660686497217688,0.5340419840584674,0.8937505713140039,0.14036072015044637,2,1
-1.0893790050913574,-1.1145214517284339,-1.041452240632111,0.11544466489124489,-1.4226062349435806,-1.8557858581042574,2.3390979507849257,1.0328456133785502,0.13153673449379352,-0.7970658145992735,-0.7676229840872114,-0.13531184006265326,0.4376288367019015,-0.0492295452356561,7,0
-1.1610753093954036,-1.1358671034153038,-1.15314407196321,1.229977322409095,-0.19292542303355753,2.1867205372911767,-0.7819202305472298,-2.9748412490386515,3.507667911887149,-0.285201575259082,1.6361114090090287,0.05739160298695354,0.24179124637556598,-0.11708835607057255,7,0
1.839927142188243,1.8022093823417469,1.8066894583109179,-1.4956994828811578,0.0803369796131125,-0.26103562872807795,-0.061685265624423946,-0.12385677419175009,0.13153673449379352,-0.7970658145992735,0.005069004876495135,-0.7997335833744603,-1.0691216031558226,-0.3850702248130416,0,1
-0.44411226635494194,-0.3902939837810549,-0.3713012526455158,0.8395117995371958,-0.8533095627630145,1.3337146006481049,0.09836694880286502,-1.0319033830589486,-0.040547621635479675,-0.7970658145992735,1.258154641835924,-0.9593216267043908,-0.9442251807538229,-1.4844520278306321,6,1
-1.0688943467187728,-1.0413363602305934,-1.041452240632111,0.17609950339561525,-0.784993962101348,1.7787611762879698,-0.1417113728380698,-1.764783572920722,1.22413582102886,0.22666266408110952,-0.18655860838650365,0.4096830893664907,0.8362982170090844,-0.9137818756438665,3,0
-0.9357440672969728,-0.9498549958582929,-0.873914493635462,1.229977322409095,-1.33151876739469,-0.7431694190045973,1.5788499322552962,-0.23862097974702795,-0.3983738224757136,0.22666266408110952,-0.09648479938730593,-0.2314874158442668,-0.07294773807747316,0.0246726711443547,2,0
-0.2597503410016804,-0.224102838504709,-0.3713012526455158,0.5703559536740416,1.2872459246359136,0.7403191664616185,-1.4221290882563884,-0.6876107663931149,0.21894466141659893,-0.7970658145992735,-0.523893853854088,-0.5295260133213553,-0.9027595685163591,0.5229946255198481,4,0
-1.2327716136994498,-1.2182003313503744,-1.2648359032943093,1.229977322409095,2.699101671643718,1.630412317741348,-2.542494589247418,-0.4540555410525495,1.6830274373735878,-0.285201575259082,-0.022306368446790407,-0.39953045484730615,1.5287239828057702,-0.6385479202472841,7,0
-0.23926568262909576,-0.2576460054412192,-0.14791758998331744,-0.06651985062187461,-0.8988532965374608,-0.37229727263804163,0.9386410745461377,0.5516413128923852,0.14246272535914395,-0.7970658145992735,0.5923149164889124,-0.7532311071723614,-0.40217470752914436,-1.6243136990171012,3,1
0.5903629814605813,0.6022788196584055,0.5780793136688271,0.08132631823253472,0.03479324583866816,0.14692373227513225,-0.2217374800517143,0.15500011123642524,-0.18531700060137582,0.738526903421301,1.6502406339500792,0.1482828064728741,0.5335492891066372,-0.609884911090551,0,1
-1.1201059926502344,-1.152638686883559,-1.15314407196321,1.229977322409095,1.628823927944254,-2.63461736547402,-0.18172442644489206,1.4617013288745873,-0.676986589542156,-0.7970658145992735,0.7194779409583684,-0.22197554571201944,-1.1185805864270144,-0.6941472512621522,7,1
-0.6387165208944958,-0.608324568868371,-0.5946849153077142,0.744738614374111,-0.6483627607780109,0.9257552396448948,0.09836694880286502,-0.6976778019681394,0.350056551800807,-0.285201575259082,-1.5111734466100013,0.9201534531304404,0.8053239042533885,0.40765191397347605,4,0
-0.843563104620342,-0.8385526692053273,-0.8180685779699125,-0.07789263284144327,-0.48895969256745375,0.18401094691178682,0.25841916323015535,-0.01110597575147742,2.278493939535199,-0.7970658145992735,1.387083819423011,-0.4957060306289197,-1.571704806901469,0.6944546742706675,3,0
1.245872049383289,1.3356544240430144,1.136538470324323,-1.086279322976644,0.49023058358312155,0.8515808103715856,-0.8619463377608743,-0.01110597575147742,0.2681116203106768,1.762255382101684,-0.45324772914883454,-0.3107530002796627,0.0034888724325505354,-0.502139623658012,0,0
-1.0688943467187728,-1.0687807695422835,-1.0972981562976605,1.229977322409095,1.1733865901998006,-0.07559955554479848,-0.981985498581341,-0.43291476634499826,0.8089481681455349,-0.7970658145992735,1.7420805960669086,-1.0530311620813475,-1.4607967838084934,1.433822175530495,1,0
1.0922371115889045,1.070358467363343,1.0806925546587736,-0.3053482772328416,0.012021378951446001,-0.1868611994547655,-0.0216722120176017,0.1348660400863762,-0.5568006900232982,1.762255382101684,-1.654231849138139,1.5570964605046436,1.8114894831238972,-1.6251770426664005,0,1
-0.09587307402100341,-0.10975113303933338,-0.03622575865221827,0.3618549463152576,-0.5572752932291203,-0.26103562872807795,0.5385105384779124,0.8486188623556036,-0.9993033200700006,-0.7970658145992735,-1.601247255609199,0.28461961170175515,1.3718540762688587,0.0246726711443547,1,0
0.6210899690194582,0.6083775772832255,0.8014629763310256,-0.08926541506101614,-1.0354844978607958,-0.1497739848181109,0.9786541281529598,0.42580336820458053,-0.6551346078114546,-0.7970658145992735,-0.029370980917315437,-1.2890664579556375,-0.19134954651456884,-0.19772465291511704,5,0
0.08848885133225816,0.09760662620454774,0.0754660726788809,-0.5517585586568585,0.0803369796131125,0.14692373227513225,-0.2217374800517143,-0.3825795884698764,0.43200148329093724,-0.285201575259082,0.005069004876495135,0.7559856204775758,0.1358790801786703,0.0075784668882307085,6,1
0.40600105610731974,0.4635320836937497,0.5222333980032776,-0.6654863808525577,-0.784993962101348,0.7774063810982732,0.25841916323015535,-0.01110597575147742,-0.3492068635816357,1.2503911427614924,-1.369881197199495,1.6071218515705379,0.9706867675136361,-0.5477241683410092,3,0
-0.06514608646212648,0.009174640644657266,-0.09207167431776786,0.09649002785862626,0.21696818093644954,1.3337146006481049,-0.8619463377608743,-0.13996403111178946,-0.4803187539658438,1.2503911427614924,-0.7270014623816909,0.6925731529292591,1.6121547929703062,-0.6352672143799474,4,0
-0.5875048749630343,-0.591552985400116,-0.5946849153077142,0.31636381743697883,0.10310884650033668,-0.1497739848181109,-0.1417113728380698,0.7288211390128139,-0.8299504616570649,-0.7970658145992735,1.0250224303085886,0.5798398772878072,0.8303031887337885,1.607872255229212,6,0
0.18066981400888896,0.1631682706713631,0.1871579040099801,-0.21057509206976108,-0.07906608859744468,-0.26103562872807795,0.09836694880286502,0.5546614235648926,0.22440765684927413,1.762255382101684,0.3397550206676326,0.043299943531772106,0.45061806463170917,-1.5200217861817589,5,1
-1.3659218931212498,-1.3706692719708753,-1.3206818189598588,1.229977322409095,-4.519580131605862,-2.115396360560846,8.060964616560542,3.0331655821358927,-3.3811693287164455,1.2503911427614924,-0.3119554797383285,0.5875902899881569,1.5512053388381304,0.005679110859772486,7,0
-0.9255017381106805,-0.9056390030783477,-0.9297604093010117,-1.0445791215048883,0.17142444716200317,0.9257552396448948,-0.6218680161199395,-1.5332417546951618,0.5631133736751444,1.2503911427614924,-0.03996789962310372,1.199872893315793,1.0556163347469953,-0.19185391609988253,1,0
-1.2327716136994498,-1.2380212936310395,-1.2648359032943093,1.229977322409095,2.699101671643718,-0.7802566336412519,-1.6622074098973232,-1.3057267506996113,2.7756265239086546,-0.7970658145992735,-1.525302671551052,-0.9026026973972853,-1.1195797578062303,1.0917654216781554,7,1
-1.1303483218365267,-1.1145214517284339,-1.15314407196321,-0.03240150396316445,1.1733865901998006,1.1853657421014834,-1.4621421418632108,-0.669490102358071,2.2621049532371735,-0.7970658145992735,-1.7231118207257612,-1.0879080192329218,-0.3067538408140166,-0.024365248135839377,6,1
0.2626084474992274,0.21043364226371836,0.1313119883444305,0.31636381743697883,1.0139835219892415,-0.7431694190045973,-0.6218680161199395,-0.13291710620927238,0.3063525883394043,-0.285201575259082,1.3288007665411772,-1.1534342356995158,-1.5806973493144132,0.6946273430005273,4,0
-1.2634986012583267,-1.2791879075985748,-1.2648359032943093,1.229977322409095,0.4219149829214531,-2.412094077654089,0.7785888601188473,2.9546427046507024,-1.6220847993949883,-0.285201575259082,-0.20422013956281695,1.3805984258284953,0.9397124547579397,1.378222844515627,7,1
0.7542402484412583,0.7928649954340315,0.6339252293343768,-0.8967329526504789,0.6724055186809029,0.44362144936837544,-0.8619463377608743,-0.15707799158933033,0.07690678016704039,0.22666266408110952,0.005069004876495135,-0.7690842240594404,-1.2274902667615581,0.3465271836030933,0,1
0.3957587269210274,0.4055938862579594,0.41054156667217845,0.17230857598909236,-0.14738168925911319,0.14692373227513225,-0.061685265624423946,0.5385541666448532,-0.2727249275241812,0.22666266408110952,-0.8259060369690453,-0.05992146197743228,1.5876750941795141,1.3170981141452442,1,1
0.3752740685484428,0.35222975704078413,0.41054156667217845,-0.05514706840230596,-0.2840128905824482,-0.2981228433647325,0.2984322168369776,0.7660691706404038,-1.1194892195888577,-0.7970658145992735,1.3146715416001267,-0.22690762652133298,-0.3407256677073606,-0.7000179880773867,2,1
0.6825439441372121,0.7288280403734212,0.8014629763310256,-0.6010406149416603,-0.7166783614396794,0.5548830932783424,0.2984322168369776,-0.2768757149321208,0.787096186414833,2.2741196214418755,1.7049913805966503,0.44068474016789033,0.007485557949414639,0.5760039255868185,5,1
-0.7616244711300035,-0.8324539115805073,-0.8180685779699125,0.08132631823253472,1.1733865901998006,-2.63461736547402,0.13838000240968726,2.039549170880987,-1.1795821693482866,-0.7970658145992735,-0.647524572088281,-1.4740194883048945,-0.7059228068108077,0.4991663407991904,2,0
0.5698783230879967,0.51537152350472,0.5780793136688271,-1.0900702503831672,-0.10183795548466684,-0.6689949897312848,0.25841916323015535,0.7922434631354677,-0.5021707356965451,0.738526903421301,-1.059038248496381,0.0380155712360791,1.359364434028659,-1.0058143086591604,5,1
-0.003692111344372626,0.009174640644657266,0.0754660726788809,0.4187188574131093,-0.6711346276652331,0.2210981615484414,0.41847137765744574,-0.059427746511594076,0.10968475276309217,0.738526903421301,-1.0254813392613857,1.4887519121470134,-0.01999165497902531,-0.684650471119861,2,1
-0.9255017381106805,-0.9422315488272679,-0.9856063249665613,0.4717918411044339,1.742683262380367,-0.854431062914561,-1.0620116057949869,0.6100301192275264,-0.5950416580520258,-0.7970658145992735,0.005069004876495135,-0.25896615178187077,-1.4133361432957336,1.099708183251708,6,1
0.5698783230879967,0.5977047514397904,0.6897711449999263,-0.8967329526504789,-0.7394502283269017,0.369447020095063,0.41847137765744574,-0.6131147031379344,0.6614472914633012,-0.7970658145992735,1.1433546891898874,-0.4474420969949232,-1.0036758778171748,-0.34000368631962385,0,1
0.7030286025097967,0.7196799039361911,0.6339252293343768,-0.5820859779090416,0.3763712491470087,0.2210981615484414,-0.5018288552994714,-0.2607684580120815,0.016813830407611554,-0.7970658145992735,-1.1650074355542608,-1.3905264060329443,-1.2150006245213583,-0.3203194511156022,5,1
-0.3929006204234804,-0.3552261274383397,-0.3154553369799662,0.48695555073052965,-0.8760814296502386,0.8886680250082402,0.2984322168369776,-0.24365449753453985,0.18070369338787143,-0.7970658145992735,0.2302535273744899,-0.323435493789326,-0.501092674071528,0.5337000867711581,3,0
-0.36217363286460347,-0.34150392278249464,-0.3713012526455158,0.14577208414343218,0.10310884650033668,0.48070866400503,-0.3817896944790046,-0.5809001892978564,-0.02689013305379115,0.738526903421301,-1.145579751260316,0.565748217832626,1.5172335119447864,-1.1327258251061416,4,1
-0.546535558217865,-0.577830780744271,-0.6505308309732637,-0.5138492845916255,1.6515957948314763,-0.8915182775512188,-1.0219985521881647,0.23855650650912733,-1.2833790825691176,-0.7970658145992735,0.016549000141098988,-1.1544911101586544,-1.0871066879817104,-0.7550993129026751,5,0
-0.4031429496097727,-0.36894833209418476,-0.3154553369799662,-0.646531743819939,-0.9899407640863515,0.8144935957349277,0.45848443126426797,-0.01110597575147742,1.065708953481275,-0.7970658145992735,-1.2444843258476705,0.03273119894038609,0.6174796849607807,-1.2385717565102226,3,1
0.09873118051855047,0.07778566392388264,0.24300381967552967,-0.03240150396316445,-1.1038000985224643,-0.3352100580013871,1.098693288973428,0.5113731705922878,0.15338871622449488,0.22666266408110952,-0.26956780491517635,-0.299127381229138,0.918230270104796,-1.4309247215740821,6,1
-1.0279250299736036,-1.0291388449809533,-1.041452240632111,1.229977322409095,0.5130024504703438,-0.1497739848181109,-0.46181580169264913,0.06943030884871797,-1.256064105405741,-0.7970658145992735,-0.6510568783235438,-1.4898726051919735,-0.9766982505783428,-0.33914034267032467,1,0
-0.15732704913875728,-0.14634367878825358,-0.14791758998331744,0.016880552321637262,-0.12460982237189103,0.2210981615484414,-0.10169831923124757,-0.055400932281584415,-0.33828087271628526,-0.7970658145992735,1.5654652843037753,-1.4461884608809112,-0.885773655069687,-1.5878805970166754,2,1
-0.7616244711300035,-0.7562194412702569,-0.7622226623043629,1.229977322409095,0.03479324583866816,0.18401094691178682,-0.18172442644489206,-0.4902968691226372,0.03320281670563769,-0.7970658145992735,0.31502887702079374,-0.16525661640491396,-0.1398922204849451,0.9322195152876648,1,0
-1.3351949055623729,-1.32950265800334,-1.3206818189598588,1.229977322409095,-1.1038000985224643,1.0741040981915164,0.6185366456915583,-1.1355938494816988,1.3170067433843407,-0.7970658145992735,-1.3204289099058175,-0.34492527445847776,-0.7693701893910234,-0.22880502428988794,7,1
0.8259365527453044,0.7532230708727014,0.8014629763310256,-1.1696797259201561,0.10310884650033668,-0.7802566336412519,0.1783930560165109,0.38654192946198546,0.027739821272961988,2.7859838607820673,-0.7587922184990548,1.5944393580608747,-0.043971768080209375,1.2756576189788833,2,0
-0.7718668003162958,-0.8034848128626121,-0.7622226623043629,0.6461745018045076,-0.14738168925911319,-1.2253032092811167,0.6185366456915583,1.6388811549950166,-0.9446733657432469,-0.7970658145992735,-0.737598381087479,-0.38402962944660635,-0.4806096607976001,1.1250904865411042,1,1
-0.34168897449201885,-0.32473233931423956,-0.42714716831106536,0.16851764858256948,1.0367553888764656,0.369447020095063,-1.102024659401809,0.22446265670409316,-0.19077999603405102,0.22666266408110952,0.3786103892555215,1.8068711243477351,1.7380503867515218,-1.525374516807414,3,1
-1.109863663463942,-1.1160461411346387,-1.0972981562976605,1.229977322409095,-0.35232849124411675,-0.5577333458213211,0.4984974848710902,-0.4248611378849789,-0.25087294579347985,0.738526903421301,0.9967639804264871,1.3337436581400168,1.343377691961203,1.5144584723750396,7,1
-0.9869557132284343,-0.960527821701728,-0.9856063249665613,0.3694368011283034,0.03479324583866816,1.4078890299214142,-0.7018941233335839,-2.0386069405613854,2.0217331541994583,-0.7970658145992735,1.337631532129334,-1.1132730062522485,-1.5796981779351973,1.7378918088136703,3,1
-0.0856307448347111,-0.08535610254005324,-0.03622575865221827,0.3694368011283034,-0.4661878256802296,-0.0014251262714893337,0.2984322168369776,-0.20942657657945737,0.15338871622449488,-0.7970658145992735,-1.1226197607311088,-0.1793482758600954,-0.577029698891944,-0.2731808878638664,3,0
-0.710412825198542,-0.6982812438344665,-0.7063767466388133,1.229977322409095,-0.05629422171022252,0.40653423473172084,-0.2217374800517143,-1.3147870827171328,1.0493199671832492,-0.285201575259082,-1.5606257339036784,0.6273992279490449,0.0529478557037425,1.3022486033772984,6,0
0.4572127020387813,0.43456298497585455,0.35469565100662886,-1.2303345644245265,0.6724055186809029,-0.2981228433647325,-0.5418419089062936,0.23452969227911766,-0.28365091838953166,-0.285201575259082,-0.06469404326994208,0.5040972077162069,0.5245567466936931,-1.4998195447881577,3,0
0.19091214319518127,0.17231640710859314,0.019620157013331318,0.039626116760778776,1.4466489928464727,-0.26103562872807795,-1.102024659401809,-0.22654053705699898,0.6286693188672489,0.22666266408110952,-0.3066570203854341,1.7367651185582074,0.3651889117087416,0.29092785258822534,5,1
0.14994282645001203,0.16621764948377313,-0.03622575865221827,0.005507770102068607,1.628823927944254,0.2581853761850993,-1.4621421418632108,-0.6815705450481001,0.8745041133376384,-0.7970658145992735,1.102733167484367,-1.2707473006639014,-1.275950078653534,-1.28398363246336,3,0
0.07824652214596585,0.018322777081887315,0.0754660726788809,-1.3326896044006569,-0.010750487935776163,-0.965692706824528,0.33844527044379985,1.1284824513412812,-1.174119173915611,1.2503911427614924,0.1860996994337066,1.6201566365665805,1.0171482366471798,0.2284217723789639,6,0
0.5903629814605813,0.704433009874141,0.745617060665476,-0.8777783156178603,-0.9216251634246829,1.4078890299214142,0.13838000240968726,-0.9624408375912799,0.7160772457900543,1.2503911427614924,1.0638777988964776,1.1332898023900604,1.1405459019803552,-0.21775422557885832,1,0
0.5084243479702428,0.42998891675723955,0.46638748233772803,-0.36600311573721617,0.2397400478236717,-1.0027799214611826,0.13838000240968726,0.7761362062154282,-0.5076337311292204,1.2503911427614924,0.8696009559570316,1.703649718838531,1.6566179193454182,0.9001031315337349,4,1
0.9898138197259814,1.0078462017089376,0.8014629763310256,-0.8512418237721959,0.9912116551020193,0.18401094691178682,-0.981985498581341,-0.28492934339214016,0.28450060660870247,0.22666266408110952,0.6241056726062767,1.3242317880077696,0.6664390825423646,0.19250667656811754,4,1
-0.7821091295025882,-0.7867132293943571,-0.7622226623043629,0.6385926469914619,-0.35232849124411675,-0.1868611994547655,0.2984322168369776,-0.1580846951468333,0.43200148329093724,-0.285201575259082,-1.5977149493739364,-0.08916165534693381,1.3758507617857227,1.1338965917639559,5,1
0.6927862733235044,0.6800379793748609,0.6339252293343768,0.1381902293303822,0.3080556484853402,-0.1497739848181109,-0.3017635872653588,0.242583320739137,0.44292747415628764,0.22666266408110952,1.3358653790117028,-0.3438683999993393,-0.7074215638796314,-1.475127916418201,2,0
0.3650317393621505,0.3690013405090392,0.41054156667217845,-0.49489464755900686,-0.35232849124411675,0.07274930300182311,0.1783930560165109,-0.01110597575147742,-0.125224050841947,-0.7970658145992735,-1.1155551482605834,-0.4812620796873588,-0.32923519684637653,1.0232159359237996,4,0
0.580120652274289,0.5626368950970753,0.5222333980032776,0.6537563566175534,0.3308275153725624,-0.22394841409142008,-0.3017635872653588,0.4992927279022581,-0.3655958498796618,-0.7970658145992735,1.0532808801906897,-0.14693745911317793,-0.49160054596897623,-0.9241419994354568,6,1
-1.1610753093954036,-1.1877065432262741,-1.15314407196321,1.229977322409095,-0.19292542303355753,-2.4862685069273986,1.378784664221185,2.3878686017768294,-1.3489350277612215,0.22666266408110952,-0.979561358202971,-0.028215228203273983,-0.023988340495889413,0.024500002414494862,3,0
-0.21878102425651114,-0.23325097494193905,-0.14791758998331744,0.5931015181131788,-0.7166783614396794,-0.2981228433647325,0.6985627529052028,0.2848648701542395,-0.44207778593711633,-0.7970658145992735,1.3906161256582739,-1.0949538489605124,-1.0611282321220947,-0.9911374666210742,3,0
0.03727720540079661,0.07473628511147262,-0.03622575865221827,-1.1393523066679687,0.6268617849064566,0.6290575225516516,-0.8619463377608743,-0.34935837107229617,0.4538534650216381,-0.285201575259082,0.6753241130175851,0.030617450022108788,1.2774323809329469,-0.3619326150118233,6,0
-1.304467918003496,-1.3035829380978547,-1.2648359032943093,1.229977322409095,-2.629515179966382,-0.07559955554479848,2.9793068084940844,0.7016401429602485,0.1643147070898453,1.2503911427614924,-0.05586327768178541,1.8614763047365637,0.5145650329015331,1.5367327385269587,6,0
-0.8538054338066343,-0.8736205255480425,-0.873914493635462,1.229977322409095,0.49023058358312155,-0.8915182775512188,-0.10169831923124757,0.3321799373568539,0.1643147070898453,-0.285201575259082,-1.7849271798428574,0.9247332424533743,0.6924175384019805,-0.8340089224486211,3,0
-0.13684239076617266,-0.1112758224455384,-0.03622575865221827,-0.5593404134699044,-0.9216251634246829,0.48070866400503,0.5385105384779124,-0.01110597575147742,-0.10883506454392133,-0.7970658145992735,-1.3310258286116057,-1.054088036540486,-0.54805372889468,-1.4361047834698775,2,1
0.10897350970484278,0.0884584897673177,0.1313119883444305,-0.024819649150118677,-0.21569728992078172,-0.3352100580013871,0.21840610962333312,0.002987874053556753,-0.2180949731974276,0.738526903421301,0.3574165518439459,-0.37029026147780464,1.0036594230277638,-0.735933083888233,5,0
2.0755007134729664,2.0354868614911132,2.197610867969765,-1.7534825465247434,-0.4661878256802296,-0.26103562872807795,0.45848443126426797,0.3925821508070003,-0.5076337311292204,0.22666266408110952,0.005069004876495135,0.8701280620645461,1.0296378788873797,-1.6291484234531766,0,1
0.5391513355291198,0.5702603421281003,0.745617060665476,0.44525534925876953,-1.2176594329585773,0.40653423473172084,0.8986280209393154,-0.21647350148197447,-0.3492068635816357,1.2503911427614924,1.4806899346574716,1.1854289423742315,1.4033279747141625,-0.7977484891780551,2,0
0.6313322982057505,0.6541182594693757,0.6339252293343768,-1.211379927391912,-0.05629422171022252,0.29527259082175383,-0.18172442644489206,-0.72687220513571,0.2899636020413777,0.738526903421301,1.3023084697767073,1.058956298763978,0.27576307326890975,1.5205018779201338,0,0
-0.8230784462477574,-0.8004354340502021,-0.8180685779699125,0.5968924455197018,-0.07906608859744468,0.8886680250082402,-0.4218027480858269,-0.47217620508759334,-0.7698575118976366,-0.7970658145992735,1.740314442949277,-0.8367241894443117,-0.24680355806105667,-0.6007334684079796,2,1
-0.43386993716864963,-0.4268865295299751,-0.3713012526455158,0.8433027269437187,-0.7394502283269017,0.18401094691178682,0.4984974848710902,0.5164066883797997,-1.0102293109353508,0.738526903421301,-1.1544105168484728,1.697308472083699,1.1375483878427077,0.6632016341660367,3,1
0.11921583889113509,0.15706951304654307,0.1871579040099801,0.48316462332400256,-0.5572752932291203,0.6290575225516516,0.13838000240968726,-0.4429818019200228,-0.125224050841947,2.2741196214418755,-1.428164250081329,0.9684173867644367,1.2359667686954832,1.3556032409039882,3,0
-0.9255017381106805,-0.946805617045883,-0.873914493635462,0.4717918411044339,-1.1038000985224643,-1.076954350734495,1.4988238250416517,1.5895526806773979,-0.8681914296857924,-0.7970658145992735,-0.6987430124995896,-0.5337535111579097,-0.2712832568518487,0.7293337577023549,1,1
2.5671325144149972,2.4944183727588207,2.5326863619630626,-2.162902706429261,0.05756511272589033,-0.4464717019113541,0.058353895196042775,0.6180837476875456,-0.37105884531233707,0.22666266408110952,1.229896191953823,1.1928270635882021,1.613153964349522,1.741345183410867,0,0
-1.1201059926502344,-1.1206202093532538,-1.15314407196321,1.229977322409095,1.628823927944254,-0.11268677018145634,-1.2620768738290995,-0.18627239475690094,-0.676986589542156,-0.7970658145992735,0.31326272390316257,-0.27763760055998626,-0.3417248390865765,1.2578727398033198,2,1
-0.13684239076617266,-0.17683746691235375,-0.2596094213144166,-0.5593404134699044,1.2872459246359136,-0.7802566336412519,-0.7819202305472298,0.4539910678146489,-0.07059409651519384,0.22666266408110952,1.1468869954251502,1.5574487519910227,0.09191553949316626,0.21270891796171862,3,0
0.04751953458708892,0.03204498173773239,0.019620157013331318,-0.33946662389155174,0.21696818093644954,-0.26103562872807795,-0.18172442644489206,0.1268124116263569,0.08783277103239082,1.2503911427614924,1.6784990838321807,1.7808015543556495,1.1265575026713313,-0.02868196638233534,1,0
2.3418012723165664,2.2870606135149396,2.309302699300864,-1.64733657914209,0.05756511272589033,-0.3352100580013871,-0.0216722120176017,0.4992927279022581,-0.04327911935181728,-0.7970658145992735,0.4527888201960375,-0.7254000797483781,-0.47511421821191213,-0.4729586083116993,0,1
0.03727720540079661,0.010699330050862274,0.019620157013331318,0.17609950339561525,0.12588071338755885,-0.4464717019113541,-0.0216722120176017,0.32311960533933165,-0.8135614753590392,-0.7970658145992735,1.648474480832448,-0.7243432052892393,-0.4521332764899442,0.4503010902488562,3,0
-0.9357440672969728,-0.8980155560473226,-0.9297604093010117,0.45662813147834236,-0.10183795548466684,1.8158483909246244,-0.7419071769404062,-2.2067264346642923,1.9507142135746793,-0.285201575259082,0.16313970890449941,0.7316775079173877,-0.08044152342159315,0.17489446612241402,1,1
-0.5977472041493266,-0.5564851290574008,-0.6505308309732637,0.30499103521741017,0.8545804537786843,1.222452956738138,-1.2620768738290995,-0.932239730866207,1.1312648986733795,-0.7970658145992735,0.9791024492501736,-0.9107054015840146,-0.1299005066927851,0.6853032315880961,5,0
0.6620592857646275,0.7334021085920361,0.6897711449999263,-0.2484843661349941,-0.21569728992078172,0.8515808103715856,-0.3017635872653588,-0.8647905925135436,0.6559842960306249,1.762255382101684,-1.0872966983784822,1.2495459928953074,0.9417107975163721,-0.8340089224486211,4,0
-1.0279250299736036,-1.0443857390430034,-0.9856063249665613,1.229977322409095,-1.1038000985224643,-1.076954350734495,1.4988238250416517,2.6969265939300784,-0.040547621635479675,-0.7970658145992735,0.7848256063107277,-0.9642537075137043,-0.26828574271420075,-0.9061844515300337,1,0
0.7030286025097967,0.7623712073099314,0.8014629763310256,-0.03998335877621022,-0.6028190270035666,0.703231951824964,0.13838000240968726,-0.7470062762857583,0.44839046958896284,1.2503911427614924,-0.0947186462696748,1.1276531386079878,0.9417107975163721,-0.14782338998562378,4,0
-0.7718668003162958,-0.7943366764253821,-0.7063767466388133,0.06237168119991608,-1.1038000985224643,-0.854431062914561,1.4187977178280073,1.2885483169841683,-0.6988385712728573,-0.7970658145992735,1.284646938600394,-1.4278693035891752,-0.6774464225031515,0.5865367181082686,3,0
-1.273740930444619,-1.2639410135365245,-1.2648359032943093,1.229977322409095,-0.35232849124411675,1.296627386011447,-0.2617505336585365,0.6402312259525992,-1.616621803962313,-0.7970658145992735,-0.47090926032514807,-1.0294276324939184,-1.4707884976006533,1.5469201935886892,7,1
0.32406242261698126,0.32326065832288897,0.2988497353410793,0.12681744711081355,0.148652580274781,-0.0014251262714893337,-0.2217374800517143,-0.508417533157681,0.11514774819576738,-0.285201575259082,0.989699367955962,-1.3605816296906834,-1.1090884583244625,0.8016819555136271,0,1
-0.4953239122864035,-0.4680531434975103,-0.48299308397661495,-0.005865012117500046,-0.17015355614633537,0.703231951824964,-0.2617505336585365,-0.9181458810611729,0.6013543417038718,-0.285201575259082,0.2408504460802782,1.7230257505894053,1.280929480760203,1.0544689760284303,3,0
-0.13684239076617266,-0.13872023175722853,-0.14791758998331744,0.6348017195849348,0.0803369796131125,-0.038512340908143906,-0.1417113728380698,-0.09566907458168175,0.8471891361742624,-0.7970658145992735,-0.31018932662069687,1.4926271184971884,0.1014076675957183,-0.18581051055478817,1,0
1.5019302790405968,1.4820246070386953,1.4716139643176205,-1.1469341614810145,0.0803369796131125,-0.1497739848181109,-0.10169831923124757,0.363387747639429,-0.2727249275241812,-0.7970658145992735,-1.4793826904926375,-0.9987782731788989,-1.34189538968179,0.5963788357102794,4,0
0.14994282645001203,0.1967114376078733,0.1313119883444305,0.2519180515260814,0.12588071338755885,0.7403191664616185,-0.5018288552994714,-0.5587527110328029,0.5904283508385214,2.2741196214418755,1.3340992258940712,2.0062681056385534,0.6114846566854848,-0.33326960585509013,2,1
-0.44411226635494194,-0.47110252230992034,-0.42714716831106536,0.4490462766652966,-0.21569728992078172,-0.6689949897312848,0.41847137765744574,1.3096890916917203,0.18616668882054666,-0.7970658145992735,-0.3313831640322729,-1.3049195748427165,-1.5377329800081252,-0.25263330901054565,5,0
-1.304467918003496,-1.2974841804730348,-1.3206818189598588,1.229977322409095,2.311979934560933,1.0741040981915164,-2.1023509995723706,-0.01110597575147742,2.3167349075639265,-0.7970658145992735,0.3927396141965725,-1.4282215950755546,-0.853800170934775,-0.2835410116554567,7,0
0.2318814599403505,0.2516002562312536,0.24300381967552967,0.06616260860644317,-0.12460982237189103,0.29527259082175383,-0.1417113728380698,-0.2547282366670666,1.4645076200665745,0.22666266408110952,-1.4105027189050157,0.05809618595971248,0.6939162954708049,-0.4489576548611818,2,1
-0.6182318625219112,-0.6433924252110863,-0.5946849153077142,0.2822454707782686,-0.35232849124411675,-0.7802566336412519,0.5785235920847347,-0.01110597575147742,0.5685763691078205,-0.7970658145992735,0.34858578625578923,-0.37874525715091334,-0.2602923716804728,0.04556558745739513,3,1
-1.2122869553268651,-1.2303978466000145,-1.15314407196321,1.229977322409095,-2.4701121117558227,-2.115396360560846,3.9396200950578235,2.332499906114196,-0.20716898233207717,-0.7970658145992735,1.2263638857185601,-0.15891536965008232,-0.48110924648720804,-0.5109457288808638,7,0
2.751494439768259,2.7963068751874123,2.8119159402908105,-3.2205714528492595,-0.23846915680800387,0.29527259082175383,-0.0216722120176017,-0.193319319659418,0.44839046958896284,1.762255382101684,-1.5270688246686832,1.7607209396320163,0.9801788956161877,-1.0154837575313114,0,1
-0.10611540320729572,-0.1280474059137935,-0.14791758998331744,0.35427309150221187,0.3763712491470087,-0.4093844872746995,-0.2617505336585365,0.04224931279615185,-0.2235579686301033,-0.7970658145992735,-1.1756043542600485,-0.2786944750191249,-1.5422292512145972,0.10841700512637627,2,1
-1.0586520175324805,-1.0459104284492085,-1.041452240632111,-1.844464804281301,-0.4434159587930074,0.7774063810982732,0.018340841589220537,-1.5563959365177176,1.7321943962676658,-0.7970658145992735,-1.4917457623160566,-1.3877080741419079,-0.8443080428322233,-0.350536478841074,2,1
-0.2597503410016804,-0.2637447630660392,-0.2596094213144166,0.2405452693065127,-0.010750487935776163,-0.07559955554479848,-0.061685265624423946,-0.4067404738499351,0.27903761117602727,-0.285201575259082,1.6608375526558674,1.2777293118056703,0.167852564313582,-0.9997709031140661,5,0
0.18066981400888896,0.19061267998305326,0.0754660726788809,-0.44940351868072803,0.8318085868914601,0.14692373227513225,-0.8619463377608743,0.13587274364387844,-0.10337206911124563,0.738526903421301,1.574296049891932,-0.016589609152749065,0.5810099296193969,0.7669755408117996,5,0
-1.304467918003496,-1.2776632181923697,-1.3206818189598588,1.229977322409095,2.311979934560933,4.782825561857052,-3.2227165005634,-4.10637604767139,2.3167349075639265,0.738526903421301,-1.5323672840215774,1.6293162152124487,1.5067422124630185,-0.15352145807099843,7,0
-1.2327716136994498,-1.2425953618496546,-1.2089899876287595,1.229977322409095,-1.1038000985224643,-1.3365648531910836,1.6988890930757643,0.993584174635955,-0.8681914296857924,-0.7970658145992735,1.1327577704840996,-1.4863496903281783,-0.5095856307948642,-0.07064046773827606,7,0
0.03727720540079661,0.044242496987372454,-0.03622575865221827,0.17609950339561525,0.6268617849064566,0.10983651763847768,-0.6618810697267618,-0.46814939085758367,0.3008895929067291,-0.7970658145992735,-0.017007909093896018,-1.3003397855197827,-0.9607115085108868,1.4838961071898482,6,1
-0.6592011792670804,-0.6388183569924712,-0.7063767466388133,1.229977322409095,0.8318085868914601,0.6290575225516516,-1.0219985521881647,-0.01110597575147742,0.29542659747405386,-0.7970658145992735,0.5834841509007562,-0.8342581490396549,-1.0896046164297504,-1.6624734883161254,1,0
-0.710412825198542,-0.7089540696779016,-0.7622226623043629,0.16093579376952372,0.9912116551020193,0.03566208836516524,-0.9019593913676965,0.678485961137692,-0.3929108270430384,-0.285201575259082,0.3945057673142036,-0.11593580831177856,0.11189896707748623,-0.21481885717124102,6,1
-0.3724159620508958,-0.3201582710956245,-0.2596094213144166,0.866048291382856,-1.2176594329585773,1.222452956738138,0.4984974848710902,-0.4268745449999834,-0.11976105540927176,-0.7970658145992735,-1.3716473503171263,-0.16032453559560042,1.4213130595400507,-1.4721925480105837,4,1
-1.109863663463942,-1.0840276636043336,-1.0972981562976605,0.047207971573824545,-0.35232849124411675,1.8900228201979334,-0.5418419089062936,-1.2231770589844113,0.43200148329093724,-0.7970658145992735,-0.15830015850440254,-0.11593580831177856,-1.0776145598791587,-1.1620795091823142,5,0
-0.4236276079823573,-0.408590256655515,-0.3713012526455158,-0.3015573498263187,-0.6255908938907888,0.369447020095063,0.2984322168369776,-0.01110597575147742,-0.5786526717539996,-0.7970658145992735,-1.4528903937281674,1.4383742295947395,1.5217297831512584,0.2541494131280798,6,1
0.446970372852489,0.39187168160211433,0.2988497353410793,-1.450208354002879,1.0367553888764656,-0.7060822043679427,-0.6218680161199395,0.787209945347955,-0.5950416580520258,-0.285201575259082,-0.47267541344277947,-1.1308875805712253,-0.17236529030946504,0.7752636398450719,3,0
-0.3109619869331419,-0.3308310969390596,-0.3154553369799662,0.19505414042823388,0.03479324583866816,-0.4464717019113541,0.058353895196042775,0.43889051445211175,-0.5622636854559739,-0.285201575259082,-1.3822442690229142,0.9183919956985424,-0.09842660824748106,0.9289388094203278,1,0
-1.243013942885742,-1.2288731571938094,-1.2648359032943093,-0.7640504934221611,1.9248581974781482,1.6674995323780026,-2.1023509995723706,-2.1231700393915895,1.835991309488497,-0.7970658145992735,0.5428626291952352,-1.0223818027663278,-1.0181638628158067,-0.5057656669850685,7,0
0.6108476398331659,0.5870319255963554,0.6339252293343768,0.2822454707782686,-0.17015355614633537,-0.2981228433647325,0.1783930560165109,-0.02721323267151607,0.3118155837720795,1.762255382101684,0.5534595479010235,1.3006282584203406,0.4256387801513092,1.714926867742312,0,0
0.42648571447990435,0.42693953794482953,0.24300381967552967,-0.22952972910237548,1.3327896584103598,-0.0014251262714893337,-1.1420377130086314,-0.6453292169780124,0.4210754924255858,-0.7970658145992735,0.6064441414299634,-0.7148313351569918,-0.2582940289220408,0.35516062009608523,3,0
0.7747249068138429,0.7471243132478813,0.9131548076621248,-0.6996047275112637,-0.784993962101348,-0.2981228433647325,0.7785888601188473,-0.01110597575147742,-0.8955064068491689,1.762255382101684,0.6046779883123318,0.12009948756251121,0.7738500058080842,0.26295551835093156,2,1
-1.0996213342776497,-1.0931758000415637,-1.041452240632111,1.229977322409095,-1.7641842382519213,0.40653423473172084,1.4988238250416517,-0.15103777024431622,2.180160021747043,-0.7970658145992735,-1.50940729349237,-0.5640505789865501,-0.3776950087383523,0.9113265989746243,6,1
-0.13684239076617266,-0.13719554235102352,-0.20376350564886703,0.03583518935425589,0.6496336517936787,-0.0014251262714893337,-0.6218680161199395,-0.25573494022456955,0.9018190905010155,1.2503911427614924,1.0356193490143764,1.8364636092036164,1.4063254888518106,1.1699843563046621,2,0
0.6210899690194582,0.6434454336259408,0.6339252293343768,-0.08926541506101614,-0.12460982237189103,0.29527259082175383,-0.1417113728380698,-0.46412257662757406,0.4101495015602354,0.22666266408110952,1.4224068817756377,0.18703486997462346,1.5412136250459705,0.28574779069243017,5,0
-0.7923514586888805,-0.7699416459261019,-0.8180685779699125,0.6272198647718891,0.5585461842447901,0.8515808103715856,-0.9019593913676965,-0.7097582446581684,0.5740393645404958,-0.7970658145992735,-0.3119554797383285,-1.365513710499997,-0.919745481963031,1.5443301626407917,5,1
2.8334330732585973,2.899985754809353,2.7002241089597114,-2.0415930294205165,0.35359938225978454,0.40653423473172084,-0.5818549625131172,-0.8265358573284507,1.120338907808029,0.22666266408110952,0.754801003310995,1.0018850779704929,0.46310770687190944,0.4219834185518426,0,1
-0.7206551543848343,-0.7165775167089267,-0.7622226623043629,0.6878747032762635,0.7862648531170158,0.10983651763847768,-0.7819202305472298,-1.0993525214116113,0.2517226340126512,-0.7970658145992735,-0.7058076249701148,-0.6281676295076256,-0.8273221293855513,-0.9262140241937749,1,0
-1.3147102471897882,-1.33560141562816,-1.3206818189598588,1.229977322409095,1.1733865901998006,-4.488978097306788,1.3387716106143628,2.1694139297988007,-2.834869785448912,-0.285201575259082,-1.1349828325545281,1.5158783565982377,1.5222293688408663,-1.6572934264203303,7,1
0.40600105610731974,0.4864024247868248,0.35469565100662886,-1.086279322976644,0.3080556484853402,1.111191312828171,-0.8219332841540521,-0.06345456074160374,0.12061074362844261,0.738526903421301,1.2917115510709194,1.0881964921334795,1.325392607135315,1.0487709079430556,2,1
-0.05490375727583417,-0.044189488572518025,-0.14791758998331744,-0.4531944460872509,0.8773523206659064,0.18401094691178682,-0.9019593913676965,-0.12083666351924267,0.04959180300366334,-0.7970658145992735,0.4845795763134014,-0.9233878950936779,-1.4233278570878938,-0.22949569920932733,3,1
-0.8538054338066343,-0.8431267374239424,-0.8180685779699125,0.5665650262675187,-0.6939064945524572,0.40653423473172084,0.37845832405062346,0.2355363958366199,0.43746447872361244,-0.7970658145992735,1.3093730822472327,-1.1330013294895025,-0.7578797185300393,0.9158159859509801,1,1
-0.4031429496097727,-0.402491499030695,-0.3713012526455158,0.10407188267167623,-0.3751003581313389,-0.0014251262714893337,0.25841916323015535,-0.01110597575147742,-0.38744783161036317,-0.7970658145992735,0.09955819666977167,-1.2570079326950996,-1.0021771207483507,0.579802637643735,2,0
-1.2634986012583267,-1.2578422559117046,-1.2648359032943093,1.229977322409095,0.4219149829214531,0.6290575225516516,-0.6218680161199395,-1.053044157766499,-0.040547621635479675,-0.7970658145992735,0.6011456820770691,-1.115034463684146,-0.9791961790263829,-0.9566037206491065,7,1
-1.2942255888172036,-1.2944348016606249,-1.2648359032943093,1.229977322409095,-1.855271705800812,-0.26103562872807795,2.059006575537166,-1.3449881894422062,-0.0050381513230897965,1.2503911427614924,1.6696683182440242,1.3732003046145251,1.393835846611611,0.5577010402216755,7,0
-0.8845324213655112,-0.8690464573294275,-0.8180685779699125,1.229977322409095,-1.308746900507468,0.6661447371883061,0.8586149673324931,-0.01110597575147742,-0.6442086169461037,-0.7970658145992735,1.0197239709556947,-0.4622383394228638,-0.8802782124839991,0.5140158515671365,1,1
-0.10611540320729572,-0.08688079194625825,-0.14791758998331744,-0.22952972910237548,0.3763712491470087,0.369447020095063,-0.5818549625131172,0.23855650650912733,-0.2235579686301033,-0.7970658145992735,-1.530601130903946,-1.1890156758238488,-0.4691191899366163,1.6821198090689427,2,1
-0.44411226635494194,-0.4329852871547951,-0.48299308397661495,0.0585807537933932,0.5130024504703438,0.2581853761850993,-0.6218680161199395,-0.30305000742718397,0.7051512549247039,-0.285201575259082,-0.9972228893792843,0.3600099897869761,0.535547631865069,1.316407439225805,4,0
-1.304467918003496,-1.306632316910265,-1.3206818189598588,1.229977322409095,2.311979934560933,-0.6319077750946303,-1.4621421418632108,1.7898866886203824,-2.7256098767954056,0.738526903421301,1.1133300861901552,-0.15539245478628688,0.44412345066680536,-0.022983898296960667,7,1
1.0717524532163198,1.073407846175753,0.9690007233276743,-0.6275771067873247,0.49023058358312155,0.03566208836516524,-0.5418419089062936,-0.14701095601430583,0.13153673449379352,-0.7970658145992735,-1.7372410456668117,-0.9258539354983346,-0.5865218269944957,-1.0275705686215,0,1
0.17042748482259665,0.15097075542172303,0.1871579040099801,0.5059101877631441,-0.17015355614633537,-0.2981228433647325,0.1783930560165109,0.6281507832625701,-0.1798540051687006,0.22666266408110952,0.1737366276102872,0.6319790172719788,1.633137391933842,0.0246726711443547,6,0
-0.9869557132284343,-0.9788240945761881,-0.9297604093010117,1.229977322409095,-1.3542906342819143,0.40653423473172084,1.0586802353666043,0.15298670412142004,-0.5950416580520258,-0.285201575259082,1.1309916173664685,0.8401832857222852,0.5765136584129248,-0.864225950174093,2,0
-0.7616244711300035,-0.7851885399881521,-0.7063767466388133,0.6537563566175534,-0.9216251634246829,-0.8915182775512188,1.2187324497938947,0.8435853445680918,-0.38744783161036317,1.2503911427614924,-0.5874753660888158,0.14440760012269918,1.682596375205034,-0.7057160561627613,3,0
1.0615101240300275,1.0520621944888828,0.9690007233276743,-1.567727103605101,0.4219149829214531,-0.07559955554479848,-0.4218027480858269,0.17815429305898098,-0.48578174939851904,-0.7970658145992735,0.3980380735494664,-0.7986767089153217,-0.6644571945733436,0.8655693855617672,0,0
0.14994282645001203,0.13267448254726294,0.1871579040099801,0.005507770102068607,-0.32955662435689453,-0.26103562872807795,0.2984322168369776,0.34023356581687325,-0.5786526717539996,1.2503911427614924,0.4545549733136691,0.14088468525890402,1.6206477496936424,0.3580959885037025,2,1
-1.2942255888172036,-1.2822372864109848,-1.3206818189598588,1.229977322409095,3.450573278922066,1.852935605561279,-2.9826381789224654,-2.7996748300332275,5.190270505151152,-0.7970658145992735,1.7367821367140146,-1.150968195294859,-0.13789387772651304,0.0246726711443547,7,0
-0.14708471995246497,-0.15701650463168865,-0.03622575865221827,0.6272198647718891,-1.0127126309735737,-0.1868611994547655,0.9386410745461377,1.1184154157662567,-0.44207778593711633,-0.7970658145992735,-0.6598876439117004,-1.351069759558436,-0.2398093584065449,-1.259292004093403,3,1
-1.1918022969542805,-1.1953299902572994,-1.2089899876287595,1.229977322409095,1.1733865901998006,-0.48355891654800864,-0.7819202305472298,1.8140475740004403,-1.015692306368026,-0.7970658145992735,1.2599207949535551,-0.5791991129008701,-1.5157512096653731,0.4178393690352065,7,1
1.440476303922843,1.421037030790495,1.415768048652071,-1.738318836898652,0.05756511272589033,-0.1497739848181109,-0.10169831923124757,-0.039293675361545766,0.169777702522521,2.2741196214418755,0.3185611832560565,-0.2691826048868773,0.204821905344574,-0.8029285510738503,4,1
1.5531419249720584,1.5567343879427407,1.415768048652071,-1.3668079510593671,0.5585461842447901,0.03566208836516524,-0.5818549625131172,0.12580570806885394,-0.20170598689940195,-0.7970658145992735,1.0055947460146437,-0.6274630465348666,-0.3062542551244086,1.3545672285248294,4,0
0.16018515563630434,0.17689047532720817,0.0754660726788809,0.25949990633913134,0.6724055186809029,0.2581853761850993,-0.7819202305472298,-0.32016396790472557,-0.9228213840125455,-0.7970658145992735,1.0356193490143764,-0.9230356036072984,-0.7348987768080714,0.7678388844610988,1,1
-0.1675693783250496,-0.16006588344409864,-0.20376350564886703,0.3125728900304559,0.35359938225978454,0.14692373227513225,-0.46181580169264913,-0.335264521267262,0.9619120402604439,-0.7970658145992735,1.092136248778579,-0.24029470300375522,-0.2707836711622407,1.2981045538606621,4,1
-1.1303483218365267,-1.123669588165664,-1.15314407196321,-0.03240150396316445,1.1733865901998006,0.44362144936837544,-1.1820507666154536,-1.2372709087894456,1.5355265606913542,0.22666266408110952,-0.6793153282056449,0.07359701136041254,0.5820091009986128,1.5370780759866784,1,0
-1.2839832596309113,-1.2852866652233947,-1.2648359032943093,1.229977322409095,-1.1038000985224643,-0.4093844872746995,1.258745503400717,-0.01110597575147742,-0.1416130371399731,-0.7970658145992735,-1.006053654967441,0.18738716146100268,0.892751399934788,-1.6507320146856566,7,1
-0.3109619869331419,-0.2957632405963444,-0.3154553369799662,-0.8360781141461043,0.03479324583866816,0.33235980545840843,-0.2617505336585365,-0.257748347339574,0.03320281670563769,-0.285201575259082,-0.1053155649754626,-0.26812573042773863,0.6069883854790127,-0.0014003070644808835,3,1
0.20115447238147358,0.19213736938925827,0.1871579040099801,0.047207971573824545,0.0803369796131125,-0.1497739848181109,-0.10169831923124757,0.3019788306317804,-0.4803187539658438,1.2503911427614924,0.433361135902093,-0.1712455716733659,0.9527016826877479,1.7549860130697943,1,0
-1.2327716136994498,-1.2319225360062194,-1.2648359032943093,1.229977322409095,2.699101671643718,-0.038512340908143906,-1.9422987851450817,0.3976156685945122,-1.5947698222316118,0.22666266408110952,0.12251818719897888,1.1308237619854034,0.39216653894757364,1.2293823993764466,7,1
0.33430475180327357,0.330884105353914,0.41054156667217845,0.35427309150221187,-0.5572752932291203,-0.038512340908143906,0.41847137765744574,-0.04332048959155543,-0.600504653484701,-0.7970658145992735,0.3044319583150059,-1.4461884608809112,-1.278947592791182,0.5117711580789586,6,0
-0.44411226635494194,-0.43146059774859014,-0.42714716831106536,0.0585807537933932,-0.21569728992078172,0.29527259082175383,-0.0216722120176017,-0.09566907458168175,-0.267261932091506,-0.7970658145992735,0.7565671564286262,-1.2098008735202417,-0.9756990791991268,-0.46656986530688527,1,0
-0.09587307402100341,-0.13872023175722853,-0.03622575865221827,0.6499654292110305,-0.5572752932291203,-0.7802566336412519,0.7785888601188473,0.4590245856021608,-0.040547621635479675,-0.7970658145992735,0.1790350869631816,-0.5034564433292694,-0.3567124097748165,0.3584413259634221,2,0
-1.0688943467187728,-1.0870770424167437,-1.0972981562976605,1.229977322409095,1.1733865901998006,-1.2994776385544258,-0.46181580169264913,2.8791399378380196,-2.2284772924219505,0.22666266408110952,1.5760622030095637,0.5823059176924642,0.20582107672378988,0.0246726711443547,7,1
2.9460986943078127,2.9868930509630385,2.9236077716219095,-2.932460969953491,0.012021378951446001,0.2581853761850993,-0.2217374800517143,-0.38559969914238384,0.4757054467523399,-0.7970658145992735,1.1963392827188273,-1.1192619615207007,-0.8148324871453513,-1.063658333162206,0,1
-1.0893790050913574,-1.0764042165733085,-1.0972981562976605,0.11544466489124489,0.4219149829214531,0.8515808103715856,-0.7819202305472298,-0.30204330386968176,0.3063525883394043,-0.7970658145992735,-1.1685397417895234,-0.8944999932105558,-0.42015979235503226,-0.6104029172801305,3,1
-0.7821091295025882,-0.782139161175742,-0.873914493635462,0.6385926469914619,2.0842612656887076,-0.038512340908143906,-1.622194356290501,0.3976156685945122,-0.3601328544469866,0.22666266408110952,-1.647167236667614,0.6605146276687214,0.36768684015678166,1.6493127503955733,5,1
0.09873118051855047,0.08540911095490768,0.0754660726788809,-1.0445791215048883,0.17142444716200317,-0.22394841409142008,-0.1417113728380698,-0.11378973861672559,1.0001530082891714,-0.7970658145992735,-1.6489333897852452,-0.1402439208719668,-1.545726351041853,-1.4252266534887077,2,0
0.18066981400888896,0.15859420245274808,0.1313119883444305,0.03204426194773301,0.35359938225978454,-0.3352100580013871,-0.2617505336585365,-0.2205003157119841,0.683299273194002,-0.285201575259082,1.3411638383645967,-0.2970136323108607,-1.5672085356949972,0.5855007057291095,6,1
-1.109863663463942,-1.0977498682601787,-1.0972981562976605,1.229977322409095,-0.35232849124411675,0.8515808103715856,-0.1417113728380698,-0.4248611378849789,-0.25087294579347985,-0.285201575259082,1.3976807381287988,0.045413692450049406,1.5067422124630185,-1.2162974903583033,7,1
-0.843563104620342,-0.8202563963308672,-0.873914493635462,1.229977322409095,0.7179492524553472,0.9628424542815494,-1.0620116057949869,-1.4818998732625377,1.2678397844902627,0.22666266408110952,0.6099764476652257,1.29323013720637,0.16585422155514995,-0.7380051086465511,1,1
0.4879396895976582,0.42998891675723955,0.6897711449999263,0.6234289373653661,-1.2176594329585773,-0.7431694190045973,1.4588107714348295,0.8264713840905501,0.07144378473436469,-0.7970658145992735,0.8696009559570316,-1.3010443684925417,-1.4273245426047576,-0.06287037489458333,3,1
-0.6182318625219112,-0.608324568868371,-0.7063767466388133,0.7561113965936839,1.5149645935081413,0.29527259082175383,-1.3821160346495662,-0.08258192833415053,0.4757054467523399,1.2503911427614924,-0.42145697303147067,0.32055334331246776,1.7200653019256336,1.1616962572713898,4,0
-0.843563104620342,-0.8217810857370722,-0.8180685779699125,0.5779378084870873,-0.48895969256745375,0.8886680250082402,-0.0216722120176017,-0.10573611015670627,-0.7316165438689091,-0.7970658145992735,1.3835515131877483,-0.8881587464557241,-0.8752823555879191,-1.5490301327982117,1,0
-0.9459863964832651,-0.9833981627948031,-0.9297604093010117,1.229977322409095,-0.35232849124411675,-1.9299602873775668,1.1787193961870726,2.0596832420310363,-0.7043015667055326,-0.7970658145992735,-1.081998239025588,-0.5570047492589593,-0.3632070237397206,-0.6811970965226642,5,1
-0.843563104620342,-0.8248304645494823,-0.873914493635462,-0.07789263284144327,0.7179492524553472,0.7403191664616185,-0.981985498581341,-1.6288785926578935,0.13699972992646875,-0.7970658145992735,1.0038285928970125,-0.1740639035644024,-1.1270735431503505,-0.9248326743548962,6,0
0.2728507766855197,0.2912421807925838,0.24300381967552967,0.5476103892349,0.19419631404922735,0.2581853761850993,-0.3817896944790046,-1.0248564581564314,0.7324662320880799,-0.7970658145992735,-1.0625705547316437,-1.2601785560725154,-1.2125026960733183,0.3715641494327699,2,0
-0.1778117075113419,-0.1890349821619938,-0.2596094213144166,0.30499103521741017,0.8545804537786843,-0.22394841409142008,-0.7018941233335839,-0.6896241735081193,1.3989516748744708,-0.7970658145992735,-0.9071490803800866,1.0698773348417436,1.3658590479935628,-1.1603528218837156,3,1
-1.1815599677679882,-1.180083096195249,-1.15314407196321,1.229977322409095,-1.1038000985224643,0.03566208836516524,0.9786541281529598,-1.9872650591287606,3.065165281840447,-0.7970658145992735,-0.6722507157351196,-1.0660659470773906,-1.1535515846995743,0.7362405068967484,2,1
-1.0791366759050651,-1.0794535953857187,-1.041452240632111,1.229977322409095,-1.1038000985224643,-0.07559955554479848,1.018667181759782,-0.5275449007502271,0.6942252640593525,-0.7970658145992735,1.7049913805966503,-0.36782422107314783,-1.3284065760623738,1.5809359333710773,2,1
0.6518169565783352,0.6754639111562459,0.8014629763310256,-0.9990879926266052,-0.8760814296502386,0.29527259082175383,0.5785235920847347,0.17312077527146907,-0.3546698590143109,-0.285201575259082,1.33233307277644,1.1477337533316212,0.9057406278645963,-1.3932829384646377,5,0
0.11921583889113509,0.147921376609313,0.1313119883444305,-0.5176402119981484,-0.12460982237189103,0.48070866400503,-0.18172442644489206,-0.5184845687327055,-0.08698308281321998,1.2503911427614924,-0.07705711509336148,1.69695618059732,0.6209767847880368,-0.8307282165812844,0,1
0.7542402484412583,0.7288280403734212,0.6897711449999263,-0.18782952763061955,0.3308275153725624,-0.26103562872807795,-0.2617505336585365,-0.18123887696938903,-0.15800202343799924,-0.285201575259082,0.7159456347231056,-0.5746193235779361,-1.35188710347395,1.7043940752208617,2,1
-0.4953239122864035,-0.4848247269657654,-0.48299308397661495,0.40734607519353644,-0.17015355614633537,0.2581853761850993,-0.061685265624423946,0.007014688283566415,0.836263145308911,1.2503911427614924,-1.6100780211973558,-0.33224278094881443,1.3223950929976667,-0.44412293042510625,4,0
-1.2225292845131575,-1.2395459830372446,-1.2089899876287595,1.229977322409095,-0.5345034263418981,-2.115396360560846,1.4988238250416517,2.4482708152269765,-0.9173583885798703,-0.7970658145992735,-0.031137134034947063,-1.1231371678708755,-1.4612963694981014,1.331256949993751,3,0
-0.3109619869331419,-0.2835657253467043,-0.3154553369799662,0.19505414042823388,0.03479324583866816,0.591970307914997,-0.3817896944790046,-0.5668063394928222,0.43200148329093724,-0.7970658145992735,-0.009943296623370988,-0.9934939008832059,-1.1730354265942862,0.6854759003179559,1,1
0.43672804366619666,0.3857729239772943,0.5222333980032776,-0.8398690415526272,-0.5800471601163424,-0.6689949897312848,0.738575806512025,0.7821764275604431,0.09875876189774126,-0.285201575259082,-1.1402812919074221,-0.7352642413670051,-1.1770321121111502,-1.2800122516765837,6,1
-0.11635773239358803,-0.16159057285030365,-0.20376350564886703,-1.416090007344169,0.8545804537786843,-0.854431062914561,-0.46181580169264913,1.0932478268286958,-0.15253902800532404,-0.7970658145992735,0.6523641224883778,-1.278850004850631,-1.4258257855359333,0.02898938939085066,5,0
0.6313322982057505,0.6480195018445557,0.46638748233772803,-1.5866817406377196,1.0367553888764656,0.2210981615484414,-1.0219985521881647,0.2355363958366199,0.07144378473436469,2.2741196214418755,-0.4373523510901528,1.56731291360965,0.7513686497757245,0.9890275274115516,5,0
-1.243013942885742,-1.2303978466000145,-1.2089899876287595,1.229977322409095,-1.6730967707030306,1.4820634591947266,0.9786541281529598,-0.6171415173679441,1.4918225972299515,-0.285201575259082,0.11368742161082222,0.15215801282304897,0.11339772414631033,1.2053814459259289,1,1
0.9693291613533968,0.9834511712096575,0.9690007233276743,-1.5108631925072535,-0.03352235482300035,0.14692373227513225,-0.1417113728380698,0.21238221401406346,-0.44207778593711633,-0.7970658145992735,1.0108932053675381,1.8840229598648541,0.8048243185637806,1.2126335325800421,4,0
0.6006053106468736,0.6678404641252208,0.5780793136688271,-1.055951903724457,0.10310884650033668,0.8144935957349277,-0.5418419089062936,-0.6715035094730756,0.13699972992646875,-0.7970658145992735,1.0744747176022658,1.3393803219220894,0.1473695510396541,-1.0494994973136995,6,0
-0.6387165208944958,-0.6891331073972365,-0.7063767466388133,0.25949990633913134,1.1733865901998006,-1.596175355647669,-0.3417766408721824,0.9674098821408912,-0.3109658955529087,-0.7970658145992735,-1.6065457149620932,-1.4694396989819605,-0.898762882999495,-1.061758977133748,1,0
-0.15732704913875728,-0.1509177470068686,-0.14791758998331744,-0.2863936402002272,-0.12460982237189103,0.10983651763847768,-0.061685265624423946,-0.7369392407107345,-0.040547621635479675,1.762255382101684,0.728308706546525,0.9726448846009913,1.0196461650952195,0.37519019275982646,4,0
-1.0381673591598959,-1.0413363602305934,-1.041452240632111,1.229977322409095,0.19419631404922735,-0.26103562872807795,-0.1417113728380698,-0.01110597575147742,0.43200148329093724,-0.285201575259082,-0.4073277480904201,1.6994222210019763,0.23379787534183777,0.8082433672483009,7,0
-0.36217363286460347,-0.37962115793761986,-0.42714716831106536,0.14577208414343218,0.7862648531170158,-0.4093844872746995,-0.5818549625131172,0.2798313523667269,-0.5841156671866753,-0.7970658145992735,0.5516933947833919,-0.7909262962149719,-0.572033841995864,1.1894959227788238,2,0
-1.3249525763760805,-1.334076726221955,-1.3206818189598588,1.229977322409095,0.03479324583866816,-2.300832433744122,1.1387063425802502,4.155640048751109,-2.944129694102419,-0.7970658145992735,-0.013475602858633747,-0.5651074534456885,-0.20433877444437704,0.2387818961705542,7,1
0.14994282645001203,0.1799398541396182,0.1313119883444305,-0.7261412193569281,0.12588071338755885,0.48070866400503,-0.4218027480858269,-0.009092568636472233,-0.3983738224757136,-0.7970658145992735,1.2087023545422468,-0.8497589744403548,-0.6884373076745276,-1.4241906411095486,1,0
-1.0586520175324805,-1.0611573225112585,-1.041452240632111,0.20642692264780255,-0.4434159587930074,-0.22394841409142008,0.45848443126426797,0.5153999848222974,-0.03781612391914207,0.22666266408110952,-0.1777278427983475,1.5852797794150064,0.8797621720049799,-0.829001529282686,2,1
1.8092001546293661,1.8692957162147674,1.9742272053075667,-1.4009262977180772,-0.6483627607780109,0.48070866400503,0.25841916323015535,-0.6906308770656223,0.15885171165717007,0.22666266408110952,-0.9707305926148143,-0.8652597998410543,-1.0046750491963907,-1.4766819349869396,0,1
2.7719790981408434,2.697202063784087,2.8119159402908105,-2.090875085705318,-0.17015355614633537,-0.4093844872746995,0.21840610962333312,0.3130525697643072,-0.25087294579347985,-0.7970658145992735,-0.34021392962042957,-1.3292276874029045,-0.582025555788024,0.49692164731101246,0,0
0.8669058694904737,0.8950191856497671,0.9690007233276743,-1.1279795244484,-0.5800471601163424,0.33235980545840843,0.25841916323015535,-0.005065754406462571,-0.6715235941094803,1.2503911427614924,1.7385482898316458,1.1981114358838953,-0.04197342532177733,-0.5658543849762923,0,0
-1.171317638581696,-1.161786823320789,-1.15314407196321,1.229977322409095,-0.6483627607780109,0.7774063810982732,0.1783930560165109,0.6130502299000338,-1.3270830460305203,-0.7970658145992735,0.6717918067823223,-0.9980736902061397,-1.1345673284944704,1.7278770224817996,5,0
-0.3109619869331419,-0.23172628553573404,-0.2596094213144166,0.19505414042823388,-0.5572752932291203,1.741673961651312,-0.3417766408721824,-0.7731805687808222,0.37737152896418313,0.22666266408110952,0.8413425060749299,1.303094298824997,0.4026578384293416,0.822056865637088,3,1
0.4879396895976582,0.4955505612240549,0.5222333980032776,0.020671479728160146,-0.26124102369522606,0.10983651763847768,0.058353895196042775,-0.1681517307218571,0.5139464147810664,1.762255382101684,0.4474903608431436,-0.24416990935393013,0.6469552406476526,-1.612917562846352,0,0
-0.24950801181538806,-0.24849786900398912,-0.2596094213144166,-0.07789263284144327,0.0803369796131125,0.03566208836516524,-0.18172442644489206,-0.05842104295409184,0.6395953097325993,-0.7970658145992735,-0.6051368972651291,-0.5302305962941145,-0.1743636330678971,-0.16250023202371,6,1
0.6620592857646275,0.5885566150025604,0.6339252293343768,-0.2484843661349941,0.12588071338755885,-0.854431062914561,0.1783930560165109,1.11539530509375,-1.015692306368026,0.22666266408110952,1.653772940185342,0.27722149048778505,0.5890033006531251,0.530592049633681,4,0
1.0615101240300275,1.1343954224239534,0.9690007233276743,-0.4797309379329153,0.4219149829214531,0.7403191664616185,-0.7819202305472298,-0.01110597575147742,-0.1306870462746227,1.762255382101684,1.4471330254224766,0.0626759752826468,0.9482054114812759,1.186215216911487,0,0
0.5596359939017044,0.5717850315343053,0.6339252293343768,-1.2985712577419468,-0.48895969256745375,0.14692373227513225,0.25841916323015535,-0.7923079363733683,0.7051512549247039,-0.7970658145992735,0.005069004876495135,-0.3022980046065537,-1.0446419043650308,-1.5792471605236835,1,0
0.4776973604113659,0.5717850315343053,0.46638748233772803,-0.39253960758287637,0.03479324583866816,1.222452956738138,-0.6618810697267618,-0.8537168533810169,0.2134816659839237,-0.7970658145992735,1.0850716363080537,-0.7680273496003021,-0.6199940681982319,1.6439600197699182,4,1
-0.3929006204234804,-0.3780964685314148,-0.3713012526455158,-0.2560662209480399,-0.26124102369522606,0.33235980545840843,-0.0216722120176017,0.14593977921890297,0.4538534650216381,1.2503911427614924,-0.10884787121072535,0.45935618894600533,0.3641897403295255,-0.29269245433802815,1,1
-0.3724159620508958,-0.3338804757514696,-0.3713012526455158,0.5021192603566212,-0.03352235482300035,0.8886680250082402,-0.46181580169264913,-0.9715011696088022,1.0438569717505741,0.738526903421301,-0.4037954418551573,-0.12262934655298995,0.12638695207611825,0.09926556244380484,1,1
0.7644825776275506,0.713581146311371,0.8014629763310256,0.17230857598909236,-0.23846915680800387,-0.5577333458213211,0.37845832405062346,-0.01110597575147742,-0.5294857128599217,-0.285201575259082,-0.013475602858633747,1.8840229598648541,0.4296354656681733,-0.5965894188913435,2,1
2.464709222552074,2.41208514482375,2.588532277628612,-1.3554351688397985,-0.4434159587930074,-0.3352100580013871,0.41847137765744574,0.12882581874136137,0.1643147070898453,3.2978481001222586,-1.1756043542600485,1.5380727202401483,0.16385587879671817,0.13897937031156765,0,1
-0.13684239076617266,-0.03199197332287796,0.019620157013331318,0.03583518935425589,-1.3770625011691364,2.0012844641079006,0.33844527044379985,-1.573509896995259,1.5683045332874064,-0.7970658145992735,-0.39319852314936954,-1.4190620164296868,-0.2972617127114645,-1.4457742323420284,1,1
-0.2699926701879727,-0.24849786900398912,-0.20376350564886703,0.8963757106350433,-0.6939064945524572,0.44362144936837544,0.33844527044379985,-0.4369415805750079,-0.5240227174272465,0.738526903421301,-0.26603549867991355,1.6522151618271184,0.7124009659863004,-0.35554387200700927,3,0
0.21139680156776589,0.2912421807925838,0.1313119883444305,0.2898273255913144,0.6040899180192344,1.222452956738138,-1.102024659401809,-1.0057290905638847,1.0438569717505741,2.2741196214418755,-1.4705519249044807,1.8812046279738175,0.5175625470391814,-0.9491789652651335,1,1
-0.47483925391381887,-0.47110252230992034,-0.3713012526455158,0.4225097848196322,-1.2176594329585773,0.07274930300182311,1.0586802353666043,0.6452647437401118,-0.971988342906624,-0.7970658145992735,1.2687515605417117,-0.9388887204943774,-1.0451414900546385,1.6696876605190343,5,1
0.006550217841919684,0.04119311817496244,0.019620157013331318,0.4225097848196322,-0.14738168925911319,0.591970307914997,-0.2217374800517143,-0.5809001892978564,0.759781209251457,-0.7970658145992735,-1.4829149967279,-0.9586170437316316,-1.0151663486781586,-0.3192834387364432,3,0
2.362285930689151,2.386165424918265,2.309302699300864,-1.529817829539868,0.12588071338755885,0.18401094691178682,-0.3017635872653588,0.0925844906712737,0.24625963857997502,-0.285201575259082,-1.6895549114907655,-0.11875414020281505,-1.4827785541512457,0.7837244076082039,0,1
0.2626084474992274,0.24092743038781853,0.2988497353410793,-0.13854747134581785,-0.3067847574696724,-0.2981228433647325,0.2984322168369776,0.5415742773173606,-1.1304152104542087,-0.7970658145992735,-1.2338874071418826,-0.5288214303485964,-0.4186610352862084,-1.0987100853237535,4,0
-1.2532562720720344,-1.2761385287861646,-1.2648359032943093,1.229977322409095,1.1733865901998006,-3.265100014297161,0.5385105384779124,2.642564601824946,-1.6220847993949883,-0.285201575259082,-1.4299304031989604,1.1068679409115951,1.0631101200911157,1.6570828432392661,7,0
-1.3659218931212498,-1.35999644612744,-1.3206818189598588,1.229977322409095,-4.519580131605862,1.5933251031046902,5.340076971296612,0.5989563800949996,-3.3811693287164455,-0.285201575259082,-1.0413767173200676,1.5320837649716963,0.5925004004803807,1.1910499413475624,7,0
1.0512677948437352,1.0185190275523728,1.136538470324323,-0.9535968637483264,-0.4661878256802296,-0.2981228433647325,0.45848443126426797,-0.01110597575147742,-0.5622636854559739,0.22666266408110952,0.6664933474294285,-0.8804083337553743,-1.0376477047105186,-1.5065536252526914,0,1
0.10897350970484278,0.1265757249224429,0.0754660726788809,-0.024819649150118677,0.2397400478236717,0.29527259082175383,-0.4218027480858269,-0.5809001892978564,1.273302779922938,1.2503911427614924,1.5071822314219416,0.07113097095575552,0.7218930940888525,0.2437892893364895,5,0
1.0512677948437352,1.0215684063647827,1.136538470324323,-1.4236718621572146,-0.4661878256802296,-0.2981228433647325,0.45848443126426797,-0.018152900653994507,-0.20170598689940195,0.22666266408110952,-0.06116173703467931,0.09015471122025075,1.4617795003982985,1.4826874260808292,4,0
0.5186666771565351,0.48030366716200484,0.46638748233772803,-0.5555494860633814,0.3080556484853402,-0.48355891654800864,-0.1417113728380698,0.08956437999876626,-0.4038368179083893,0.22666266408110952,1.1822100577777768,1.6846259785740358,1.2784315523121632,-1.254111942197608,4,0
-1.0586520175324805,-1.0626820119174636,-0.9856063249665613,1.229977322409095,-1.9691310402369249,-0.3352100580013871,2.139032682750813,1.0429126489535738,-1.9553275207881837,-0.7970658145992735,1.740314442949277,-0.7141267521842328,-1.1570486845268304,1.3827122314919829,2,0
-1.2634986012583267,-1.2471694300682696,-1.2089899876287595,1.229977322409095,-2.811690115064163,2.149633322654522,2.018993521930345,-3.914095668188425,3.207203163090006,-0.7970658145992735,1.1928069764835647,-0.29630904933810176,1.8084919689862498,1.4377935563172715,7,0
-0.7616244711300035,-0.772991024738512,-0.7622226623043629,0.6537563566175534,0.03479324583866816,-0.4464717019113541,0.058353895196042775,-0.23157405484451088,0.6996882594920276,-0.7970658145992735,-0.031137134034947063,-0.3509142297269299,1.335883906617083,1.5198112030006945,2,1
2.618344160346459,2.6712823438786018,2.6443781932941617,-2.3107488752836707,-0.14738168925911319,0.33235980545840843,-0.1417113728380698,-0.41781421298246185,0.13153673449379352,-0.7970658145992735,-1.3045335318471356,-1.4070841058927825,-0.7583793042196475,1.2475126160117294,0,0
0.3650317393621505,0.33545817357252905,0.35469565100662886,-0.06272892321535173,0.03479324583866816,-0.4093844872746995,0.058353895196042775,0.3815084116744735,0.03320281670563769,-0.7970658145992735,-1.2268227946713572,-1.11961425300708,-0.41166683563169637,-0.29079309830956995,5,1
2.1164700302181356,2.126968225863414,2.2534567836353148,-2.049174884233562,-0.511731559454676,0.07274930300182311,0.33844527044379985,-0.27083549358710596,0.15338871622449488,1.2503911427614924,-0.1494693929162459,0.2944837733203822,1.2204796123176351,0.0246726711443547,0,1
0.446970372852489,0.3964457498207294,0.5780793136688271,0.19884506783475675,-0.8533095627630145,-0.6689949897312848,1.018667181759782,0.03822249856614219,-0.1798540051687006,-0.7970658145992735,0.862536343486506,-0.12157247209385129,-0.5880205840633199,-1.275522864700228,0,0
-1.1303483218365267,-1.123669588165664,-1.0972981562976605,1.229977322409095,-1.1038000985224643,0.44362144936837544,0.7785888601188473,-0.8517034462660117,-0.1416130371399731,-0.7970658145992735,-0.7128722374406401,-0.5820174447919064,-1.600181191209125,1.0095751062648723,1,1
-0.06514608646212648,-0.04876355679113305,-0.03622575865221827,0.09649002785862626,-0.2840128905824482,0.29527259082175383,0.018340841589220537,0.20030177132403448,-0.040547621635479675,1.762255382101684,0.17550278072791883,1.257648697082037,0.648953583406085,0.6279772132746297,6,1
-1.3147102471897882,-1.31120638512888,-1.3206818189598588,1.229977322409095,1.1733865901998006,0.44362144936837544,-1.102024659401809,0.7499619137203651,-1.015692306368026,0.738526903421301,-1.412268872022647,0.14405530863631996,-0.026985854633537355,1.0591310317346458,7,1
-0.34168897449201885,-0.33692985456387964,-0.3713012526455158,0.8774210736024288,0.3308275153725624,0.10983651763847768,-0.4218027480858269,-0.22150701926948635,0.9673750356931191,-0.7970658145992735,0.8819640277804509,-1.4324490929121092,-1.283943449687262,1.3360916744298266,3,1
0.18066981400888896,0.11895227789141787,0.1313119883444305,0.509701115169667,0.35359938225978454,-0.9286054921878735,0.018340841589220537,-0.01110597575147742,-0.4256887996390907,-0.285201575259082,0.8501732716630865,-0.5503112110177482,-0.2677861570245928,0.6376466621467807,3,0
0.7030286025097967,0.7577971390913163,0.745617060665476,-0.4039123898024492,-0.2840128905824482,0.6661447371883061,-0.1417113728380698,-0.4751963157601008,0.055054798436339036,-0.7970658145992735,0.5146041793131341,-0.22338471165753757,-1.0821108310856304,-0.848167758297128,1,0
1.2663567077558737,1.1984323774845638,1.0806925546587736,-1.4994904102876807,0.8773523206659064,-0.5948205604579757,-0.5418419089062936,0.24661013496914666,0.19709267968589758,1.2503911427614924,0.21965660866870212,1.522219603353069,1.5207306117720425,-0.7072700747314998,4,0
-0.9459863964832651,-0.9452809276396779,-0.9297604093010117,1.229977322409095,-0.35232849124411675,-0.0014251262714893337,0.21840610962333312,-0.24667460820704729,-0.25087294579347985,-0.7970658145992735,0.6329364381944333,-0.9434685098173115,-0.6164969683709757,1.2609807769407968,3,0
-0.4236276079823573,-0.41926308249895006,-0.48299308397661495,0.46420998629138815,0.7634929862297937,0.10983651763847768,-0.7819202305472298,-0.3503650746297984,0.21894466141659893,-0.7970658145992735,-0.6174999690885485,-0.9029549888836648,-1.4103386291580855,-1.1651875463197912,1,1
-1.0996213342776497,-1.0947004894477688,-1.041452240632111,1.229977322409095,-1.7641842382519213,0.29527259082175383,1.5788499322552962,0.10667834047630786,-1.1304152104542087,-0.285201575259082,1.5548683655979876,2.025996428875808,1.225475469213715,0.9743506853734653,7,1
-0.843563104620342,-0.8400773586115323,-0.7622226623043629,1.229977322409095,-1.4909218356052492,0.10983651763847768,1.3387716106143628,0.6724457397926772,-0.45300377680246723,1.2503911427614924,-1.4034381064344903,-0.20612242882494017,1.4692732857424189,-0.41442390888921415,3,1
-0.976713384042142,-0.9361327912024479,-0.9297604093010117,1.229977322409095,-1.1038000985224643,2.149633322654522,0.018340841589220537,-1.6087445215078446,2.2894199304005496,0.738526903421301,-0.11414633056361925,1.7853813436785833,0.5350480461754611,0.0764732901023062,5,1
0.580120652274289,0.50317400825508,0.35469565100662886,-0.3091392046393645,1.5377364603953634,-0.9286054921878735,-0.9019593913676965,-0.16009810226183777,0.6395953097325993,0.738526903421301,-1.269210469494509,0.6763677445558006,1.0716030768144518,0.0246726711443547,1,0
-0.034419098903249554,-0.06858451907179816,-0.03622575865221827,-0.1537111809719094,-0.010750487935776163,-0.5948205604579757,0.1783930560165109,1.072107052121145,-1.0320812926660523,0.738526903421301,-0.43382004485489006,1.2432047461404756,1.7135706879607298,-0.4018190916094459,1,0
-1.304467918003496,-1.3035829380978547,-1.3206818189598588,1.229977322409095,2.311979934560933,-0.07559955554479848,-1.6622074098973232,1.1355293762437983,0.6341323142999241,0.22666266408110952,1.0939024018962102,1.6877966019514516,0.6879212671955085,0.8115240731156379,7,1
-0.710412825198542,-0.6754109027413915,-0.6505308309732637,1.229977322409095,-0.9443970303119051,1.1853657421014834,0.25841916323015535,-1.1547212170742458,1.8851582683825747,-0.7970658145992735,0.14724433084581723,-0.811359202424985,-1.2274902667615581,0.33858442202954075,2,1
0.3445470809895659,0.4086432650703694,0.35469565100662886,0.14198115673690928,-0.10183795548466684,0.8886680250082402,-0.3817896944790046,-0.9060654383711438,0.683299273194002,1.2503911427614924,1.0956685550138419,0.11692886418509525,0.36468932601913345,-0.2973545100442438,5,1
-1.3249525763760805,-1.331027347409545,-1.3206818189598588,1.229977322409095,0.03479324583866816,-1.6332625702843269,0.7785888601188473,-0.4902968691226372,-0.9555993566085978,-0.285201575259082,-1.6065457149620932,0.009832252325716223,1.1770156573217396,-0.8778667798330203,7,0
-1.2122869553268651,-1.1968546796635042,-1.15314407196321,1.229977322409095,-2.4701121117558227,1.5933251031046902,1.8589413075030534,-1.5392819760401766,-0.20716898233207717,0.738526903421301,0.7583333095462578,1.5039004460613332,0.6374631125451006,-1.216642827818023,7,1
0.19091214319518127,0.19061267998305326,0.0754660726788809,-0.1992023098501882,0.9228960544403508,-0.0014251262714893337,-0.8619463377608743,0.011041502513576077,0.1643147070898453,0.738526903421301,0.24968121166843485,1.9724481229461177,0.4121499665318936,-0.6407926137354621,6,0
0.4674550312250736,0.46963084131856975,0.41054156667217845,-0.8095416223004399,0.35359938225978454,0.03566208836516524,-0.4218027480858269,-0.08358863189165276,-0.21263197776475237,-0.285201575259082,-1.156176669966104,-0.1832234822102703,1.2674406671407867,0.21339959288115798,3,1
0.20115447238147358,0.14944606601551802,0.1871579040099801,-0.19162045503714242,0.0803369796131125,-0.7802566336412519,0.1783930560165109,1.3137159059217292,-1.026618297233377,1.2503911427614924,-0.7534937591461609,-0.29278613447430635,0.530052189279381,-0.044049483339860945,1,1
0.580120652274289,0.5794084785653304,0.46638748233772803,0.4604190588848653,0.6951773855681251,-0.0014251262714893337,-0.7018941233335839,-0.03627356468903834,0.11514774819576738,-0.7970658145992735,-1.2126935697303065,-0.9751747435914698,-1.1720362552150703,0.0246726711443547,4,0
-0.5158085706589881,-0.5275160303395057,-0.42714716831106536,0.38839143816092203,-1.1038000985224643,-0.3352100580013871,1.1387063425802502,0.47311843540719495,-0.38198483617768797,-0.7970658145992735,1.6149175715974526,-1.1199665444934597,-1.1465573850450623,1.5702304721197673,2,1
-0.46459692472752656,-0.4726272117161254,-0.5388389996421645,0.430091639632678,1.0367553888764656,-0.22394841409142008,-0.8219332841540521,0.5164066883797997,-0.5458746991579478,-0.285201575259082,-1.253315091435827,0.8722418109828234,0.4221416803240536,-1.4602784056502547,4,0
-0.32120431611943423,-0.34912736981351966,-0.3713012526455158,0.5362376070153314,0.5813180511320123,-0.6319077750946303,-0.3017635872653588,-0.03124004690152573,-0.48578174939851904,-0.7970658145992735,-1.6454010835499824,-0.6619876122000612,-1.1355664998736863,-0.3208374573051818,5,0
0.4776973604113659,0.4864024247868248,0.46638748233772803,-0.18782952763061955,0.03479324583866816,0.10983651763847768,-0.18172442644489206,-0.35338518530230584,-0.021427137621115932,1.2503911427614924,0.5552257010186546,1.405963412847822,0.8807613433841963,-1.204901354187554,6,1
0.6620592857646275,0.6022788196584055,0.745617060665476,-0.2484843661349941,-0.511731559454676,-0.7060822043679427,0.6985627529052028,0.39660896503700993,-0.43661479050444113,-0.285201575259082,-0.06469404326994208,-0.989618694533031,-0.6759476654343277,0.01552122846178327,5,1
1.3278106828736276,1.3036359465127092,1.304076217320972,-1.4388355717833103,0.05756511272589033,-0.1868611994547655,-0.061685265624423946,0.26372409544668823,-0.02689013305379115,2.2741196214418755,-0.9177459990858746,0.6686173318554509,0.49608036238603703,-1.0581329338066914,4,0
1.0205408072848583,0.9666795877414025,0.9131548076621248,-0.8247053319265357,0.5130024504703438,-0.5206461311846633,-0.3017635872653588,0.6009697872100047,-0.9829143337719743,1.2503911427614924,-1.7513702706078622,1.4901610780925314,0.4611093641134771,-1.6067014885713977,0,1
-0.546535558217865,-0.5549604396511958,-0.5946849153077142,0.35806401890873474,0.7179492524553472,-0.26103562872807795,-0.5818549625131172,0.4761385460797024,0.38829751982953453,-0.285201575259082,0.61527490701812,1.20973705493442,1.201495356112531,-0.904803101691155,6,0
-0.05490375727583417,-0.025893215698057925,-0.03622575865221827,0.38839143816092203,-0.19292542303355753,0.5177958786416845,-0.1417113728380698,-0.009092568636472233,-0.054205110217167715,-0.7970658145992735,0.6594287349589034,1.7536751099044252,1.2929195373107953,-1.039312042251969,2,0
0.8873905278630583,0.9407598678359174,0.8573088919965751,-1.4426264991898332,0.12588071338755885,0.591970307914997,-0.46181580169264913,-0.46613598374257853,0.43200148329093724,2.2741196214418755,-0.7270014623816909,0.8394787027495262,0.19133309172515814,-1.5511021575565296,4,0
1.3790223288050891,1.4423826824773651,1.4716139643176205,-1.526026902133345,-0.4434159587930074,0.591970307914997,0.058353895196042775,-0.6231817387129589,0.5849653554058462,3.2978481001222586,1.540739140656937,0.3628283216780123,0.649453169095693,-0.2555686774181629,0,0
2.720767452209382,2.6346897981296813,2.9236077716219095,-2.2235575449336316,-0.6255908938907888,-0.48355891654800864,0.6985627529052028,0.08956437999876626,-0.048742114784492495,-0.285201575259082,0.3008996520797432,0.03237890745400662,0.5645236018623331,-0.8664706436622709,0,0
-0.7923514586888805,-0.8126329492998422,-0.8180685779699125,0.6272198647718891,0.5585461842447901,-0.8173438482779064,-0.18172442644489206,0.6422446330676044,0.22987065228194936,0.738526903421301,-1.2868720006708223,0.03766327974969963,0.6174796849607807,-0.6217990534508799,5,1
-0.8538054338066343,-0.8050095022688172,-0.8180685779699125,-1.4312537169702646,-0.6939064945524572,2.038371678744555,-0.3417766408721824,-2.0053857231638044,0.8198741590108853,-0.7970658145992735,-0.49033694461909255,-0.48196666266011773,-0.892268269034591,-0.09740412086655097,2,1
-1.0893790050913574,-1.1160461411346387,-1.15314407196321,1.229977322409095,2.995135941177612,-1.9670475020142246,-1.4221290882563884,0.5838558267324632,0.552187382809794,-0.7970658145992735,-1.2073951103774128,-0.8758285444324403,-1.4772831115655574,-1.6422712469225245,2,1
-1.1918022969542805,-1.2090521949131443,-1.2089899876287595,1.229977322409095,1.1733865901998006,-1.8557858581042574,-0.18172442644489206,2.1694139297988007,-1.015692306368026,0.22666266408110952,1.3235023071882834,0.10600782810733002,1.409323002989459,0.31648282460748145,7,1
-0.7923514586888805,-0.779089782363332,-0.8180685779699125,1.229977322409095,0.5585461842447901,0.48070866400503,-0.7419071769404062,-0.034260157574033154,-0.4639297676678177,-0.7970658145992735,-1.2303551009066198,-0.8821697911872719,-1.4068415293308296,1.7458345703872231,6,0
-0.976713384042142,-0.9330834123900379,-0.9297604093010117,1.229977322409095,-1.1038000985224643,2.2979821812011436,-0.0216722120176017,-0.8517034462660117,-0.1416130371399731,-0.285201575259082,0.8254471280162482,0.20535402726635926,0.231799532583406,-1.528482553944891,2,1
0.006550217841919684,0.02137215589429733,0.019620157013331318,0.4225097848196322,-0.14738168925911319,0.2581853761850993,-0.10169831923124757,0.2647307990041905,-0.6387456215134285,-0.7970658145992735,0.7159456347231056,-1.3732641232003466,-1.3513875177843417,-0.6407926137354621,2,1
0.6210899690194582,0.6007541302522005,0.5780793136688271,0.09649002785862626,0.21696818093644954,-0.22394841409142008,-0.18172442644489206,-0.013119382866481894,0.22440765684927413,1.762255382101684,1.1521854547780441,1.2284085037125354,1.3768499331649386,1.5907780509730882,6,0
0.16018515563630434,0.12047696729762288,0.1871579040099801,-0.9573877911548493,-0.23846915680800387,-0.6319077750946303,0.37845832405062346,0.9764702141584134,-0.3109658955529087,-0.285201575259082,1.1804439046601456,-1.3242956065935914,-1.4987652962187015,0.11825912272838707,1,1
-1.171317638581696,-1.180083096195249,-1.2089899876287595,1.229977322409095,2.311979934560933,-0.9286054921878735,-1.3821160346495662,-0.17519865562437417,0.6341323142999241,-0.7970658145992735,-0.0664601963875737,-0.34985735526779127,-1.5856932062104931,-0.020911873538642607,7,0
2.9051293775626434,2.922856095902428,2.9236077716219095,-2.079502303485749,-0.10183795548466684,0.10983651763847768,-0.061685265624423946,-0.22352042638449154,0.0823697755997156,0.738526903421301,-0.11944478991651315,-0.2695348963732568,0.0974109820788542,1.6531114624524896,0,1
-0.4031429496097727,-0.4421334235920252,-0.3713012526455158,-0.646531743819939,-0.3751003581313389,-0.9286054921878735,0.6985627529052028,1.3529773446643243,-0.6059676489173762,0.22666266408110952,1.579594509244826,1.62086121953934,1.4892567133267387,-0.310995339703171,4,1
-0.8128361170614651,-0.8278798433618922,-0.8180685779699125,1.229977322409095,0.148652580274781,-0.6319077750946303,0.058353895196042775,0.1912414393065129,-0.07059409651519384,-0.7970658145992735,-0.1777278427983475,-0.33400423838071225,-1.3863585160569016,1.154962176806856,1,1
0.2626084474992274,0.2637977714808937,0.24300381967552967,0.31636381743697883,0.10310884650033668,0.03566208836516524,-0.2217374800517143,0.1640604432539468,-0.6988385712728573,1.2503911427614924,-1.647167236667614,-0.28292197285567927,0.8118185182182923,-1.1505107042817049,1,0
0.3957587269210274,0.36747665110283423,0.35469565100662886,0.8053934528784856,0.2397400478236717,-0.37229727263804163,-0.1417113728380698,0.18822132863400548,0.0058878395422606354,0.22666266408110952,-0.11238017744598812,1.7635392715230525,1.5042442840149781,-1.0401753859012681,0,1
1.3687799996187968,1.5109937057565903,1.3599221329865214,-1.3971353703115543,-0.010750487935776163,1.2595401713747925,-0.6218680161199395,-1.259418387054499,0.7980221772801844,-0.7970658145992735,1.2722838667769745,-0.8944999932105558,-0.7903527883545592,1.2323177677840638,4,1
-1.3147102471897882,-1.3157804533474948,-1.3206818189598588,1.229977322409095,1.1733865901998006,-0.48355891654800864,-0.7419071769404062,1.4596879217595828,-1.015692306368026,-0.7970658145992735,-0.9424721427327132,-0.34245923405382095,-0.5470545575154641,-0.6335405270813489,7,0
0.1294581680774274,0.140297929578288,0.1313119883444305,-0.5062674297785755,-0.05629422171022252,0.18401094691178682,-0.1417113728380698,-0.42083432365496926,0.6177433280018985,0.738526903421301,-1.2709766226121404,-0.0060208645613630506,-0.020990826358241475,0.918060679439158,1,0
2.393012918248028,2.4547764481974905,2.2534567836353148,-1.8103464576225952,0.4219149829214531,0.40653423473172084,-0.6218680161199395,-0.3251974856922375,-0.04327911935181728,2.7859838607820673,0.34505348002052644,0.4780276377241209,1.5142359978071382,-1.6312204482114947,0,1
2.4134975766206126,2.4212332812609803,2.588532277628612,-1.7951827479964995,-0.6028190270035666,0.07274930300182311,0.41847137765744574,0.028155462991117677,0.13153673449379352,4.321576578802642,0.37154577678499645,1.6543289107453956,1.7040785598581778,1.4312321445825975,0,1
1.4199916455502584,1.4057901367284449,1.5274598799831702,-2.439640407105461,-0.511731559454676,-0.11268677018145634,0.37845832405062346,0.54962790577738,-0.2563359412261551,0.22666266408110952,1.183976210895408,-1.0044149369609716,-1.3953510584698454,-0.5720704592512464,4,1
0.1294581680774274,0.08388442154870267,0.0754660726788809,0.48695555073052965,0.4219149829214531,-0.7060822043679427,-0.1417113728380698,0.839558530338082,-0.9064323977145199,-0.7970658145992735,-0.9265767646740313,-1.1072840509837965,-0.9751994935095187,-1.2869190008709772,6,0
-0.1880540366976342,-0.1676893304751237,-0.3154553369799662,-0.3243029142654602,1.4011052590720263,0.40653423473172084,-1.342102981042744,-0.49432368335264687,0.22987065228194936,-0.7970658145992735,1.643176021479554,-0.9572078777861135,-0.19384747496260882,1.5552082926219615,1,1
-0.8025937878751728,-0.7684169565198969,-0.7063767466388133,1.229977322409095,-1.6275530369285862,1.296627386011447,0.8986280209393154,-1.9641108773062048,1.1258019032407043,-0.7970658145992735,-0.5521523037361892,-0.21563429895718778,-0.35321530994756056,-0.6708369727310739,5,0
0.3547894101758582,0.36290258288421917,0.2988497353410793,-1.8027646028095452,0.3763712491470087,0.10983651763847768,-0.46181580169264913,0.039229202123644426,0.3336675655027804,-0.7970658145992735,-0.7835183621458933,0.9849750866242749,1.3658590479935628,-0.8210587677091333,1,1
-1.0996213342776497,-1.1099473835098188,-1.0972981562976605,1.229977322409095,0.03479324583866816,-0.854431062914561,0.2984322168369776,-0.23157405484451088,1.0274679854525484,-0.7970658145992735,1.1062654737196296,-0.4548402182088935,-0.20333960306516086,1.4992636241473738,7,0
2.9358563651215204,2.893886997184533,2.8677618559563602,-1.609427305076857,0.148652580274781,-0.22394841409142008,-0.1417113728380698,-0.10875622082921368,0.03320281670563769,2.2741196214418755,1.307606929129601,-1.3574110063132676,-0.7418929764625835,1.2110795140113035,0,0
0.3855163977347351,0.34308162060355407,0.41054156667217845,-0.9005238800570018,-0.21569728992078172,-0.5577333458213211,0.33844527044379985,-0.01110597575147742,-0.021427137621115932,-0.7970658145992735,1.0409178083672703,-0.1155835168253991,-1.4253261998463254,1.2794563310357996,5,1
-0.413385278796065,-0.42078777190515504,-0.3713012526455158,1.229977322409095,-0.511731559454676,-0.1868611994547655,0.45848443126426797,0.45600447492965335,-0.15253902800532404,-0.7970658145992735,-1.4670196186692182,-0.707080922456642,-0.5240736157934962,1.145638065394425,1,0
-0.6284741917082035,-0.6677874557103664,-0.5946849153077142,-0.21057509206976108,-0.48895969256745375,-1.2253032092811167,0.9386410745461377,0.788216648905458,-0.780783502762987,-0.7970658145992735,1.5160129970100982,1.7381742845037258,1.0046585944069797,-1.3881028765688423,1,0
1.7579885086979046,1.7473205637183666,1.6391517113142693,-0.22952972910237548,0.4219149829214531,-0.07559955554479848,-0.4218027480858269,-0.17217854495186674,0.17524069795519623,-0.7970658145992735,-0.7093399312053776,-1.0544403280268657,-0.7169136919821835,-1.4765092662570798,0,0
1.2151450618244122,1.1435435588611833,1.1923843859898726,-0.5252220668111941,0.05756511272589033,-0.6689949897312848,0.13838000240968726,0.6241239690325605,-0.8299504616570649,-0.7970658145992735,-0.8665275586745661,-0.34281152554020067,-0.3806925228760005,0.0246726711443547,0,0
-0.013934440530664935,2.6504207427216065e-05,-0.03622575865221827,0.41113700260006353,0.17142444716200317,0.2581853761850993,-0.3417766408721824,-0.7580800154182851,1.6283974830468348,1.762255382101684,1.1910408233659335,0.7080739783299587,-0.10741915066042515,0.7851057574470826,1,0
-0.09587307402100341,-0.10822644363312837,-0.14791758998331744,0.6499654292110305,0.49023058358312155,-0.22394841409142008,-0.4218027480858269,-0.10774951727171145,0.09875876189774126,0.22666266408110952,1.0462162677201643,0.21416131442584768,1.659115847793458,-0.17648639914235692,4,0
-0.034419098903249554,-0.05638700382215809,0.019620157013331318,0.12302651970429065,-0.48895969256745375,-0.37229727263804163,0.5385105384779124,-0.01110597575147742,-0.7589315210322857,-0.7970658145992735,0.3538842456086831,-0.8328489830941368,-0.14688642013945713,-1.0346499865457535,5,1
-0.45435459554123425,-0.49092348459058543,-0.42714716831106536,0.4414644218522466,-0.35232849124411675,-0.9286054921878735,0.6585496992983806,0.4630513998321705,-0.9337473748778965,-0.7970658145992735,1.7314836773611202,-1.1742194333959084,-0.7418929764625835,0.8080706985184412,6,0
-0.6489588500807881,-0.6433924252110863,-0.5946849153077142,0.7371567595610653,-0.8077658289885701,0.14692373227513225,0.5785235920847347,-0.5627795252628125,0.38283452439685833,0.738526903421301,0.1966966181394949,0.7422462525087737,1.0825939619858278,-1.2071460476757319,1,1
-0.843563104620342,-0.8400773586115323,-0.873914493635462,0.5779378084870873,0.7179492524553472,0.10983651763847768,-0.7419071769404062,-1.4818998732625377,1.2678397844902627,0.738526903421301,0.5781856915478618,-0.30018425568827667,0.5959975003076369,-0.5259679083786697,1,1
0.5698783230879967,0.5565381374722552,0.5780793136688271,-0.8967329526504789,-0.10183795548466684,-0.1497739848181109,0.058353895196042775,-0.33828463193976943,0.6122803325692232,-0.285201575259082,0.9031578651920266,-1.1365242443532977,-1.3408962183025739,-1.185389787713392,6,0
1.0615101240300275,1.1374448012363634,1.0248466389932238,-0.9460150089352807,0.148652580274781,0.7774063810982732,-0.5418419089062936,-0.40271365961992545,0.9182080767990412,0.738526903421301,0.9755701430149114,1.5229241863258285,0.36468932601913345,-1.4918767832146052,4,1
0.5493936647154121,0.51537152350472,0.46638748233772803,-0.331884769078506,0.5130024504703438,-0.4093844872746995,-0.3417766408721824,0.13587274364387844,-0.19624299146672625,0.22666266408110952,-1.50940729349237,1.1378695917129942,1.8524555096717537,1.0335760597153898,0,0
-0.12660006157988035,-0.12652271650758848,-0.09207167431776786,-0.252275293541517,-0.35232849124411675,-0.0014251262714893337,0.21840610962333312,0.6402312259525992,-1.1031002332908315,-0.7970658145992735,0.942013233779916,-0.857861678627084,-0.7249070630159115,-1.6205149869601847,4,0
0.08848885133225816,0.04881656520598748,0.019620157013331318,-1.3137349673680425,0.5585461842447901,-0.6319077750946303,-0.3017635872653588,0.6241239690325605,-0.6933755758401816,-0.7970658145992735,1.2422592637772423,-0.8134729513432624,-0.30825259788284065,1.0667284558484789,3,1
3.0075526694255665,2.959448641651348,2.9236077716219095,-2.090875085705318,0.17142444716200317,-0.26103562872807795,-0.1417113728380698,0.4469441429121318,-0.5130967265618955,4.321576578802642,-0.9777952050853398,1.9731527059188771,0.3766793825697257,0.02588135225337357,0,0
0.5084243479702428,0.51232214469231,0.46638748233772803,-0.5669222682829501,0.2397400478236717,0.07274930300182311,-0.3417766408721824,-0.20942657657945737,-0.048742114784492495,1.2503911427614924,0.4510226670784063,-0.16102911856835936,0.8827596861426281,-1.1218476951249718,1,0
-0.710412825198542,-0.7272503425523618,-0.7622226623043629,1.229977322409095,0.9912116551020193,-0.5948205604579757,-0.6218680161199395,0.7982836844804818,-0.6988385712728573,-0.7970658145992735,0.7653979220167828,0.38290893640164625,1.2489559966252912,-1.2665440907475163,3,1
-0.976713384042142,-0.971200647545163,-0.9856063249665613,0.38839143816092203,0.3080556484853402,0.2581853761850993,-0.46181580169264913,0.2204358424740835,0.9673750356931191,-0.7970658145992735,1.2652192543064495,-1.1964137970378192,-0.8523014138659512,-1.4994742073284382,2,1
-1.171317638581696,-1.1587374445083791,-1.15314407196321,-0.22952972910237548,-0.6483627607780109,1.0741040981915164,0.058353895196042775,-0.36949244222234445,1.1913578484328078,-0.285201575259082,0.7865917594283589,1.590916443197079,1.6910893319283702,-1.6301844358323356,7,0
1.4916879498543045,1.4576295765394152,1.5274598799831702,-1.2871984755223782,-0.19292542303355753,-0.26103562872807795,0.1783930560165109,0.05634316260118603,-0.29457690925488256,1.762255382101684,0.1578412495516055,0.33394041979489053,1.7330545298554418,-1.414348523507538,4,0
-1.3147102471897882,-1.3203545215661099,-1.3206818189598588,1.229977322409095,1.1733865901998006,-1.4107392824643927,-0.3017635872653588,1.4596879217595828,-2.834869785448912,-0.285201575259082,1.2210654263656662,0.045061400963669944,0.7563645066718044,-0.5150897783974998,7,0
0.2421237891266428,0.20738426345130834,0.2988497353410793,0.5362376070153314,-0.4434159587930074,-0.5206461311846633,0.5385105384779124,0.2677509096766979,-0.32735488185093436,-0.285201575259082,0.7724625344873083,-1.3891172400874259,-1.2070072534876302,1.143566040636107,1,0
-0.6387165208944958,-0.6357689781800613,-0.7063767466388133,1.229977322409095,1.1733865901998006,0.07274930300182311,-1.0620116057949869,-0.015132789981487083,-0.03235312848646636,-0.285201575259082,1.7473790554198023,-0.37029026147780464,0.4191441661864054,0.14381409474764312,5,0
1.8296848130019507,1.780863730654877,1.8066894583109179,-2.811151292944746,0.03479324583866816,-0.37229727263804163,0.018340841589220537,0.3643944511969319,-0.4803187539658438,-0.7970658145992735,-0.8930198554390357,-0.3227309108165671,-1.3199136193390377,0.19889541957293158,0,0
-0.24950801181538806,-0.29423855119013936,-0.20376350564886703,-1.055951903724457,-0.48895969256745375,-0.9286054921878735,0.7785888601188473,0.775129502657926,-0.7316165438689091,0.738526903421301,0.7706963813696771,1.3288115773307034,0.7253901939161087,-0.31393070811078827,4,0
0.06800419295967354,0.02137215589429733,0.019620157013331318,0.714411195121928,0.3763712491470087,-0.7802566336412519,-0.10169831923124757,0.8425786410105894,-1.124952215021533,0.738526903421301,0.4492565139607747,1.8096894562387718,0.892751399934788,0.28592045942229005,5,1
-0.33144664530572654,-0.35675081684454474,-0.42714716831106536,-0.8777783156178603,1.1733865901998006,-0.5577333458213211,-0.7819202305472298,0.19728166065152705,-0.20716898233207717,1.2503911427614924,-0.23601089568018133,1.1804968615649185,1.1495384443932994,0.7298517638919344,2,0
2.5773748436012895,2.6209675934738366,2.6443781932941617,-2.1553208516162154,-0.26124102369522606,0.29527259082175383,-0.0216722120176017,0.017081723858590928,0.09329576646506604,1.2503911427614924,0.08896127796398338,1.711047840052501,0.5225584039352613,-1.3969089817916942,0,0
1.1332064283340737,1.2060558245155888,1.304076217320972,-0.7337230741699738,-0.8305376958757923,0.703231951824964,0.33844527044379985,-0.16714502716435486,0.8034851727128597,0.22666266408110952,-0.041734052740734856,-0.4227816929483555,-0.9652077797173588,-0.05268291983285286,0,0
-1.0176827007873113,-0.9910216098258282,-0.9297604093010117,0.30499103521741017,-2.105762241560262,1.5191506738313811,1.378784664221185,-2.1493443318866534,0.579502359973171,-0.7970658145992735,-0.8100106589103634,-0.08740019791503623,-0.12940092100317716,1.21505089479808,1,0
-0.280234999374265,-0.2637447630660392,-0.3154553369799662,-0.44561259127420516,0.3763712491470087,0.369447020095063,-0.5818549625131172,0.6593585935451459,-0.5895786626193505,-0.285201575259082,0.17020432137502492,1.2583532800547959,0.9606950537214761,-0.09723145213669113,5,1
-0.4953239122864035,-0.5534357502449908,-0.6505308309732637,0.8167662350980542,2.4713830027714923,-1.5590881410110145,-1.3020899274359217,0.9070076686907454,-0.09790907367857042,-0.7970658145992735,0.6841548786057418,-0.5580616237180979,-1.5492234508691094,0.2919638649673844,2,0
-0.46459692472752656,-0.4726272117161254,-0.48299308397661495,1.229977322409095,0.2397400478236717,-0.22394841409142008,-0.2217374800517143,-0.07553500343163344,-1.086711246992806,-0.7970658145992735,0.9844009086030681,-1.1675258951546972,-1.27944717848079,0.7239810270766999,3,1
-0.4236276079823573,-0.36894833209418476,-0.3713012526455158,-0.3015573498263187,-0.6255908938907888,1.3337146006481049,-0.10169831923124757,-1.0621044897840213,0.9673750356931191,-0.7970658145992735,-1.295702766258979,-1.3658660019863766,-0.6824422793992315,0.30577736335617145,5,1
2.6797981354642126,2.744467435376442,2.5326863619630626,-1.7876008931834535,0.3991431160342309,0.40653423473172084,-0.6218680161199395,-0.40271365961992545,0.0823697755997156,3.2978481001222586,-1.327493522376343,1.186133525346991,1.3968333607492587,-1.3219707530325244,0,1
1.2049027326381199,1.2121545821404087,1.2482303016554221,-0.8284962593330586,-0.23846915680800387,0.07274930300182311,0.058353895196042775,0.25164365275665856,-0.040547621635479675,1.2503911427614924,1.5442714468921992,1.0578994243048394,1.3713544905792507,0.07802730867104474,4,1
0.6006053106468736,0.5961800620335854,0.5780793136688271,-0.8664055333982916,0.10310884650033668,-0.038512340908143906,-0.18172442644489206,0.05634316260118603,0.683299273194002,1.2503911427614924,-1.1650074355542608,0.4198995424714975,1.707575659685434,-0.5014489487385726,3,0
0.08848885133225816,0.1067547626417778,0.0754660726788809,-0.5517585586568585,0.0803369796131125,0.29527259082175383,-0.3017635872653588,-0.039293675361545766,0.13699972992646875,-0.7970658145992735,0.5993795289594379,-1.2911802068739147,-0.6999277785355115,-0.560846991810357,5,1
-1.109863663463942,-1.0870770424167437,-1.0972981562976605,1.229977322409095,-0.35232849124411675,1.6674995323780026,-0.46181580169264913,-2.0214929800838437,-0.25087294579347985,-0.7970658145992735,1.3358653790117028,-0.5577093322317181,-1.278448007101574,1.2476852847415894,6,0
2.884644719190059,2.7688624658757224,3.0911455186185584,-2.9931158084578655,-0.6255908938907888,-0.6319077750946303,0.7785888601188473,0.6955999216152337,-0.040547621635479675,0.738526903421301,-1.3345581348468685,-0.10783310412504932,-0.935232638340879,-0.1827024734173111,0,1
-0.843563104620342,-0.8553242526735825,-0.873914493635462,1.229977322409095,0.7179492524553472,-0.5206461311846633,-0.46181580169264913,0.8677462299481504,-0.040547621635479675,0.22666266408110952,-0.5857092129711844,1.1156752280710835,1.7190661305464179,-0.7480198949784217,3,0
0.6108476398331659,0.5397665540040001,0.6339252293343768,-0.2863936402002272,-0.17015355614633537,-0.854431062914561,0.45848443126426797,0.22848947093410282,-0.23448395949545373,1.2503911427614924,-0.8365029556748333,2.025996428875808,0.3606926405022696,1.0753618923414707,1,0
-1.3351949055623729,-1.337126105034365,-1.3206818189598588,-2.5609500841142063,-1.1038000985224643,-0.7802566336412519,1.4988238250416517,-0.2839226398346379,-3.0533896027559253,0.22666266408110952,-0.07882326821099263,-0.17265473761888403,1.554202852975778,0.8289636148314816,7,1
-1.0484096883461882,-1.0489598072616184,-1.041452240632111,1.229977322409095,-0.12460982237189103,-0.11268677018145634,0.09836694880286502,-0.9100922526011536,-0.040547621635479675,0.738526903421301,-1.066102860966906,1.4989683652520198,1.1655251864607552,-1.2677527718565351,1,0
0.6518169565783352,0.6358219865949156,0.5780793136688271,-0.0703107780283975,0.4219149829214531,-0.1868611994547655,-0.3817896944790046,0.2828514630392343,-0.5513376945906231,-0.285201575259082,-0.5079984757954058,-0.7409009051490776,-0.9906866498873668,1.1316518982757782,6,0
0.3445470809895659,0.330884105353914,0.41054156667217845,0.14198115673690928,-0.48895969256745375,-0.1868611994547655,0.41847137765744574,0.383521818789478,-0.4803187539658438,1.2503911427614924,-0.12650940238703867,0.476618471778603,0.4156470663591492,1.6406793139025813,4,1
-0.7513821419437112,-0.7257256531461567,-0.7063767466388133,0.6651291388371221,-0.7622220952141238,0.9257552396448948,0.21840610962333312,-1.6218316677553766,-0.08698308281321998,-0.7970658145992735,-1.3893088814934396,-1.1544911101586544,-1.0221605483326708,0.7913218317220369,6,1
-1.2532562720720344,-1.2578422559117046,-1.2089899876287595,1.229977322409095,-2.2423934428835968,-0.7802566336412519,2.8192545940667952,1.3761315264868808,-0.7370795393015843,-0.7970658145992735,-1.6083118680797246,-0.5584139152044774,-0.9147496250669509,-0.8081086129696454,7,1
-0.23926568262909576,-0.225627527910914,-0.3713012526455158,0.5817287358936102,1.5377364603953634,0.29527259082175383,-1.3821160346495662,-0.6493560312080221,0.9345970630970678,0.738526903421301,-0.6404599596177557,1.6367143364264187,0.9537008540669638,1.4058498412932012,6,1
-1.1610753093954036,-1.152638686883559,-1.0972981562976605,-0.17266581800452802,-2.2423934428835968,0.6661447371883061,1.9789804683235215,-1.6208249641978736,1.6939534282389384,-0.7970658145992735,1.3676561351290666,-0.8613845934908794,-0.4206593780446402,1.4068858536723603,2,1
-1.109863663463942,-1.1084226941036137,-1.0972981562976605,1.229977322409095,-0.35232849124411675,0.03566208836516524,0.21840610962333312,-0.9564006162462657,0.43200148329093724,0.738526903421301,0.11192126849319109,1.415827574466449,1.8379675246731217,0.20493882511802589,3,0
-0.44411226635494194,-0.39944212021828496,-0.3713012526455158,0.0585807537933932,-0.8533095627630145,1.111191312828171,0.21840610962333312,-1.6469992566929375,1.6994164236716136,-0.7970658145992735,-1.2444843258476705,-0.20647472031131964,-0.8902699262761591,0.0246726711443547,2,0
0.08848885133225816,0.06101408045562755,0.019620157013331318,-0.5517585586568585,0.5585461842447901,-0.4464717019113541,-0.3817896944790046,-0.1188232564042382,0.6286693188672489,-0.7970658145992735,0.35565039872631427,-0.42595231632577146,-1.4737860117383015,-0.3191107700065834,3,1
-0.9255017381106805,-0.9285093441714228,-0.873914493635462,0.4717918411044339,-1.1038000985224643,-0.1868611994547655,1.0586802353666043,0.2274827673766006,-0.8681914296857924,-0.7970658145992735,1.7420805960669086,-0.25473865394531636,-0.895265783172239,-1.6381271974058882,1,1
-0.1778117075113419,-0.15854119403789366,-0.09207167431776786,-0.6199952519742746,-0.8305376958757923,0.369447020095063,0.4984974848710902,-0.47720972287510527,0.169777702522521,-0.7970658145992735,-0.31018932662069687,-1.2594739730997564,-1.5811969350040211,-1.2251035955811551,1,0
-0.034419098903249554,-0.018269768667032883,-0.09207167431776786,-0.4304488816481094,0.5130024504703438,0.29527259082175383,-0.6618810697267618,-0.13291710620927238,0.13153673449379352,-0.7970658145992735,0.7742286876049395,-1.2880095834964989,-1.1385640140113344,-0.9911374666210742,6,1
0.7235132608823813,0.713581146311371,0.745617060665476,-0.3887486801763535,-0.17015355614633537,-0.11268677018145634,0.09836694880286502,0.5536547200073896,-0.9938403246373253,0.22666266408110952,0.5146041793131341,-1.1696396440729744,-0.488603031831328,0.10617231163819837,5,0
1.9628350924237508,2.047684376740753,2.085919036638666,-1.1696797259201561,-0.48895969256745375,0.6290575225516516,0.058353895196042775,-0.783247604355846,0.09875876189774126,1.762255382101684,-1.0237151861437543,0.565748217832626,1.7675259424383938,1.0656924434693198,0,1
-0.5875048749630343,-0.5824048489628859,-0.5946849153077142,0.7750660336262983,0.10310884650033668,0.14692373227513225,-0.2617505336585365,-0.01110597575147742,-0.305502900120233,-0.7970658145992735,-0.7994137402045753,-1.3288753959165254,-0.6859393792264876,1.3915183367148347,2,0
-0.45435459554123425,-0.4848247269657654,-0.5946849153077142,-0.3508394061111204,2.0842612656887076,-0.7802566336412519,-1.342102981042744,0.5315072417423361,0.6669102868959763,-0.7970658145992735,1.0250224303085886,1.7043543018112899,0.3641897403295255,1.4269154263361015,4,1
-0.04466142808954186,0.010699330050862274,-0.03622575865221827,0.3921823655674449,-0.10183795548466684,0.9999296689182072,-0.4218027480858269,-0.2788891220471253,0.4156124969929106,-0.7970658145992735,0.7018164097820551,0.6228194386261107,0.6559477830605968,1.6102896174472499,3,0
-1.2839832596309113,-1.2822372864109848,-1.2648359032943093,1.229977322409095,-1.1038000985224643,0.07274930300182311,1.018667181759782,0.8516389730281111,-1.5947698222316118,-0.7970658145992735,-1.7036841364318163,0.8084770519481271,0.11589565259435033,-1.2610186913920014,7,0
0.2626084474992274,0.26684715029330364,0.24300381967552967,1.0025216780176966,0.10310884650033668,0.07274930300182311,-0.2217374800517143,-0.34835166751479324,0.48663143761769034,1.2503911427614924,1.2811146323651312,-0.06273979386846852,0.1538641650045582,1.4203540146014277,6,1
0.283093105871812,0.32326065832288897,0.1871579040099801,-0.3508394061111204,0.6951773855681251,0.591970307914997,-0.9019593913676965,-0.8517034462660117,0.6341323142999241,0.738526903421301,-1.0749336265550629,1.90974023837056,1.7105731738230816,0.07733663375160538,2,0
0.5289090063428274,0.501649318848875,0.46638748233772803,0.6385926469914619,0.3763712491470087,-0.3352100580013871,-0.2617505336585365,-0.3231840785772323,0.15885171165717007,-0.7970658145992735,-1.322195063023449,-1.2851912516054624,-0.8722848414502712,1.4286421136346998,2,0
0.3547894101758582,0.329359415947709,0.2988497353410793,-0.5024765023720527,0.3763712491470087,-0.3352100580013871,-0.2617505336585365,0.7690892813129112,-0.791709493628338,1.2503911427614924,-1.3204289099058175,0.12080407053527013,0.202323976896534,1.0468715519145975,2,1
0.41624338529361204,0.34308162060355407,0.46638748233772803,-1.2834075481158553,-0.3751003581313389,-0.965692706824528,0.6985627529052028,-0.01110597575147742,-0.32735488185093436,-0.285201575259082,-0.3631739201496368,1.8590102643319066,1.687592232101114,0.3860683227409963,5,0
-0.5977472041493266,-0.5671579549008359,-0.6505308309732637,0.7674841788132526,0.8545804537786843,0.8886680250082402,-1.1420377130086314,-1.451698766537464,1.1312648986733795,-0.7970658145992735,-0.13710632109282647,-0.4368733524035369,-0.8203279297310392,0.07543727772314716,3,1
-0.43386993716864963,-0.45433093884166526,-0.3713012526455158,-1.4767448458485435,-0.7394502283269017,-0.5206461311846633,0.8186019137256695,0.25567046698666895,-0.11976105540927176,0.22666266408110952,0.7865917594283589,1.089957949565377,1.5082409695318422,-1.674732968136174,3,1
-0.6899281668259574,-0.6449171146172913,-0.7063767466388133,-0.32809384167198313,0.3080556484853402,1.4820634591947266,-0.9419724449745188,-1.5835769325702835,-0.2235579686301033,-0.285201575259082,1.4559637910106331,1.6152245557572669,0.9332178407930359,-1.6244863677469612,6,0
0.5596359939017044,0.5550134480660502,0.46638748233772803,-0.9081057348700475,0.5813180511320123,-0.038512340908143906,-0.5418419089062936,-0.2718421971446082,0.6942252640593525,0.738526903421301,1.2369608044243479,1.032886728771892,0.5280538465209493,-1.0175557822896295,2,0
-1.171317638581696,-1.169410270351814,-1.15314407196321,-0.22952972910237548,-0.6483627607780109,0.07274930300182311,0.4984974848710902,-0.6976778019681394,1.1913578484328078,-0.7970658145992735,-0.08412172756388651,-0.9491051735993842,-0.9267396816175429,-0.0735758361458933,2,0
-0.47483925391381887,-0.4680531434975103,-0.5946849153077142,0.828139017317623,1.7882269961548112,0.18401094691178682,-1.5021551954700343,-0.12385677419175009,-1.1468041967522342,-0.7970658145992735,-0.5963061316769724,-0.8687827147048497,-0.41716227821738433,0.9375722459133197,1,1
-0.6899281668259574,-0.6784602815538014,-0.5388389996421645,1.229977322409095,-2.105762241560262,0.369447020095063,1.9389674147167006,-0.4258678414424812,0.44292747415628764,-0.7970658145992735,-0.15300169915150866,-0.5094453985977216,-0.5195773445870241,1.4959829182800368,4,0
1.1332064283340737,1.1221979071743133,1.0248466389932238,0.17230857598909236,0.49023058358312155,-0.07559955554479848,-0.5018288552994714,-0.15909139870433553,0.23533364771462456,-0.7970658145992735,-0.4921030977367239,1.7596640651728774,1.319397578860019,0.4523731150071742,0,0
-0.2597503410016804,-0.24849786900398912,-0.3154553369799662,0.2405452693065127,0.6040899180192344,0.2210981615484414,-0.7018941233335839,0.08352415865375214,-0.22902096406277853,-0.7970658145992735,1.1097977799548924,-1.128069248680189,-1.5492234508691094,0.4737840375097942,4,1
-1.1201059926502344,-1.134342414009099,-1.0972981562976605,0.005507770102068607,-0.7166783614396794,-1.188215994644462,1.2187324497938947,-0.3553985924173103,0.5084834193483913,0.738526903421301,-0.840035261910096,0.10037116432525704,-0.12040837859023307,-0.034207365737850166,2,0
0.743997919254966,0.7684699649347514,0.745617060665476,-0.37358497055026196,-0.05629422171022252,0.29527259082175383,-0.18172442644489206,-0.23560086907452055,0.9455230539624182,0.738526903421301,1.3235023071882834,0.24375379928172894,0.2827572729234218,0.06922120344819298,3,1
-0.6796858376396651,-0.6738862133351864,-0.7622226623043629,0.7182021225284508,1.5605083272825855,0.18401094691178682,-1.3821160346495662,-0.15003106668681326,0.15338871622449488,-0.7970658145992735,1.4047453505993244,-0.5781422384417315,-0.8233254438686871,0.803926649001805,5,1
-0.10611540320729572,-0.08993017075866827,-0.14791758998331744,0.6461745018045076,0.3763712491470087,0.29527259082175383,-0.5418419089062936,-0.023186418441506405,-0.38744783161036317,-0.7970658145992735,1.1062654737196296,-1.1502636123220997,-0.21233214547810494,1.7351291091359131,5,1
1.307326024501043,1.241123680858304,1.304076217320972,-0.608622469754706,-0.03352235482300035,-0.5948205604579757,0.1783930560165109,0.4117095183995464,-0.666060598676805,1.762255382101684,-1.6171426336678811,-0.08775248940141568,1.0606121916430755,-0.9184439313500822,4,0
-0.8333207754340497,-0.8233057751432773,-0.7622226623043629,1.229977322409095,-1.2859750336202458,0.369447020095063,0.9786541281529598,-0.01110597575147742,1.0001530082891714,0.738526903421301,-1.0449090235553304,0.068664930551099,0.41414830929032537,-1.895722560217946e-05,6,0
0.5084243479702428,0.4909764930054399,0.5222333980032776,0.03204426194773301,-0.12460982237189103,-0.22394841409142008,0.09836694880286502,0.7479485066053599,-0.20170598689940195,-0.7970658145992735,0.17550278072791883,-1.3887649486010465,-0.537562429412912,-1.6484873211974784,6,1
-0.1778117075113419,-0.12194864828897345,-0.14791758998331744,0.9229122024807077,-0.3067847574696724,1.111191312828171,-0.3017635872653588,-0.7762006794533289,0.21894466141659893,-0.7970658145992735,-1.627739552373669,-0.1134697679071218,-1.1355664998736863,-0.5440981250139527,1,0
-1.243013942885742,-1.2441200512558594,-1.2089899876287595,1.229977322409095,-1.6730967707030306,-0.2981228433647325,1.8189282538962324,1.623780601632481,-0.040547621635479675,0.22666266408110952,-0.08588788068151815,1.2784338947784293,0.9786801385473638,0.25225005709962156,7,0
-1.1508329802091113,-1.1709349597580192,-1.15314407196321,1.229977322409095,0.26251191471089386,-1.8557858581042574,0.5785235920847347,2.2096820720988988,-2.141069365499145,1.2503911427614924,0.9190532432507087,0.7778276926331071,1.0506204778509154,1.1927766286461607,7,1
-0.20853869507021883,-0.17378808809994373,-0.20376350564886703,-0.03240150396316445,-0.07906608859744468,0.703231951824964,-0.3417766408721824,-0.6855973592781097,0.8690411179049633,-0.7970658145992735,1.4224068817756377,-0.6052686828929558,-0.3457215246034406,0.6614749468674384,5,1
-1.0996213342776497,-1.0992745576663838,-1.041452240632111,1.229977322409095,-1.7641842382519213,-0.038512340908143906,1.738902146682588,-0.9261995095211922,0.8581151270396128,-0.7970658145992735,-1.6030134087268306,-0.2575569858363526,-1.4787818686343814,-1.5258925229969933,1,0
2.853917731631182,2.8268006633115124,2.9794536872874593,-1.7572734739312663,-0.4206440919057852,-0.1497739848181109,0.33844527044379985,0.11573867249383014,-0.11976105540927176,2.2741196214418755,0.7035825628996861,0.7841689393879391,1.1815119285282112,1.4497076986776003,0,0
-0.843563104620342,-0.8659970785170175,-0.873914493635462,1.229977322409095,0.7179492524553472,-0.965692706824528,-0.2617505336585365,1.454654403972071,-0.9938403246373253,-0.7970658145992735,-1.4599550061986928,-0.551015793990507,-0.19784416047947292,-0.415632589998233,5,0
0.7030286025097967,0.6342972971887106,0.6339252293343768,-0.7640504934221611,0.3763712491470087,-0.7802566336412519,-0.061685265624423946,0.10667834047630786,0.016813830407611554,-0.7970658145992735,0.6894533379586356,-0.2395901200309963,-1.5597147503508773,1.3191701389035626,5,1
-0.9664710548558497,-0.9925462992320332,-1.041452240632111,1.229977322409095,2.4713830027714923,-1.4107392824643927,-1.342102981042744,0.6291574868200724,-0.8080984799263635,-0.7970658145992735,0.9773362961325426,-0.32590153419398277,-1.0686220174662147,0.3454911712239343,3,1
0.08848885133225816,0.045767186393577464,0.0754660726788809,0.21400877746084832,0.0803369796131125,-0.7060822043679427,0.13838000240968726,0.646271447297614,-1.0320812926660523,0.738526903421301,1.4277053411285316,0.8912655512473181,0.3452054841244217,-0.060107675216825904,5,0
0.06800419295967354,0.11590289907900785,0.0754660726788809,-0.058937995808828844,-0.10183795548466684,0.8144935957349277,-0.3817896944790046,-1.1637815490917673,0.3118155837720795,-0.7970658145992735,-1.4723180780221121,-1.1583663165088292,-0.8722848414502712,-0.016422486562286814,2,1
0.580120652274289,0.6068528878770205,0.6339252293343768,-1.2720347658962823,-0.3751003581313389,0.33235980545840843,0.058353895196042775,-0.07452829987413048,-0.6551346078114546,-0.7970658145992735,1.7085236868319131,-1.3789007869824195,-0.6899360647433515,0.5898174239756055,2,1
-0.7308974835711266,-0.7592688200826669,-0.7063767466388133,0.13060837451733642,-0.39787222501856306,-1.0398671360978404,0.738575806512025,-0.01110597575147742,-1.4035649820879752,-0.7970658145992735,1.4065115037169555,-0.9959599412878626,-0.4691191899366163,0.7578240981292281,3,0
0.283093105871812,0.2546496350436636,0.2988497353410793,-0.8019597674873942,-0.14738168925911319,-0.4093844872746995,0.21840610962333312,-0.2053997623494477,0.027739821272961988,-0.7970658145992735,1.627280643420872,-0.6260538805893485,-1.1975151253850782,0.2771143541994383,5,1
-0.577262545776742,-0.5549604396511958,-0.5946849153077142,0.7788569610328212,0.26251191471089386,0.6290575225516516,-0.5818549625131172,-0.6292219600579737,-0.05966810564984293,0.738526903421301,1.2334284981890857,0.37515852370129593,1.2334688402474434,-1.5400513588455,1,0
-1.007440371601019,-1.0016944356692632,-1.041452240632111,0.32773659965654744,1.1733865901998006,0.29527259082175383,-1.1420377130086314,-0.061441153626599264,-0.23448395949545373,-0.285201575259082,1.2387269575419795,1.8544304750089728,0.6039908713413651,-0.1452333590377262,3,0
3.0075526694255665,3.0524546954298537,2.8119159402908105,-1.8255101672486866,0.5130024504703438,0.2581853761850993,-0.6618810697267618,0.15802022190893195,-0.27818792295685646,2.2741196214418755,0.21612430243343936,-0.1479943335723166,-0.4481365909730801,-1.501546232086756,0,1
-1.140590651022819,-1.1282436563842788,-1.15314407196321,1.229977322409095,0.7179492524553472,0.9628424542815494,-1.0219985521881647,-0.6010342604479054,-0.6168936397827272,-0.7970658145992735,-0.8418014150277272,-1.3785484954960399,-0.3647057808085444,-0.6713549789206534,7,1
0.19091214319518127,0.16621764948377313,0.2988497353410793,0.5134920425761899,-0.8077658289885701,-0.37229727263804163,0.8186019137256695,0.9452624038758376,0.00042484410958541953,-0.7970658145992735,-1.1791366604953113,-0.8589185530862226,-0.7738664605974954,0.4938136101735354,4,0
-0.7821091295025882,-0.7928119870191771,-0.8180685779699125,-0.5479676312503357,0.7634929862297937,-0.4464717019113541,-0.5418419089062936,0.1912414393065129,-0.040547621635479675,-0.7970658145992735,0.7848256063107277,-0.6633967781455793,-0.50309101682996,-0.7623513995567883,3,0
0.5186666771565351,0.5290937281605651,0.41054156667217845,-0.35842126092417037,0.6951773855681251,0.14692373227513225,-0.7419071769404062,-0.15003106668681326,-0.1361500417072979,0.738526903421301,0.572887232194968,-0.36852880404590677,1.4008300462661227,-0.6492533814985942,2,1
-0.6284741917082035,-0.6601640086793413,-0.5946849153077142,-0.21057509206976108,-0.48895969256745375,-1.0027799214611826,0.8186019137256695,0.6804993682526972,-0.5076337311292204,0.738526903421301,-0.5150630882659314,0.25643629279139224,1.6805980324466023,-1.447328250910767,3,0
0.2318814599403505,0.17231640710859314,0.1313119883444305,-0.6313680341938476,0.7634929862297937,-0.8915182775512188,-0.3417766408721824,0.38452852234698026,-0.8627284342531172,0.22666266408110952,-0.6757830219703823,0.38255664491526653,1.1085724178454435,-0.63233184597233,2,1
0.5596359939017044,0.5473900010350252,0.41054156667217845,-0.7147684371373594,0.9684397882147971,-0.1497739848181109,-0.8219332841540521,-0.42083432365496926,0.6177433280018985,0.738526903421301,0.8395763529572988,1.1938839380473407,0.5430414172091893,-0.9690358691990149,6,0
3.0485219861707358,2.970121467494783,3.0911455186185584,-1.973356336103096,-0.17015355614633537,-0.4093844872746995,0.21840610962333312,0.6351977081650872,-0.3218918864182591,-0.285201575259082,0.855471731015981,-1.0375303366806479,-0.5095856307948642,1.2861904115003333,0,0
-0.9459863964832651,-0.9498549958582929,-0.9856063249665613,1.229977322409095,1.1733865901998006,-0.22394841409142008,-0.9019593913676965,-0.4923102762376424,0.350056551800807,-0.7970658145992735,-0.08588788068151815,-1.1012950957153442,-1.5427288369042051,-1.6479693150078991,1,0
-0.7616244711300035,-0.7470713048330269,-0.7622226623043629,0.6537563566175534,0.03479324583866816,0.5177958786416845,-0.3417766408721824,0.2848648701542395,-0.9555993566085978,-0.7970658145992735,-0.05233097144652265,-0.6190080508617577,-0.4901017889001521,1.5564169737309803,3,1
-0.5875048749630343,-0.5580098184636058,-0.5388389996421645,0.31636381743697883,-0.6711346276652331,0.8515808103715856,0.13838000240968726,0.14795318633390817,-1.430879959251352,-0.7970658145992735,-0.9972228893792843,-0.09937810845194035,-1.1160826579789744,-0.6204177036120012,5,1
-0.43386993716864963,-0.43908404477961516,-0.48299308397661495,-0.31672105945241025,0.6268617849064566,-0.1497739848181109,-0.5818549625131172,-0.01110597575147742,-0.21263197776475237,-0.7970658145992735,-1.422865790728435,-1.1643552717772814,-0.16537109065495298,0.6226244826489749,2,0
1.409749316363966,1.3646235227609096,1.4716139643176205,-0.4077033172089721,-0.3067847574696724,-0.37229727263804163,0.33844527044379985,0.5204335026098094,-0.6168936397827272,2.2741196214418755,0.7053487160173177,0.5946361197157477,1.0686055626768036,-0.2921744481484486,4,0
0.20115447238147358,0.2028101952326933,0.24300381967552967,0.5172829699827127,-0.35232849124411675,0.03566208836516524,0.1783930560165109,0.0009744669385522797,-0.11429805997659655,-0.7970658145992735,-1.1402812919074221,-1.4123684781884756,-1.3229111334766859,-0.9203432873785404,3,0
0.3855163977347351,0.39187168160211433,0.41054156667217845,-0.6882319452916951,-0.21569728992078172,0.10983651763847768,0.018340841589220537,0.12580570806885394,-0.1416130371399731,-0.285201575259082,-0.4426508104430467,-1.2083917075747235,-0.7648739181845513,-0.5318386451939041,5,0
-0.5362932290315727,-0.4833000375595604,-0.5388389996421645,1.229977322409095,0.03479324583866816,1.4449762445580687,-0.7419071769404062,-1.3610954463622449,1.2787657753556132,-0.7970658145992735,0.15607509643397388,-0.10677622966591066,-0.5830247271672399,0.2429259456871903,2,1
-0.034419098903249554,-0.07315858729041318,-0.14791758998331744,0.6765019210566949,1.08229912265091,-0.6689949897312848,-0.6618810697267618,0.2154023246865709,0.503020423915716,-0.7970658145992735,-1.0943613108490076,-0.14094850384472574,-1.4263253712255417,1.4490170237581608,4,1
-0.8128361170614651,-0.8050095022688172,-0.7063767466388133,0.6082652277392746,-1.8097279720263657,0.29527259082175383,1.61886298586212,-0.4198276200974663,0.4593164604543133,1.2503911427614924,0.13311510590476666,1.1364604257674762,1.8644455662223454,0.0246726711443547,5,1
0.3547894101758582,0.30343969604222387,0.2988497353410793,-0.0703107780283975,0.3763712491470087,-0.7060822043679427,-0.10169831923124757,0.428823478877088,-0.4147628087737398,0.738526903421301,-1.7531364237254936,2.0115524779342464,1.8384671103627297,1.3533585474158103,3,1
-0.13684239076617266,-0.10670175422692336,-0.14791758998331744,0.33531845446959746,0.0803369796131125,0.591970307914997,-0.4218027480858269,-0.5647929323778177,-0.18531700060137582,0.22666266408110952,-0.7835183621458933,0.9099370000254337,0.4091524523942454,0.6215884702698158,5,0
1.112721769961489,1.1603151423294384,1.0806925546587736,-1.6625002887681857,0.10310884650033668,0.48070866400503,-0.4218027480858269,-0.2627818651270866,0.13699972992646875,0.22666266408110952,-1.680724145902609,-0.3967121229562699,-0.8063395304220153,1.5189478593513952,0,1
-0.577262545776742,-0.6281455311490362,-0.5946849153077142,-0.1233837617197221,0.26251191471089386,-1.4849137117377051,0.37845832405062346,1.0942545303861988,-0.5786526717539996,0.738526903421301,-0.21481705826860525,0.312802930612118,1.7530379574397619,1.2666788450261715,2,1
3.0382796569844435,2.901510444215558,3.146991434284108,-1.6321728695159985,-0.35232849124411675,-0.7431694190045973,0.5385105384779124,0.8828467833106868,-0.8299504616570649,-0.7970658145992735,-0.44441696356067784,-0.38755254431040176,-0.22981764461438492,1.092283427867735,0,1
1.6658075460212738,1.7503699425307766,1.6391517113142693,-0.7716323482352069,0.05756511272589033,0.703231951824964,-0.46181580169264913,-0.01110597575147742,1.022004990019873,-0.7970658145992735,1.0108932053675381,-0.36571047215487057,-1.1535515846995743,0.6050122722032714,0,0
0.3547894101758582,0.33698286297873403,0.35469565100662886,-0.0703107780283975,-0.03352235482300035,-0.22394841409142008,0.018340841589220537,0.544594387989868,-0.20170598689940195,-0.7970658145992735,0.07129974678767007,-1.1277169571938093,-0.7503859331859193,0.5817019936721931,2,0
-0.024176769716957244,-0.08993017075866827,-0.09207167431776786,-0.14233839875234072,0.6040899180192344,-1.1511287800078043,-0.10169831923124757,0.6513049650851266,-0.5130967265618955,0.738526903421301,0.42806267654919916,-0.385086503905745,0.06443832656472631,1.7059480937896003,4,0
3.0997336321021973,3.087522551772569,3.2028373499496574,-3.133380122499225,-0.32955662435689453,-0.038512340908143906,0.21840610962333312,-0.13795062399678426,0.27357461574335207,1.762255382101684,-0.35610930767911175,0.8384218282903876,0.9502037542397077,0.8329349956182578,0,1
0.13970049726371972,0.1631682706713631,0.1871579040099801,0.24433619671303558,-0.39787222501856306,0.369447020095063,0.09836694880286502,-0.01110597575147742,-0.14707603257264834,0.22666266408110952,0.9490778462504414,1.5962008154927723,0.04095779915315047,0.0246726711443547,1,0
-0.710412825198542,-0.7272503425523618,-0.7063767466388133,-0.9043148074635247,-0.05629422171022252,-0.5948205604579757,0.21840610962333312,0.9643897714683844,-0.1798540051687006,0.738526903421301,-0.33844777650279845,-0.2205663797665013,1.265941910071963,0.4648052635570825,5,0
-1.171317638581696,-1.164836202133199,-1.15314407196321,1.229977322409095,-0.6483627607780109,0.5177958786416845,0.2984322168369776,0.2848648701542395,-1.3270830460305203,-0.7970658145992735,-0.5327246194422447,-0.15539245478628688,-0.3991771933914964,-0.048193532856497065,6,1
-0.1675693783250496,-0.19665842919301885,-0.14791758998331744,0.9229122024807077,-0.21569728992078172,-0.5577333458213211,0.33844527044379985,-0.44801531970753466,1.0875609352119768,1.762255382101684,0.06246898119951341,0.029912867049349853,1.5876750941795141,1.0007690010420207,5,1
-1.2839832596309113,-1.2944348016606249,-1.2648359032943093,1.229977322409095,-1.1038000985224643,-1.8928730727409122,2.059006575537166,0.8516389730281111,1.3170067433843407,-0.7970658145992735,0.7336071658994189,-0.7937446281060082,-0.5005930883819201,0.5312827245531203,7,1
-0.14708471995246497,-0.21343001266127395,-0.14791758998331744,0.32773659965654744,-0.010750487935776163,-1.2623904239177712,0.4984974848710902,0.9382154789733206,-0.5185597219945713,-0.285201575259082,-0.3702385326201623,-0.3706425529641841,1.7135706879607298,-0.5472061621514297,4,1
2.587617172787582,2.599621941786966,2.6443781932941617,-2.049174884233562,-0.23846915680800387,0.10983651763847768,0.058353895196042775,0.35734752629441485,0.03320281670563769,0.22666266408110952,-1.1950320385539932,-1.2055733756836873,-0.47411504683269623,-1.2501405614108316,0,0
2.2188933220810587,2.2779124770777095,2.197610867969765,-1.848255731687828,0.012021378951446001,0.40653423473172084,-0.3017635872653588,-0.8204956359834366,0.6068173371365471,-0.7970658145992735,-1.6930872177260283,-0.34245923405382095,-1.2334852950368542,1.003531700719778,0,1
0.42648571447990435,0.37967416635247425,0.5222333980032776,-0.22952972910237548,-0.6483627607780109,-0.6319077750946303,0.7785888601188473,0.2848648701542395,-0.48578174939851904,0.738526903421301,1.4541976378930015,-0.19308764382889737,0.7718516630496524,1.249239303310328,1,1
-1.0586520175324805,-1.0718301483546937,-1.041452240632111,1.229977322409095,-0.4434159587930074,-0.9286054921878735,0.7785888601188473,0.9754635106009112,-1.8078266441059494,-0.7970658145992735,0.11545357472845336,1.9925287376697516,1.6800984467569937,1.456269110412274,2,0
0.5903629814605813,0.6739392217500408,0.6339252293343768,-0.3015573498263187,-0.3067847574696724,1.0370168835548619,-0.2617505336585365,-0.905058734813641,-0.32735488185093436,-0.7970658145992735,-1.1296843732016342,-0.8969660336152125,-0.9612110942004948,-0.44032421836818986,2,1
0.3650317393621505,0.32478534772909395,0.5222333980032776,-0.49489464755900686,-1.0354844978607958,-0.5577333458213211,1.1387063425802502,0.5747954947149408,-1.310694059732494,1.2503911427614924,0.08013051237582673,0.4561855655685899,1.016648650957572,-1.4108951489103412,4,0
-0.3929006204234804,-0.3857199155624399,-0.48299308397661495,0.8584664365698103,1.1733865901998006,0.14692373227513225,-1.102024659401809,-0.5869404106428712,-0.9064323977145199,0.738526903421301,1.627280643420872,0.13771406188148808,0.9851747525122676,-1.4875600649681093,1,0
-1.3147102471897882,-1.3035829380978547,-1.3206818189598588,1.229977322409095,1.1733865901998006,2.0012844641079006,-1.6622074098973232,-0.669490102358071,0.8089481681455349,1.2503911427614924,-1.0925951577313762,1.5993714388701876,0.7518682354653324,-1.5281372164851712,7,0
0.6108476398331659,0.5306184175667701,0.5222333980032776,-0.2863936402002272,0.5130024504703438,-0.965692706824528,-0.10169831923124757,0.6221105619175553,-0.38198483617768797,-0.7970658145992735,-1.5394318964921028,-0.08634332345589757,-0.7838581743896554,1.4333041693409154,5,1
-1.0484096883461882,-1.0321882237933633,-1.041452240632111,1.229977322409095,-0.12460982237189103,0.9628424542815494,-0.3817896944790046,-1.1345871459241967,1.065708953481275,0.738526903421301,-0.48503848526619864,2.012609352393385,0.020474785879222558,-0.6043595117350362,5,0
-1.1815599677679882,-1.2121015737255543,-1.2089899876287595,1.229977322409095,1.742683262380367,-3.0796639411138846,-0.0216722120176017,2.9949108469507992,-1.9061605618941058,-0.7970658145992735,-0.9106813866153491,-0.9216264376617803,-1.5262425091471412,1.6532841311823496,2,0
-1.0484096883461882,-1.0504844966678235,-1.0972981562976605,1.229977322409095,1.9248581974781482,-0.1868611994547655,-1.4621421418632108,0.5657351626974193,-0.4639297676678177,-0.7970658145992735,-1.1385151387897907,-1.440199505612459,-0.6179957254397999,0.6785691511235624,2,1
0.11921583889113509,0.053390633424602506,0.1871579040099801,-0.26743900316760855,-0.5572752932291203,-1.0398671360978404,0.8986280209393154,1.518076728094724,-1.2779160871364423,-0.7970658145992735,-0.6545891845588062,-0.8962614506424537,-0.4816088321768162,-1.1916058619883465,4,1
2.034531396727797,1.9074129513698925,1.9183812896420172,-1.6776639983942774,0.3763712491470087,-0.8915182775512188,-0.0216722120176017,0.8103641271705114,-0.7206905530035587,3.2978481001222586,0.915520937015446,1.2347497504673668,0.7478715499484684,-0.5535949051562438,0,1
-0.5977472041493266,-0.6662627663041614,-0.5946849153077142,1.229977322409095,-0.03352235482300035,-2.0412219312875335,0.9386410745461377,1.911697819078178,-1.3543980231938968,-0.7970658145992735,0.7194779409583684,-0.7183542500207872,-0.5905185125113599,-1.4317880652233814,2,0
1.7682308378841969,1.6878576768763713,1.7508435426453686,-1.0711156133505484,0.012021378951446001,-0.5948205604579757,0.13838000240968726,0.4660715105046779,-0.15253902800532404,1.2503911427614924,0.943779386897547,0.6273992279490449,0.3497017553308935,-0.013832455614389245,0,0
-1.2532562720720344,-1.2608916347241146,-1.2089899876287595,1.229977322409095,-2.2423934428835968,-1.188215994644462,3.0593329157077287,-0.9896218336438459,0.48116844218501514,-0.7970658145992735,1.3623576757761722,0.29272231588848463,0.7298864651225807,0.15866360551558925,3,0
2.9460986943078127,2.9472511264017083,2.8677618559563602,-1.6928277080203689,0.17142444716200317,0.03566208836516524,-0.2617505336585365,0.1640604432539468,0.3336675655027804,-0.7970658145992735,1.466560709716421,-0.20612242882494017,-1.1775316978007582,1.2851543991211742,0,1
1.5121726082268891,1.5414874938806906,1.4716139643176205,-2.4548041167315526,0.12588071338755885,0.2581853761850993,-0.3417766408721824,-0.38660640269988605,0.4046865061275602,2.7859838607820673,-1.6948533708436595,0.9448138571770076,0.541043074450757,-1.212326109571527,4,1
-1.0586520175324805,-1.0672560801360786,-1.0972981562976605,1.229977322409095,1.5605083272825855,-0.6319077750946303,-1.0219985521881647,0.8858668939831942,0.7433922229534303,0.22666266408110952,0.5958472227241751,0.5682142582372824,0.2942477437844056,-0.15075875839324102,7,0
-0.6182318625219112,-0.6601640086793413,-0.5946849153077142,0.7561113965936839,-0.35232849124411675,-1.2994776385544258,0.8186019137256695,0.3211061982243272,-0.7971724890610131,-0.285201575259082,-1.6065457149620932,1.3037988817977564,0.08991719673473421,0.0246726711443547,1,0
0.9898138197259814,0.9925993076468876,1.0248466389932238,-1.1696797259201561,-0.21569728992078172,0.03566208836516524,0.058353895196042775,0.5244603168398191,-0.015964142188440715,2.2741196214418755,1.3199700009530206,0.41355829571666564,0.170350492761622,-0.31721141397812513,4,1
-1.1815599677679882,-1.154163376289764,-1.2089899876287595,-0.2863936402002272,1.742683262380367,2.5575926836577323,-2.302416267606483,-1.4335781025024203,0.7160772457900543,-0.7970658145992735,-0.13710632109282647,-0.7215248733982031,-1.3299053331311976,0.08165335199810134,6,0
2.393012918248028,2.4151345236361603,2.588532277628612,-2.113620650144455,-0.6711346276652331,0.14692373227513225,0.41847137765744574,-0.23056735128700864,0.2626486248780016,1.2503911427614924,-0.3914323700317384,-0.3611306828319365,-1.4238274427775017,1.5210198841097136,0,1
-0.1880540366976342,-0.16463995166271367,-0.2596094213144166,0.9191212750741848,0.7407211193425695,0.48070866400503,-0.9019593913676965,-0.6735169165880808,0.8854301042029898,-0.7970658145992735,1.4347699535990572,-1.1192619615207007,-0.3612086809812885,0.47499271861881304,6,1
0.7644825776275506,0.7715193437471614,0.8573088919965751,-1.0635337585375026,-0.5572752932291203,0.07274930300182311,0.33844527044379985,-0.03124004690152573,-0.45846677223514243,-0.7970658145992735,0.9473116931328098,-0.7296275775849324,-0.8288208864543753,0.7597234541576864,1,0
0.4879396895976582,0.44980987903790465,0.46638748233772803,-0.18024767281757378,0.10310884650033668,-0.48355891654800864,0.018340841589220537,0.6311708939350776,-0.49670774026386993,-0.285201575259082,-1.2762750819650346,-1.1101023828748326,-1.2229939955550861,-1.382059471023748,1,0
0.5698783230879967,0.5626368950970753,0.46638748233772803,-0.31672105945241025,0.6268617849064566,-0.07559955554479848,-0.5818549625131172,0.15097329700641487,-0.3218918864182591,0.22666266408110952,0.7088810222525805,0.9289607402899289,0.9936677092356038,0.0246726711443547,3,1
0.33430475180327357,0.4086432650703694,0.46638748233772803,0.35427309150221187,-0.8988532965374608,1.0370168835548619,0.25841916323015535,-1.0117693119088995,1.1367278941060546,-0.7970658145992735,0.5022411074897146,-1.061838449240836,-0.7473884190482714,-0.6641028922665403,3,0
0.13970049726371972,0.22872991513817845,0.1313119883444305,-0.49489464755900686,0.03479324583866816,1.4078890299214142,-0.7018941233335839,-0.7661336438783051,1.169505866702107,0.738526903421301,-1.000755195614547,0.7510535396682622,1.6306394634858024,-1.429025365545624,4,1
-0.5362932290315727,-0.5275160303395057,-0.5946849153077142,0.3694368011283034,0.8773523206659064,0.2210981615484414,-0.9019593913676965,0.537547463087351,-0.1306870462746227,0.738526903421301,-0.8859552429685105,-0.16631349086405237,1.5906726083171625,-1.1208116827458126,5,0
-1.0688943467187728,-1.0596326331050536,-1.041452240632111,1.229977322409095,-0.784993962101348,0.5548830932783424,0.41847137765744574,-0.10875622082921368,0.011350834974936337,-0.7970658145992735,0.970271683662017,-0.23430574773530305,-0.584523484236064,0.3798522484660421,1,0
-0.8742900921792189,-0.8903921090162976,-0.873914493635462,0.5400285344218543,0.03479324583866816,-0.7431694190045973,0.21840610962333312,1.3680778980268615,-1.3543980231938968,-0.7970658145992735,1.3676561351290666,-0.5770853639825929,-1.4378158420865257,-0.4453316115341251,6,0
-0.6387165208944958,-0.6494911828359063,-0.7063767466388133,0.25949990633913134,1.1733865901998006,-0.3352100580013871,-0.9019593913676965,0.09459789778627889,0.8089481681455349,0.738526903421301,1.070942411367003,-0.39565524849713124,0.9851747525122676,0.0246726711443547,1,1
-0.4850815831001112,-0.5031209998402255,-0.48299308397661495,1.229977322409095,-0.03352235482300035,-0.48355891654800864,0.13838000240968726,0.25365705987166376,0.10422175733041696,-0.7970658145992735,-0.7870506683811561,-0.573210157632418,-1.4413129419137816,0.9277301283113091,2,0
-0.04466142808954186,-0.042664799166313015,-0.09207167431776786,0.3921823655674449,0.4219149829214531,0.03566208836516524,-0.46181580169264913,-0.3644589244348326,-0.33828087271628526,-0.7970658145992735,-0.11767863679888202,-1.4571094969586769,-0.22132468789104878,1.4220807019000261,2,1
-1.304467918003496,-1.3081570063164698,-1.2648359032943093,1.229977322409095,-2.629515179966382,-0.9286054921878735,3.459463451775954,0.7016401429602485,0.1643147070898453,-0.7970658145992735,1.0462162677201643,-1.1710488100184926,-1.1855250688344863,1.6095989425278103,7,1
-0.1880540366976342,-0.19208436097440382,-0.20376350564886703,0.9191212750741848,0.148652580274781,-0.07559955554479848,-0.18172442644489206,0.05130964481367412,0.8253371544435606,-0.7970658145992735,0.42806267654919916,-0.3163896640617354,1.2114870699046911,-0.49506020573375853,1,0
1.2868413661284583,1.3432778710740394,1.5833057956487198,-1.7610644013377892,-1.2632031667330235,0.5177958786416845,0.8586149673324931,-0.4751963157601008,0.3008895929067291,1.762255382101684,-0.22541397697439305,-0.3643013062093524,1.1415450733595711,1.56729510371215,4,1
-0.21878102425651114,-0.24239911137916909,-0.2596094213144166,0.5931015181131788,0.4219149829214531,-0.48355891654800864,-0.2217374800517143,0.16305373969644457,-0.15253902800532404,0.22666266408110952,1.1133300861901552,-0.22268012868477838,1.3658590479935628,-1.0836879058259474,6,0
-1.140590651022819,-1.1328177246028939,-1.15314407196321,1.229977322409095,0.7179492524553472,0.5548830932783424,-0.8619463377608743,-0.8939849956811142,0.8908930996356651,-0.7970658145992735,0.5976133758418067,-0.8240416959346484,-1.235983223484894,0.8845629458463494,7,0
0.8156942235590121,0.7806674801843915,0.9131548076621248,0.02446240713468303,-0.5572752932291203,-0.37229727263804163,0.5785235920847347,0.19526825353652258,-0.6168936397827272,1.2503911427614924,-0.038201746505472096,0.8895040938154205,1.667109218827186,1.2670241824858914,3,1
-0.12660006157988035,-0.12194864828897345,-0.03622575865221827,0.3429003092826432,-0.8305376958757923,0.07274930300182311,0.6185366456915583,0.12983252229886433,0.5576503782424691,-0.7970658145992735,0.8978594058391326,-1.3436716383444658,-1.6071753908636373,0.42647280552819844,5,1
-0.013934440530664935,-0.018269768667032883,0.019620157013331318,-1.4956994828811578,-0.3067847574696724,-0.07559955554479848,0.21840610962333312,-0.18425898764189647,0.1643147070898453,0.22666266408110952,-1.451124240610536,1.8114509136706693,1.777517656230554,0.5880907366770072,3,1
1.3482953412462122,1.3265062876057845,1.3599221329865214,-1.1393523066679687,-0.10183795548466684,-0.1868611994547655,0.058353895196042775,0.09661130490128336,-0.040547621635479675,1.762255382101684,-0.5539184568538205,1.618395179134683,1.8699410088080335,1.4503983735970396,4,1
-0.976713384042142,-0.9818734733885981,-0.873914493635462,1.229977322409095,-2.2423934428835968,-0.3352100580013871,2.499150165212215,0.14593977921890297,0.23533364771462456,-0.7970658145992735,0.005069004876495135,-0.3540848531043459,-1.3189144479598218,1.2899891235572498,5,1
-1.1303483218365267,-1.138916482227714,-1.15314407196321,1.229977322409095,1.1733865901998006,-0.7802566336412519,-0.6618810697267618,0.4660715105046779,-0.6496716123787789,0.22666266408110952,-0.5768784473830277,0.4935284631248209,0.07393045466727835,-0.8179507305716561,2,1
-0.6182318625219112,-0.6250961523366262,-0.6505308309732637,0.7561113965936839,0.5130024504703438,-0.22394841409142008,-0.4218027480858269,0.4952659136722485,-0.43661479050444113,0.22666266408110952,1.5866591217153514,-0.03173814306706915,1.6081581074534421,-0.014868467993548275,2,1
1.7272615211390276,1.7274996014377015,1.8625353739764674,-1.5904726680442425,-0.5572752932291203,0.03566208836516524,0.37845832405062346,-0.02721323267151607,-0.24540995036080465,2.2741196214418755,0.3097304176678998,-0.3967121229562699,0.10890145293983829,0.18352790261540594,0,0
0.3855163977347351,0.32478534772909395,0.41054156667217845,-0.6882319452916951,-0.21569728992078172,-0.8173438482779064,0.45848443126426797,0.6523116686426288,-0.38744783161036317,-0.7970658145992735,-1.214459722847938,-0.8782945848370971,-1.1160826579789744,0.5879180679471473,6,1
0.10897350970484278,0.05796470164321753,0.1313119883444305,-0.2750208579806543,-0.21569728992078172,-0.8173438482779064,0.45848443126426797,0.9060009651332426,-0.07059409651519384,0.738526903421301,-1.675425686549715,1.41512299149369,1.289422437483539,-1.6305297732920554,3,0
1.3687799996187968,1.42561109900911,1.3599221329865214,-1.2606619836767137,-0.010750487935776163,0.5177958786416845,-0.3017635872653588,-0.3574119995323155,0.0823697755997156,1.762255382101684,-1.1862012729658367,0.29694981372503876,1.3983321178180825,0.0246726711443547,4,0
-0.15732704913875728,-0.2058065656302489,-0.14791758998331744,-0.2863936402002272,-0.12460982237189103,-0.9286054921878735,0.41847137765744574,1.0338523169360523,-0.8627284342531172,-0.285201575259082,0.8960932527215015,1.62050892805296,1.3024116654133469,0.8503745373341015,3,1
-0.034419098903249554,-0.03046728391667295,-0.09207167431776786,-0.4304488816481094,0.5130024504703438,0.07274930300182311,-0.5418419089062936,-0.07050148564412083,-0.666060598676805,0.738526903421301,-0.5927738254417099,-0.07718374481002967,0.2942477437844056,0.4190480501442254,1,0
0.07824652214596585,0.06101408045562755,0.24300381967552967,0.20642692264780255,-1.2632031667330235,-0.26103562872807795,1.258745503400717,0.666405518447663,-0.2617989366588303,-0.285201575259082,1.6520067870677109,1.5701312455006862,1.5981663936612822,-1.0125483891236942,5,0
-0.7718668003162958,-0.7165775167089267,-0.8180685779699125,0.6461745018045076,0.9684397882147971,2.038371678744555,-1.622194356290501,-1.6872673989930347,0.5084834193483913,-0.7970658145992735,0.005069004876495135,-0.40798545052041485,-0.542558286308992,-0.8528298140033435,6,0
-0.0856307448347111,-0.07468327669661819,-0.09207167431776786,1.229977322409095,0.03479324583866816,0.2210981615484414,-0.2217374800517143,-0.01110597575147742,0.20255567511857278,-0.7970658145992735,0.5870164571360185,-1.4349151333167658,-1.1985142967642943,0.6189984393219182,3,1
-0.46459692472752656,-0.4482321812168452,-0.3154553369799662,-1.1658887985136333,-1.6730967707030306,0.40653423473172084,1.378784664221185,-0.07956181766164311,0.10968475276309217,0.738526903421301,0.005069004876495135,-0.14235766979024386,1.3533694057533632,-0.6813697652525241,5,1
-0.5055662414726958,-0.5305654091519156,-0.5388389996421645,0.8129753076915314,0.4674587166958994,-0.6689949897312848,-0.18172442644489206,0.8435853445680918,-0.9829143337719743,0.738526903421301,-0.8665275586745661,1.4510567231044027,1.5756850376289224,-0.8795934671316187,6,0
0.6620592857646275,0.6693651535314259,0.6339252293343768,-0.2484843661349941,0.12588071338755885,0.10983651763847768,-0.2617505336585365,-0.13191040265176943,0.3664455380988327,-0.7970658145992735,0.8943270996038699,-0.4227816929483555,-1.3164165195117818,0.0246726711443547,4,1
0.8873905278630583,0.8279328517767467,0.8573088919965751,-1.7762281109638849,0.12588071338755885,-0.6319077750946303,0.058353895196042775,0.7721093919854186,-0.23994695492812895,1.762255382101684,-0.6545891845588062,1.4732510867463133,1.0885889902611237,-1.0595142836455702,6,1
0.33430475180327357,0.3461309994159641,0.24300381967552967,-0.08547448765448903,0.6496336517936787,0.18401094691178682,-0.7018941233335839,-0.5396253434402568,0.9018190905010155,-0.7970658145992735,-1.0148844205555976,-0.771902555950477,-0.214330488236537,1.2590814209123387,0,0
1.5326572665994738,1.5643578349737657,1.5833057956487198,-1.64733657914209,-0.26124102369522606,0.29527259082175383,0.018340841589220537,-0.6151281102529396,-0.03235312848646636,-0.7970658145992735,0.3821426954907842,-0.1751207780235408,-0.6120006971645037,1.3241775320694977,0,0
-0.22902335344280345,-0.24697317959778411,-0.2596094213144166,0.2670817611521771,0.3080556484853402,-0.37229727263804163,-0.18172442644489206,1.1254623406687738,-1.436342954684027,-0.7970658145992735,1.627280643420872,-1.0597247003225587,-0.3072534265036245,-1.3104019481319151,2,1
-0.7411398127574189,-0.7562194412702569,-0.5946849153077142,0.6727109936501678,-2.1740778422219282,-0.5577333458213211,2.499150165212215,0.3150659768793123,-0.5841156671866753,-0.7970658145992735,1.6661360120087614,-0.19590597571993362,-1.4732864260486935,-1.4639044489773114,3,1
-0.280234999374265,-0.3232076499080345,-0.3154553369799662,-0.11201097950015344,0.3763712491470087,-0.9286054921878735,-0.0216722120176017,0.5093597634772826,-0.3983738224757136,0.22666266408110952,-1.269210469494509,0.8785830577376548,0.8622766728687001,1.723387635505444,4,0
0.2216391307540582,0.22415584691956345,0.1313119883444305,0.5286557522022856,0.6951773855681251,0.03566208836516524,-0.7018941233335839,0.14090626143139107,0.08783277103239082,-0.7970658145992735,-0.6616537970293316,-0.1472897505995574,-0.23531308720007285,-0.7183208734425295,3,0
-1.0279250299736036,-1.0291388449809533,-1.041452240632111,1.229977322409095,0.5130024504703438,-0.1497739848181109,-0.46181580169264913,0.2818447594817321,-0.16346501887067447,-0.7970658145992735,0.9473116931328098,-0.5622891215546523,-1.0271564052287507,-1.5157050679352628,3,1
0.32406242261698126,0.33240879476011903,0.41054156667217845,0.12681744711081355,-0.6255908938907888,0.10983651763847768,0.41847137765744574,-0.17721206273937937,0.04412880757098812,-0.285201575259082,0.5340318636070785,-0.16737036532319102,-0.6604605090564798,0.34859920836141134,1,0
-1.2634986012583267,-1.2624163241303197,-1.2648359032943093,1.229977322409095,0.4219149829214531,-0.0014251262714893337,-0.3817896944790046,0.4499642535846392,-2.905888726073692,1.2503911427614924,-0.1512355460338775,-0.23994241151737578,1.5487074103900902,-0.6984639695086481,7,0
-0.9255017381106805,-0.9346081017962429,-0.9297604093010117,0.4717918411044339,0.17142444716200317,-0.48355891654800864,-0.0216722120176017,1.191904775463935,-1.1850451647809617,-0.7970658145992735,-1.5288349777863146,-1.345785387262743,-0.920744653342247,0.4539271335759128,1,0
0.6108476398331659,0.5977047514397904,0.5780793136688271,-0.47594001052639245,0.17142444716200317,-0.1497739848181109,-0.18172442644489206,-3.2236618950672204e-05,0.1260737390611183,-0.7970658145992735,0.34858578625578923,-1.1012950957153442,-0.5040901882091762,-1.6852657606576242,1,0
0.016792547028211993,-0.0014981851987777922,0.019620157013331318,1.229977322409095,-0.05629422171022252,-0.2981228433647325,0.09836694880286502,0.1247990045113517,0.43200148329093724,-0.7970658145992735,0.1860996994337066,-0.6242924231574507,-0.7648739181845513,-1.1745116577322223,5,0
-0.280234999374265,-0.2789916571280893,-0.14791758998331744,0.8963757106350433,-1.308746900507468,0.03566208836516524,1.1387063425802502,-0.32016396790472557,0.02227682584028677,-0.7970658145992735,1.198105435836459,-0.843417727685523,-1.576700663797549,0.22548640397134664,2,1
-0.6592011792670804,-0.6845590391786215,-0.6505308309732637,1.229977322409095,-0.12460982237189103,-0.8173438482779064,0.41847137765744574,1.2190857715165004,-0.6605976032441299,-0.7970658145992735,-0.1494693929162459,-0.3121621662251808,-0.8772806983463511,-0.9873387545641578,1,1
0.13970049726371972,0.14334730839069798,0.019620157013331318,-0.9839242830005137,0.9912116551020193,0.07274930300182311,-0.9419724449745188,-0.01110597575147742,0.552187382809794,2.2741196214418755,0.9049240183096582,0.4769707632649822,0.6789287247825649,0.600004879037336,4,0
0.5391513355291198,0.5489146904412302,0.5780793136688271,0.05099889898034743,-0.2840128905824482,0.14692373227513225,0.09836694880286502,-0.347344963957291,0.19709267968589758,-0.7970658145992735,-1.4793826904926375,-0.8191096151253349,-1.1880229972825262,1.0382381154216054,2,1
0.6313322982057505,0.51537152350472,0.745617060665476,-0.08547448765448903,-0.6939064945524572,-1.3736520678277382,1.2187324497938947,1.241233249781554,-1.2833790825691176,2.2741196214418755,1.1292254642488369,0.8014312222205362,-0.02848461170236146,0.6834038755596379,4,0
0.2318814599403505,0.23025460454438346,0.24300381967552967,0.9987307506111738,-0.12460982237189103,-0.0014251262714893337,0.018340841589220537,-0.09868918525418917,0.5248724056464178,-0.285201575259082,1.0356193490143764,-1.1481498634038227,-1.1795300405591902,0.0246726711443547,4,1
-0.5055662414726958,-0.4985469316216105,-0.5388389996421645,-0.021028721743595793,0.4674587166958994,0.18401094691178682,-0.5418419089062936,0.09459789778627889,0.21894466141659893,-0.7970658145992735,0.4156996047257797,-1.4335059673712478,-0.9941837497146226,0.6740797641472066,6,0
-1.243013942885742,-1.2364966042248344,-1.2089899876287595,1.229977322409095,-1.6730967707030306,0.6661447371883061,1.3387716106143628,-0.6171415173679441,0.3445935563681318,0.738526903421301,-0.6987430124995896,1.7913702989470355,0.14137452276435822,0.22807643491924423,5,1
2.024289067541505,1.9897461793049631,1.9183812896420172,-1.7989736754030223,0.3308275153725624,-0.22394841409142008,-0.3017635872653588,-0.2124466872519648,-0.32735488185093436,-0.7970658145992735,-1.2444843258476705,-0.8310875256622392,-0.29376461288420863,-1.0836879058259474,0,1
-0.9050170797380959,-0.9208858971403978,-0.873914493635462,1.229977322409095,-0.6483627607780109,-0.7802566336412519,0.8986280209393154,1.1043215659612233,0.350056551800807,-0.7970658145992735,-1.440527321904748,-1.16541214623642,-1.1605457843540863,-1.3300861833359368,2,1
-0.0856307448347111,-0.08535610254005324,0.019620157013331318,0.3694368011283034,-0.9216251634246829,-0.0014251262714893337,0.7785888601188473,0.2627173918891853,-0.7206905530035587,-0.285201575259082,-1.7301764331962861,-0.22902137543961004,0.3007423577493097,1.1202557621050286,4,0
2.5466478560424126,2.6057206994117865,2.476840446297513,-1.4994904102876807,0.17142444716200317,0.369447020095063,-0.4218027480858269,-0.27083549358710596,0.3282045700701052,1.762255382101684,-1.5924164900210425,-0.10818539561142879,-0.7618764040469034,-1.6208603244199045,0,0
-0.843563104620342,-0.8629476997046075,-0.8180685779699125,0.5779378084870873,-0.48895969256745375,-0.854431062914561,0.738575806512025,0.9221082220532819,-0.7316165438689091,-0.7970658145992735,-1.2497827852005645,-0.5954045212743286,-0.7099194923276715,-0.35105448503065345,3,1
-0.5567778874041573,-0.5519110608387858,-0.5388389996421645,1.229977322409095,-0.23846915680800387,0.10983651763847768,0.058353895196042775,-0.045333896706559906,1.0930239306446519,-0.7970658145992735,-1.2162258759655693,1.7487430290951118,1.3968333607492587,1.6983506696757673,4,0
-0.44411226635494194,-0.4528062494354602,-0.48299308397661495,0.8395117995371958,0.5130024504703438,-0.22394841409142008,-0.4218027480858269,0.3986223721520144,-0.19624299146672625,0.738526903421301,-0.14063862732808924,-0.1740639035644024,-0.0864365516968893,-0.40250976652888526,4,1
0.40600105610731974,0.3507050676345791,0.41054156667217845,-0.8777783156178603,-0.07906608859744468,-0.7431694190045973,0.2984322168369776,0.9472758109908428,-0.8900434114164938,1.762255382101684,0.69475179731153,1.416532157439208,0.7948326047716205,-0.4672605402263246,5,0
1.9935620799826277,2.017190588616653,1.9742272053075667,-1.3743898058724129,0.012021378951446001,0.18401094691178682,-0.2217374800517143,-0.004059050848960334,-0.5349487082925969,3.2978481001222586,-1.6701272271968213,-0.07401312143261372,1.7810147560578093,1.381503550382964,0,0
-0.8538054338066343,-0.8522748738611724,-0.873914493635462,1.229977322409095,0.49023058358312155,0.03566208836516524,-0.5018288552994714,-0.5647929323778177,0.9345970630970678,-0.7970658145992735,-0.46561080097225394,-1.2411548158080203,-0.5165798304493762,0.009823160376408605,3,1
0.40600105610731974,0.4406617426006746,0.46638748233772803,-0.4531944460872509,-0.4434159587930074,0.48070866400503,0.058353895196042775,-0.5033840153701691,0.2899636020413777,-0.7970658145992735,-1.1279182200840028,-1.0558494939723837,-1.0711199459142546,1.0513609388909533,2,1
-1.109863663463942,-1.1068980046974088,-1.0972981562976605,1.229977322409095,-0.35232849124411675,0.14692373227513225,0.1783930560165109,0.1076850440338101,-0.25087294579347985,-0.7970658145992735,0.5658226197244429,-1.384537450764492,-0.8577968564516391,-0.6364758954889661,7,1
-1.140590651022819,-1.1328177246028939,-1.15314407196321,1.229977322409095,0.7179492524553472,0.5548830932783424,-0.8619463377608743,-0.013119382866481894,-0.6168936397827272,-0.7970658145992735,1.600788346656402,-0.9473437161674864,-0.8368142574881032,0.8044446551913845,2,0
-1.1918022969542805,-1.2014287478821193,-1.2089899876287595,1.229977322409095,1.1733865901998006,-1.076954350734495,-0.5418419089062936,0.3945955579220048,-1.015692306368026,-0.7970658145992735,0.4139334516081481,-0.14834662505869606,-1.25446789400039,1.7266683413727808,1,0
-0.8947747505518036,-0.9010649348597327,-0.873914493635462,1.229977322409095,-0.4206440919057852,-0.3352100580013871,0.45848443126426797,0.8747931548506674,0.3118155837720795,-0.7970658145992735,0.647065663135484,-0.28362655582843843,-1.0406452188481665,-1.0365493425742116,1,1
1.9116234464922892,1.9546783229622477,1.8066894583109179,-1.5525633939790096,0.35359938225978454,0.33235980545840843,-0.5418419089062936,-0.3594254066473207,0.42653848785826104,-0.7970658145992735,-0.045266358975997616,-0.5823697362782859,-0.9332342955824469,-1.127891100670066,0,1
-0.04466142808954186,-0.05028824619733806,-0.14791758998331744,-0.4418216638676823,0.9684397882147971,-0.11268677018145634,-0.8619463377608743,0.1741274788289713,0.038665812138312904,1.2503911427614924,0.6082102945475946,0.8905609682745592,0.9931681235459958,1.1083416197446998,1,0
0.1294581680774274,0.1250510355162379,0.0754660726788809,-0.2560662209480399,0.4219149829214531,-0.07559955554479848,-0.4218027480858269,0.003994577611059705,-0.048742114784492495,1.2503911427614924,-1.2179920290832005,1.774460307600818,0.5500356168637011,0.05609837997884527,0,1
0.8259365527453044,0.8965438750559721,0.9690007233276743,-1.1696797259201561,-0.784993962101348,0.7774063810982732,0.25841916323015535,-0.6916375806231245,0.14246272535914395,1.2503911427614924,-0.8506321806158839,-0.40093962079282425,1.7500404433021137,1.055677657137449,4,1
-0.1778117075113419,-0.1692140198813287,-0.14791758998331744,-0.3129301320458874,-0.3067847574696724,0.18401094691178682,0.09836694880286502,-0.22251372282698859,-0.040547621635479675,0.738526903421301,0.3203273363736876,1.2139645527709741,0.540043903071541,-1.595650689860368,5,1
0.19091214319518127,0.19061267998305326,0.1871579040099801,0.5134920425761899,-0.010750487935776163,-0.0014251262714893337,-0.10169831923124757,0.2667442061191957,-0.20170598689940195,-0.7970658145992735,-1.2674443163768778,-0.989618694533031,-1.335900361406494,1.739618496112269,0,0
-1.2225292845131575,-1.2029534372883244,-1.2089899876287595,1.229977322409095,-0.5345034263418981,2.149633322654522,-0.46181580169264913,-2.418134181739804,1.1640428712694317,0.738526903421301,-0.08058942132862425,-0.3160373725753557,-0.05895933876844935,0.5164332137851743,7,1
0.6006053106468736,0.5778837891591253,0.35469565100662886,-0.29397549501327297,1.6743676617186984,-0.26103562872807795,-1.3020899274359217,-0.18627239475690094,-0.15253902800532404,-0.7970658145992735,-0.2766324173857019,-1.4194143079160662,-0.9642086083381429,-1.0066776523084597,3,0
0.9283598446082275,0.879772291587717,0.9690007233276743,-1.889955933159584,-0.26124102369522606,-0.48355891654800864,0.33844527044379985,0.14996659344891264,-0.040547621635479675,-0.7970658145992735,1.3182038478353895,-0.3111052917660421,-0.6729501512966797,0.36966479340431163,4,0
0.3650317393621505,0.37357540872765427,0.24300381967552967,-0.2788117853871772,0.8773523206659064,0.10983651763847768,-0.8619463377608743,-0.5758666715103444,0.6122803325692232,2.2741196214418755,0.7353733190170505,1.110038564289011,0.5999941858245009,1.5222285652187322,2,0
0.43672804366619666,0.4055938862579594,0.41054156667217845,-0.42665795424158653,0.148652580274781,-0.4093844872746995,-0.061685265624423946,0.42378996108957534,-0.5458746991579478,1.762255382101684,0.03774283755267506,1.9604702124092133,0.2792601730961659,-1.3050492175062602,5,0
-0.6489588500807881,-0.6205220841180111,-0.6505308309732637,0.24433619671303558,0.03479324583866816,0.8886680250082402,-0.5018288552994714,-0.8215023395409389,0.17524069795519623,-0.7970658145992735,1.5389729875393054,-0.7757777623006519,-0.895765368861847,-1.6845750857381847,5,0
2.8027060856997204,2.8694919666852527,2.8677618559563602,-2.0681295212661763,-0.23846915680800387,0.40653423473172084,-0.061685265624423946,-0.17419195206687194,0.08783277103239082,3.80971233946245,0.7512686970757322,1.2907640968017133,0.5890033006531251,0.004125092291033939,0,1
1.2356297201969968,1.2289261656086639,1.3599221329865214,-0.5138492845916255,-0.6028190270035666,-0.038512340908143906,0.45848443126426797,0.04627612702616151,0.011350834974936337,0.738526903421301,-0.4426508104430467,-0.26706885596859997,-1.1935184398682142,-1.2775948894585458,4,1
-0.5055662414726958,-0.5290407197457107,-0.5388389996421645,0.8129753076915314,0.4674587166958994,-0.6319077750946303,-0.2217374800517143,0.6563384828726385,-0.9829143337719743,-0.7970658145992735,0.3627150111968398,-0.8490543914675955,-1.3144181767533498,-0.11726102480043239,6,1
-0.7001704960122497,-0.6845590391786215,-0.6505308309732637,0.7030384129023551,-0.784993962101348,0.5177958786416845,0.41847137765744574,-1.1738485846667919,0.011350834974936337,0.22666266408110952,-1.5394318964921028,-0.156801620731805,1.0721026625040597,0.021391965277017772,2,0
1.2561143785695814,1.253321196107944,1.2482303016554221,-0.6427408164134162,-0.010750487935776163,-0.0014251262714893337,-0.10169831923124757,0.2627173918891853,0.04412880757098812,-0.7970658145992735,-1.5871180306681485,-0.8173481576934373,-0.7029252926731596,0.7074048290101553,0,0
-0.2699926701879727,-0.32473233931423956,-0.3154553369799662,0.5665650262675187,0.49023058358312155,-1.188215994644462,0.018340841589220537,1.0791539770236622,-1.3653240140592477,-0.7970658145992735,0.8943270996038699,-1.4733149053321355,-0.7668722609429834,0.49830299714989124,5,0
2.3725282598754434,2.29010999232735,2.4209945306319636,-1.7269460546790791,-0.21569728992078172,-0.5206461311846633,0.2984322168369776,0.3764748938869609,-0.44207778593711633,1.762255382101684,0.041275143787937826,-0.6845342673283517,-0.486105103383288,0.14709480061498006,0,0
0.446970372852489,0.4970752506302599,0.41054156667217845,0.19884506783475675,0.21696818093644954,0.6661447371883061,-0.5818549625131172,-0.4258678414424812,0.5139464147810664,-0.7970658145992735,0.7212440940759995,-1.1675258951546972,-0.23131640168320874,0.14968483156287762,0,0
0.6313322982057505,0.6373466760011207,0.5222333980032776,-0.4607763009002967,0.6496336517936787,0.07274930300182311,-0.6618810697267618,-0.01110597575147742,0.3609825426661575,-0.7970658145992735,-0.08235557444625538,0.7552810375048168,0.003988458122158479,-0.9576397330282654,5,0
-0.710412825198542,-0.7455466154268219,-0.7063767466388133,1.229977322409095,-0.05629422171022252,-1.2253032092811167,0.5385105384779124,0.6049966014400144,-0.1798540051687006,0.22666266408110952,-0.7181706967935343,1.022317984180506,1.8229799539848817,0.5392254861266729,2,1
-0.280234999374265,-0.30186199822116444,-0.2596094213144166,1.229977322409095,-0.23846915680800387,-0.48355891654800864,0.33844527044379985,0.461037992717166,-0.2617989366588303,-0.285201575259082,-0.5150630882659314,0.9832136291923773,1.216482926800771,-1.2926170689563519,2,0
-0.14708471995246497,-0.18141153513096878,-0.20376350564886703,0.6272198647718891,0.5585461842447901,-0.6689949897312848,-0.2617505336585365,-0.23660757263202278,-0.4639297676678177,0.738526903421301,1.017957817838063,0.7767708181739685,1.1445425874972195,1.676421740983568,5,1
0.7849672360001352,0.7684699649347514,0.8573088919965751,-0.6920228726982179,-0.4434159587930074,-0.1868611994547655,0.37845832405062346,0.10265152624629821,0.3336675655027804,-0.7970658145992735,-0.19009091462176642,-0.2751715601553295,-0.9702036366134388,0.2662362242182685,0,1
0.2626084474992274,0.1951867482016683,0.1871579040099801,0.08890817304558049,0.5357743173575659,-0.965692706824528,-0.1417113728380698,-0.01110597575147742,-0.2617989366588303,-0.7970658145992735,-0.6227984284414424,-1.3021012429516803,-0.6944323359498236,1.679702446850905,4,0
1.3790223288050891,1.445432061289775,1.415768048652071,-1.1128158148223044,-0.21569728992078172,0.591970307914997,-0.18172442644489206,-0.6030476675629098,0.530335401079093,1.762255382101684,0.45985343266656303,1.4478860997269867,0.5735161442752772,1.0656924434693198,4,1
1.73750385032532,1.7290242908439066,1.7508435426453686,-1.9506107716639545,-0.10183795548466684,-0.038512340908143906,0.018340841589220537,-0.026206529114013832,0.00042484410958541953,0.22666266408110952,-1.3345581348468685,-1.4366765907486636,-1.1075897012556386,1.2792836623059398,0,1
0.3650317393621505,0.35680382525939913,0.41054156667217845,-0.2788117853871772,-0.35232849124411675,-0.11268677018145634,0.25841916323015535,-0.3272108928072427,0.1260737390611183,-0.7970658145992735,1.1168623924254175,-0.89132936983314,-0.562541713893312,1.0104384499141714,0,0
0.3547894101758582,0.3446063100097591,0.46638748233772803,0.14577208414343218,-0.7622220952141238,-0.1497739848181109,0.6585496992983806,0.18822132863400548,-0.5240227174272465,-0.285201575259082,-0.7393645342051101,-1.406731814406403,-0.8038416019739754,0.8308629708599398,5,1
0.3547894101758582,0.3659519616966292,0.46638748233772803,-0.934642226715712,-0.7622220952141238,0.14692373227513225,0.5385105384779124,0.3825151152319758,-0.9009694022818442,-0.7970658145992735,0.03067822508214954,-1.290827915387535,-0.5980122978554798,-1.3584038550329502,5,0
-1.0893790050913574,-1.0992745576663838,-1.0972981562976605,1.229977322409095,0.4219149829214531,-0.7802566336412519,-0.061685265624423946,0.19929506776653225,-0.9774513383392992,-0.285201575259082,-0.1953893739746603,1.4982637822792608,0.6334664270282371,-0.14730538379604427,6,0
-0.6796858376396651,-0.6906577968034415,-0.7063767466388133,0.7182021225284508,0.4674587166958994,-0.37229727263804163,-0.3417766408721824,-0.01110597575147742,0.9345970630970678,-0.7970658145992735,-1.0360782579671737,-0.7021488416473285,-1.5522209650067573,0.44788372803081844,5,1
0.016792547028211993,0.024421534706707347,-0.03622575865221827,0.430091639632678,0.44468684980867523,0.14692373227513225,-0.5418419089062936,-0.7369392407107345,0.6341323142999241,-0.7970658145992735,0.7000502566644239,-0.17441619505078187,-1.0051746348859987,0.6493881357772497,6,1
0.5391513355291198,0.5367171751915901,0.5222333980032776,0.05099889898034743,0.05756511272589033,-0.038512340908143906,-0.1417113728380698,0.21036880689905899,-0.2235579686301033,-0.285201575259082,-0.6563553376764376,-0.919512688743503,-0.38369003701364846,-1.062794989512907,3,1
-1.1201059926502344,-1.1145214517284339,-1.15314407196321,1.229977322409095,1.628823927944254,0.369447020095063,-1.4621421418632108,0.6372111152800924,0.027739821272961988,-0.285201575259082,1.4418345660695822,1.7187982527528507,1.2294721547305791,-1.0598596211052898,7,0
-0.11635773239358803,-0.08383141313384825,-0.14791758998331744,-0.53280392162424,0.28528378159811807,0.6290575225516516,-0.5818549625131172,-0.20137294811943807,0.29542659747405386,-0.7970658145992735,-1.422865790728435,-0.8395425213353479,-0.8672889845541911,-1.5224391483997965,2,0
-0.9869557132284343,-0.966626579326548,-1.041452240632111,1.229977322409095,1.8337707299292576,1.0741040981915164,-1.8622726779314358,-1.3439814858847035,-0.28911391382220736,-0.7970658145992735,0.8713671090746626,-1.4194143079160662,-1.4792814543239894,0.0246726711443547,3,0
-1.2225292845131575,-1.2151509525379645,-1.2089899876287595,1.229977322409095,-0.5345034263418981,0.703231951824964,0.13838000240968726,0.8264713840905501,2.202012003477744,1.2503911427614924,0.942013233779916,1.4415448529721553,0.6984125666772764,1.6608815552961824,7,1
-0.04466142808954186,-0.05943638263456811,-0.09207167431776786,-0.7223502919504052,0.4219149829214531,-0.26103562872807795,-0.3417766408721824,0.19929506776653225,-0.33828087271628526,-0.285201575259082,1.3393976852469651,0.005957045975541334,0.18483847776025403,0.548722266268964,5,1
-1.3249525763760805,-1.31425576394129,-1.3206818189598588,1.229977322409095,0.03479324583866816,2.0754588933812097,-0.8619463377608743,-0.4902968691226372,1.0274679854525484,-0.285201575259082,-0.5486199975009266,0.35120270262748765,1.5851771657314744,1.293787835614166,7,0
-0.6796858376396651,-0.6906577968034415,-0.7063767466388133,0.7182021225284508,0.4674587166958994,-0.37229727263804163,-0.3417766408721824,0.12882581874136137,-0.5404117037252726,-0.7970658145992735,-0.1847924552688725,-0.825098570393787,-0.6859393792264876,-0.6685922792428961,3,0
-1.1303483218365267,-1.131293035196689,-1.15314407196321,1.229977322409095,1.1733865901998006,-0.1497739848181109,-0.9419724449745188,-0.1017092959266966,-0.6496716123787789,0.22666266408110952,-1.3257273692587117,1.967163750650425,1.6855938893426816,0.43061685504483455,1,0
0.09873118051855047,0.0899831791735227,0.1871579040099801,-0.7905869852678256,-0.7166783614396794,-0.1497739848181109,0.6185366456915583,-0.41479410230995445,0.3336675655027804,0.738526903421301,0.11898588096371612,-0.14693745911317793,0.4820919630770135,1.306910659083514,4,0
-0.4850815831001112,-0.5610591972760158,-0.5388389996421645,0.41492793000658645,0.7407211193425695,-2.004134716650879,0.1783930560165109,1.5009627676171824,-0.040547621635479675,-0.285201575259082,-1.5818195713152545,1.1438585469814464,0.26727011654557387,0.7560974108306298,3,0
-0.5158085706589881,-0.5198925833084806,-0.5388389996421645,-0.03240150396316445,0.3080556484853402,-0.11268677018145634,-0.3017635872653588,-0.347344963957291,0.2407966431472998,-0.7970658145992735,0.9649732243091231,-0.6161897189707215,-1.5332367088016532,-1.563706974836298,5,0
0.32406242261698126,0.3080137642608389,0.24300381967552967,-0.09305634246753902,0.5585461842447901,-0.22394841409142008,-0.5018288552994714,0.3643944511969319,-0.6059676489173762,-0.7970658145992735,-0.7941152808516814,-1.3591724637451654,-1.0516361040195426,1.1200830933751689,4,0
-0.034419098903249554,-0.03656604154149298,0.019620157013331318,-0.1537111809719094,-0.48895969256745375,-0.038512340908143906,0.37845832405062346,0.16104033258143938,-0.600504653484701,-0.7970658145992735,1.0727085644846341,-0.6119622211341671,-1.1015946729803425,-1.6901004850936996,3,1
0.5391513355291198,0.5656862739094853,0.6339252293343768,-0.7337230741699738,-0.6028190270035666,0.33235980545840843,0.2984322168369776,-0.552712489687788,0.503020423915716,1.762255382101684,-0.1777278427983475,1.4144184085209306,0.0949130536308142,1.0268419792508563,2,1
-0.32120431611943423,-0.3384545439700846,-0.3154553369799662,0.8812120010089517,-0.07906608859744468,-0.37229727263804163,0.13838000240968726,0.7016401429602485,-0.3492068635816357,-0.285201575259082,0.61527490701812,1.8184967433982602,0.976182210099324,0.04660159983655417,2,0
-1.3454372347486652,-1.3432248626591852,-1.3206818189598588,1.229977322409095,-2.2423934428835968,0.2581853761850993,2.3390979507849257,-0.04332048959155543,-0.7370795393015843,-0.7970658145992735,-1.2020966510245186,-0.9889141115602718,-1.5167503810445895,-1.11304158990212,7,0
-1.1508329802091113,-1.0977498682601787,-1.15314407196321,1.229977322409095,0.26251191471089386,4.5232150594004645,-1.9422987851450817,-4.177852000254063,2.5407177203036153,0.738526903421301,-1.4740842311397435,1.9079787809386624,-0.039975082563345275,0.39280240320552995,1,1
-0.11635773239358803,-0.1280474059137935,-0.03622575865221827,0.34669123668916607,-0.7394502283269017,-0.22394841409142008,0.6985627529052028,0.30701234841929304,0.20255567511857278,0.738526903421301,-1.4210996376108036,0.9257901169125129,1.0850918904338673,-0.7611427184477694,2,1
0.10897350970484278,0.07626097451767763,0.1871579040099801,-0.2750208579806543,-0.6255908938907888,-0.5206461311846633,0.738575806512025,-0.01110597575147742,-1.272453091703767,-0.7970658145992735,-0.6492907252059124,-1.2489052285083704,-0.6344820531968637,-0.25038861552236774,4,1
-0.8845324213655112,-0.9010649348597327,-0.873914493635462,1.229977322409095,-0.19292542303355753,-0.7802566336412519,0.45848443126426797,1.2835147991966565,-0.9446733657432469,-0.7970658145992735,-1.6966195239612911,-0.9730609946731927,-0.9322351242032308,0.0246726711443547,2,1
2.587617172787582,2.6270663510986565,2.476840446297513,-2.049174884233562,0.28528378159811807,0.2581853761850993,-0.46181580169264913,-0.3815728849123742,0.3609825426661575,3.2978481001222586,-1.1120228420253209,-0.006725447534122235,0.7438748644316048,-1.0387940360623895,0,1
-0.577262545776742,-0.4985469316216105,-0.5946849153077142,0.32773659965654744,0.26251191471089386,2.260894966564489,-1.2220638202222758,-1.8453198575209173,1.2405248073268857,0.738526903421301,-1.1967981916716246,0.13383885553131317,0.15586250776299,0.5021017092068076,6,1
0.7235132608823813,0.6815626687810659,0.5780793136688271,-0.7450958563895467,0.8545804537786843,-0.48355891654800864,-0.6218680161199395,0.14493307566140073,0.2407966431472998,1.2503911427614924,-0.14770323979861474,0.5453153116226128,0.17834386379534994,1.5650504102239722,0,1
0.713270931696089,0.6541182594693757,0.6339252293343768,-0.5745041230959959,0.44468684980867523,-0.6689949897312848,-0.18172442644489206,0.8637194157181407,-0.4092998133410645,-0.7970658145992735,0.005069004876495135,-0.44110085024009155,-0.22632054478712876,0.3387570907594006,5,1
-1.109863663463942,-1.1206202093532538,-1.15314407196321,1.229977322409095,2.0842612656887076,-0.8915182775512188,-1.2620768738290995,0.5315072417423361,-0.015964142188440715,-0.7970658145992735,-1.3628165847289697,-1.3750255806322444,-0.42665440631993634,0.3556786262856647,3,1
-0.11635773239358803,-0.12499802710138347,-0.09207167431776786,-0.53280392162424,-0.23846915680800387,-0.1497739848181109,0.1783930560165109,0.54962790577738,-0.2617989366588303,1.2503911427614924,-0.953069061438501,0.6992666911704702,0.6154813422023488,1.180862486285832,4,0
0.5289090063428274,0.6053281984708155,0.6897711449999263,-0.7450958563895467,-0.9899407640863515,0.9628424542815494,0.37845832405062346,-0.7510330905157679,0.6013543417038718,-0.7970658145992735,1.4683268628340522,-1.493395520055769,-1.3738688738167018,0.431134861234414,4,0
0.7849672360001352,0.7638958967161363,0.745617060665476,-0.16887489059800512,0.17142444716200317,-0.22394841409142008,-0.18172442644489206,-0.12184336707674491,-0.010501146755765012,-0.7970658145992735,0.828979434251511,-0.7673227666275428,-1.588690720348141,0.09563951911674826,4,0
-0.413385278796065,-0.36589895328177474,-0.5946849153077142,-0.2863936402002272,2.699101671643718,1.1482785274648255,-2.4224554284269515,-0.6241884422704611,0.15338871622449488,0.738526903421301,-0.8117768120279947,-0.07647916183727049,0.9497041685500998,1.5878426825654708,3,0
-1.0381673591598959,-1.0581079436988485,-1.041452240632111,0.25949990633913134,0.19419631404922735,-1.2994776385544258,0.33844527044379985,1.448614182627056,0.43200148329093724,0.738526903421301,-0.1000171056225687,0.7461214588589486,1.0201457507848275,0.7882137945845598,7,0
1.4302339747365507,1.5140430845690005,1.3599221329865214,-0.39633053498940346,0.26251191471089386,0.7403191664616185,-0.6218680161199395,-0.4973437940251543,0.3555195472334822,0.22666266408110952,-0.1512355460338775,-0.598927436138124,-1.0636261605701347,-0.8892629160037695,0,0
-0.06514608646212648,-0.024368526291852915,0.019620157013331318,0.3808095833478763,-0.7622220952141238,0.7403191664616185,0.25841916323015535,-0.605061074677915,0.4046865061275602,0.22666266408110952,0.11898588096371612,0.4022849681525207,1.1875069568035075,0.08994145103137359,1,1
1.3482953412462122,1.414938273165675,1.4716139643176205,-1.8368829494682553,-0.5800471601163424,0.6290575225516516,0.13838000240968726,-0.8839179601060897,0.04959180300366334,-0.7970658145992735,1.1398223829546252,-0.29278613447430635,-0.192348717893785,0.1030642745007213,4,0
-0.15732704913875728,-0.14329429997584356,-0.14791758998331744,0.3201547448435017,-0.12460982237189103,0.2581853761850993,-0.10169831923124757,0.21640902824407385,-0.5130967265618955,-0.7970658145992735,0.05893667496425114,-0.10536706372039255,-1.4383154277761336,-0.503175636037171,3,0
1.1024794407751968,1.0596856415199079,1.0248466389932238,-0.29776642241979584,0.35359938225978454,-0.4093844872746995,-0.2217374800517143,0.3513073049494,-0.040547621635479675,1.2503911427614924,1.4418345660695822,1.8325884028534414,1.3813462043714106,-1.6391632097850473,4,1
-0.24950801181538806,-0.21952877028609397,-0.2596094213144166,0.5779378084870873,0.0803369796131125,0.6290575225516516,-0.46181580169264913,-0.49935720114015875,-0.676986589542156,0.738526903421301,1.514246843892467,0.4889486738018866,0.14936789379808615,0.020355952897858742,6,1
-0.6796858376396651,-0.7013306226468766,-0.5946849153077142,1.229977322409095,-1.2632031667330235,-0.7431694190045973,1.4988238250416517,-0.1389573275542865,-0.9993033200700006,-0.7970658145992735,0.3203273363736876,-1.4870542733009373,-1.1715366695254623,0.49864833460961083,1,1
2.6081018311601665,2.6712823438786018,2.6443781932941617,-2.128784359770551,-0.17015355614633537,0.40653423473172084,-0.1417113728380698,-0.36949244222234445,0.5194094102137417,-0.7970658145992735,-1.246250478965302,-1.131944455030364,-1.0646253319493506,-1.6633368319654247,0,1
-0.7821091295025882,-0.8004354340502021,-0.7622226623043629,1.229977322409095,-0.35232849124411675,-0.7060822043679427,0.5385105384779124,-0.1580846951468333,0.7761701955494826,-0.7970658145992735,1.1910408233659335,-0.6098484722158898,-0.8338167433504553,-0.9016950645536779,1,0
-1.171317638581696,-1.1663608915394041,-1.15314407196321,1.229977322409095,-0.6483627607780109,0.369447020095063,0.37845832405062346,0.2848648701542395,0.350056551800807,-0.7970658145992735,0.6735579598999539,-0.6225309657255531,-0.2727820139206728,-1.5978953833485459,7,1
-0.9357440672969728,-0.8949661772349127,-0.9856063249665613,0.45662813147834236,1.4466489928464727,1.9641972494712459,-1.9422987851450817,-1.4074038100073571,2.5461807157362903,-0.7970658145992735,1.2775823261298684,-0.21950950530736266,-0.5740321847542958,-0.7502645884665996,3,0
0.283093105871812,0.2942915596049938,0.24300381967552967,0.10028095526514914,0.26251191471089386,0.18401094691178682,-0.3817896944790046,-0.01110597575147742,0.07144378473436469,-0.7970658145992735,-0.20775244579807972,-0.5622891215546523,-0.4366461201120963,-0.6350945456500874,3,1
-1.171317638581696,-1.164836202133199,-1.15314407196321,1.229977322409095,-0.6483627607780109,0.5177958786416845,0.2984322168369776,-1.0248564581564314,0.350056551800807,-0.7970658145992735,0.005069004876495135,-0.5295260133213553,-1.3813626591608217,1.0864126910525005,7,1
-0.1675693783250496,-0.1493930576006636,-0.09207167431776786,-0.29776642241979584,-0.7166783614396794,0.369447020095063,0.41847137765744574,-0.21848690859697895,0.5084834193483913,-0.7970658145992735,-0.8735921711450914,-0.9705949542685359,-0.157877305310833,0.048500955865012386,4,1
-0.7821091295025882,-0.780614471769537,-0.8180685779699125,1.229977322409095,0.7634929862297937,0.03566208836516524,-0.7419071769404062,-0.4741896122025978,0.8799671087703137,0.22666266408110952,-0.6651861032645943,0.04787973285470618,1.3928366752323946,-0.7547539754429554,3,0
-1.109863663463942,-1.0870770424167437,-1.0972981562976605,1.229977322409095,-0.35232849124411675,1.6674995323780026,-0.46181580169264913,-1.754716537345698,1.1148759123753538,-0.285201575259082,1.042683961484902,1.4013836235248882,1.4552848864333947,0.6145090523455623,5,0
0.877148198676766,0.8584266399008469,0.745617060665476,-0.6162043245677518,0.6951773855681251,-0.1868611994547655,-0.6218680161199395,0.003994577611059705,-0.07605709194786907,-0.7970658145992735,-0.30489086726780296,-0.44462376510388696,-0.7803610745623992,-1.1111422338736618,4,1
-1.2942255888172036,-1.3005335592854448,-1.2648359032943093,1.229977322409095,-1.855271705800812,-1.2994776385544258,2.659202379639504,2.3053189100616303,-1.567454845068235,1.2503911427614924,1.145120842307519,1.1420970895495488,0.3092353144726456,-0.29510981655606583,7,0
-0.23926568262909576,-0.23477566434814406,-0.20376350564886703,0.9077484928546161,-0.3751003581313389,0.10983651763847768,0.21840610962333312,-0.05439422872408218,0.0058878395422606354,-0.7970658145992735,0.13134895278713554,-0.38438192093298607,-0.9607115085108868,-0.9921734790002331,3,1
-0.11635773239358803,-0.12194864828897345,-0.09207167431776786,0.6423835743979848,-0.23846915680800387,-0.11268677018145634,0.1783930560165109,0.3513073049494,-0.2617989366588303,1.762255382101684,1.1150962393077863,0.2944837733203822,0.5979958430660691,0.14467743839694233,3,0
-0.6899281668259574,-0.6998059332406715,-0.7622226623043629,-0.32809384167198313,1.3555615252975821,-0.3352100580013871,-1.0219985521881647,-0.34835166751479324,-0.420225804206415,-0.7970658145992735,-1.0925951577313762,-0.14411912722214168,-0.51058480217408,-0.8378076345055376,3,0
0.6415746273920429,0.6342972971887106,0.6897711449999263,-1.010460774846178,-0.32955662435689453,-0.07559955554479848,0.21840610962333312,-0.21848690859697895,-0.3929108270430384,1.2503911427614924,0.35211809249105197,1.8889550406741678,1.5876750941795141,-0.20186870243175314,4,0
-0.5260508998452804,-0.5580098184636058,-0.42714716831106536,0.37701865594135336,-1.2404312998457994,-0.8915182775512188,1.5388368786484754,1.0801606805811645,-0.6114306443500519,-0.7970658145992735,0.005069004876495135,-1.3584678807724064,-1.613670004828541,-1.44404754504343,2,1
-0.577262545776742,-0.593077674806321,-0.5388389996421645,1.229977322409095,-0.5345034263418981,-0.48355891654800864,0.6185366456915583,-0.01110597575147742,-1.1795821693482866,-0.7970658145992735,-0.22011551762149914,-0.6292245039667642,-0.8642914704165432,-1.4074417743131442,4,0
-1.1918022969542805,-1.1907559220386843,-1.15314407196321,1.229977322409095,-1.5592374362669177,-0.0014251262714893337,1.4988238250416517,-0.19231261610191577,-1.2779160871364423,0.738526903421301,0.09779204355214004,1.5056619034932308,0.9312194980346041,0.8438131255994277,7,0
0.21139680156776589,0.2165323998885384,0.1313119883444305,0.05099889898034743,0.6040899180192344,0.07274930300182311,-0.6218680161199395,0.26372409544668823,-0.715227557570883,1.2503911427614924,-1.422865790728435,-0.19132618639699955,0.2303007755145819,0.0246726711443547,5,0
-0.003692111344372626,2.6504207427216065e-05,0.019620157013331318,-0.1233837617197221,-0.23846915680800387,0.07274930300182311,0.058353895196042775,-0.20137294811943807,0.3063525883394043,-0.7970658145992735,0.9049240183096582,-1.0392917941125455,-0.9637090226485348,0.0246726711443547,6,0
0.5289090063428274,0.5092727658799,0.5222333980032776,-1.3364805318071797,0.012021378951446001,-0.22394841409142008,0.018340841589220537,-0.2627818651270866,0.579502359973171,1.762255382101684,-0.015241755976264884,1.7663576034140887,0.9646917392383397,0.9924809020087484,2,0
1.1024794407751968,1.0901794296440082,1.1923843859898726,-1.215170854798435,-0.4661878256802296,-0.11268677018145634,0.37845832405062346,0.5949295658649899,-0.3492068635816357,-0.285201575259082,1.2563884887182928,0.5759646709376323,0.35969346912305344,0.0246726711443547,4,0
-1.0484096883461882,-1.0581079436988485,-1.0972981562976605,1.229977322409095,1.9248581974781482,-0.6689949897312848,-1.2620768738290995,1.4627080324320902,-0.4639297676678177,-0.7970658145992735,-1.622441093020775,-1.1823221375826378,-0.5395607721713441,0.8369063764050342,2,0
0.3547894101758582,0.31563721129186395,0.2988497353410793,-0.2863936402002272,0.3763712491470087,-0.5206461311846633,-0.18172442644489206,0.3311732337993517,-0.28911391382220736,0.22666266408110952,0.32915810196184425,1.9262979382303982,1.698083531582882,1.1364866227118535,0,1
0.10897350970484278,0.10523007323557279,0.1313119883444305,-0.2750208579806543,-0.21569728992078172,-0.038512340908143906,0.09836694880286502,-0.22251372282698859,0.503020423915716,1.762255382101684,0.005069004876495135,-0.17864369288733623,1.8689418374288176,0.05022764316361077,6,0
-0.35193130367831116,-0.42078777190515504,-0.2596094213144166,1.229977322409095,-0.9899407640863515,-1.596175355647669,1.6588760394689435,-0.01110597575147742,-1.1850451647809617,-0.7970658145992735,-0.4020292887375262,-1.2728610495821788,-0.909254182481263,-0.22293428747465346,1,0
0.05776186377338123,0.04729187579978247,0.0754660726788809,-0.8474508963656731,-0.17015355614633537,-0.1868611994547655,0.13838000240968726,0.18822132863400548,0.9291340676643915,0.22666266408110952,-1.391075034611071,0.922619493535097,0.4935824339379973,1.0447995271562793,0,1
0.04751953458708892,0.11285352026659783,0.0754660726788809,-0.07789263284144327,-0.26124102369522606,1.111191312828171,-0.3417766408721824,-0.49835049758265654,0.3445935563681318,-0.7970658145992735,-1.6701272271968213,-0.41855419511180114,-1.1295714715983904,0.40126317096866204,4,0
0.3445470809895659,0.3842482345710893,0.41054156667217845,-0.07789263284144327,-0.48895969256745375,0.5548830932783424,0.09836694880286502,-0.9382799522112218,0.6505213005979498,-0.7970658145992735,1.1928069764835647,-0.8716010465958859,-0.24680355806105667,1.2628801329692552,0,1
-0.3724159620508958,-0.3277817181266496,-0.3713012526455158,-0.5934587601286145,-0.03352235482300035,1.0370168835548619,-0.5018288552994714,-0.07050148564412083,0.4101495015602354,-0.7970658145992735,1.125693158013574,-1.1055225935518986,-0.6719509799174636,1.1281985236785812,3,0
0.3855163977347351,0.3842482345710893,0.46638748233772803,-0.6882319452916951,-0.5572752932291203,-0.0014251262714893337,0.41847137765744574,-0.09768248169668693,0.06598078930168948,0.22666266408110952,0.512838026195503,1.3629838515095185,0.5939991575492051,-1.2996964868806051,5,0
-1.2327716136994498,-1.2319225360062194,-1.2648359032943093,1.229977322409095,2.699101671643718,-0.038512340908143906,-1.9422987851450817,-0.4540555410525495,1.6830274373735878,-0.7970658145992735,0.31502887702079374,-0.01870335807102637,1.2634439816239234,-1.1657055525093707,7,1
2.300831955571397,2.331276606294885,2.4209945306319636,-1.1583069437005833,-0.4434159587930074,0.2210981615484414,0.1783930560165109,-0.2668086793570963,0.06051779386901426,1.762255382101684,-0.5927738254417099,1.4521135975635413,0.13038363759298208,0.35395193898706634,0,1
2.659313477091628,2.6819551697220367,2.476840446297513,-2.655723269277291,0.5130024504703438,0.14692373227513225,-0.6218680161199395,-0.3141237465597107,0.43746447872361244,3.2978481001222586,-0.6404599596177557,1.3950423767700562,0.31123365723107765,-1.5804558416327021,0,1
0.09873118051855047,0.08693380036111269,0.1871579040099801,-0.2863936402002272,-0.7166783614396794,-0.1868611994547655,0.6585496992983806,-0.5285516043077301,0.9182080767990412,-0.7970658145992735,1.263453101188818,-0.19414451828803603,-1.1010950872907344,0.5378441362877942,1,1
0.07824652214596585,0.053390633424602506,0.1871579040099801,0.7182021225284508,-0.8760814296502386,-0.4093844872746995,0.8986280209393154,0.5919094551924825,0.07144378473436469,0.738526903421301,-0.2554385799741258,0.5157228267667316,1.0905873330195555,-0.19824265910469654,5,0
0.3650317393621505,0.327834726541504,0.24300381967552967,-0.9232694444961391,0.8773523206659064,-0.5206461311846633,-0.5818549625131172,0.2949319057292633,0.11514774819576738,-0.285201575259082,-1.7125149020199728,1.9150246106662532,0.6509519261645167,-1.6536673830932735,2,1
0.5903629814605813,0.5382418645977951,0.745617060665476,-0.3015573498263187,-0.9216251634246829,-0.6319077750946303,1.0586802353666043,0.8868735975406965,-0.8299504616570649,0.22666266408110952,1.701459074361388,0.8694234790917866,0.6104854853062689,1.6696876605190343,5,1
-0.7001704960122497,-0.6723615239289814,-0.7063767466388133,-0.3508394061111204,0.12588071338755885,0.9257552396448948,-0.5818549625131172,-0.7409660549407442,0.7051512549247039,-0.285201575259082,0.46161958578419415,1.535958971321871,0.0489511701868784,-1.5063809565228317,4,1
3.0690066445433204,3.0128127708685235,3.2028373499496574,-2.731541817407757,-0.4206440919057852,-0.2981228433647325,0.41847137765744574,0.18822132863400548,-0.10883506454392133,3.2978481001222586,0.15430894331634276,0.736961880213081,0.29674567223244563,1.102816220389185,0,1
-1.140590651022819,-1.1206202093532538,-1.15314407196321,1.229977322409095,0.7179492524553472,1.5933251031046902,-1.2620768738290995,-2.656722924867881,0.8908930996356651,0.22666266408110952,-0.11767863679888202,0.32372396668988374,0.19133309172515814,0.13483532079493155,7,1
-0.8947747505518036,-0.9254599653590128,-0.873914493635462,1.229977322409095,-0.4206440919057852,-1.4478264971010473,0.9786541281529598,1.5170700245372224,-1.7531966897791964,-0.7970658145992735,0.14194587149292334,-0.636974916667114,-0.41716227821738433,-1.2622273725010202,5,1
0.20115447238147358,0.1281004143286479,0.0754660726788809,0.047207971573824545,1.0139835219892415,-1.1140415653711495,-0.46181580169264913,1.005664617325984,-1.3489350277612215,-0.7970658145992735,-1.0343121048495423,-0.8184050321525759,-0.6030081547515599,0.9781493974303819,2,1
-0.9562287256695574,-0.9315587229838328,-0.873914493635462,1.229977322409095,-1.7869561051391434,1.222452956738138,1.1387063425802502,-1.9570639524036877,3.387482012368291,-0.285201575259082,-1.4564226999634302,0.809886217893645,1.3678573907519946,-1.556454888182185,1,1
0.5493936647154121,0.5534887586598453,0.5222333980032776,0.0585807537933932,0.12588071338755885,0.07274930300182311,-0.2617505336585365,-0.01110597575147742,-0.0050381513230897965,-0.285201575259082,0.41923191096104245,-1.2411548158080203,-0.1338971922096492,-0.7518186070353382,1,0
-0.33144664530572654,-0.3506520592197247,-0.3713012526455158,-0.5252220668111941,0.44468684980867523,-0.4464717019113541,-0.3017635872653588,0.22949617449160506,0.3336675655027804,0.738526903421301,-1.332791981729237,1.4137138255481718,1.7905068841603615,0.6126096963171042,2,1
-0.14708471995246497,-0.08993017075866827,-0.20376350564886703,-0.2750208579806543,0.5585461842447901,1.111191312828171,-1.0219985521881647,-1.3178071933896403,1.0930239306446519,1.762255382101684,-1.2727427757297718,1.601485187788465,0.018976028810398452,-0.912227857075128,3,0
-0.7821091295025882,-0.7943366764253821,-0.7063767466388133,0.6385926469914619,-1.2859750336202458,-0.48355891654800864,1.4187977178280073,0.9482825145483451,-0.040547621635479675,-0.285201575259082,1.2510900293653984,1.8642946366276,0.42663795153052564,-0.49057081875740277,2,0
1.409749316363966,1.45610488713321,1.4716139643176205,-1.9051196427856756,-0.3067847574696724,0.40653423473172084,-0.0216722120176017,-0.21546679792447224,0.32274157463743,0.738526903421301,-0.017007909093896018,0.10072345581163676,1.1680231149087956,-0.05665430061962914,0,0
-0.05490375727583417,-0.05028824619733806,0.019620157013331318,-0.4531944460872509,-0.6711346276652331,0.07274930300182311,0.45848443126426797,-0.8084151932934069,0.710614250357379,-0.7970658145992735,-0.011709449741002123,1.2735018139691159,0.03246484242981432,1.3897916494162363,5,0
-0.7308974835711266,-0.7059046908654916,-0.7063767466388133,0.13060837451733642,-0.39787222501856306,0.8515808103715856,-0.10169831923124757,-0.9080788454861484,1.1312648986733795,-0.7970658145992735,-0.49740155708961803,-0.09937810845194035,-0.882776140932039,1.5192931968111152,6,1
-0.4953239122864035,-0.45585562824787024,-0.42714716831106536,1.229977322409095,-0.8533095627630145,1.0370168835548619,0.21840610962333312,-0.7953280470458757,0.06051779386901426,-0.7970658145992735,-1.7072164426670788,-0.293843008933445,-0.4846063463144642,1.013201149591929,6,1
-1.2225292845131575,-1.2303978466000145,-1.2089899876287595,1.229977322409095,-0.5345034263418981,-1.0398671360978404,0.9786541281529598,0.8264713840905501,-1.960790516220859,-0.7970658145992735,0.2019950774923888,-1.0576109514042815,-0.7139161778445355,0.5423335232641501,7,0
-0.5875048749630343,-0.6052751900559611,-0.5946849153077142,0.7750660336262983,0.10310884650033668,-0.5206461311846633,0.058353895196042775,1.1395561904738079,-0.04327911935181728,-0.285201575259082,-0.22011551762149914,1.2558872396501388,1.8244787110537055,-1.249622555221252,1,0
1.307326024501043,1.3387038028554246,1.304076217320972,-2.022638392387898,-0.03352235482300035,0.29527259082175383,-0.2217374800517143,-0.4460019125925302,0.3118155837720795,-0.7970658145992735,0.3309242550794759,-0.7888125472966946,-0.9497206233395109,0.7702562466791365,4,1
-0.9152594089243882,-0.9285093441714228,-0.8180685779699125,1.229977322409095,-1.9235873064624804,-0.6689949897312848,2.2590718435712787,0.38754863301948766,-0.040547621635479675,-0.7970658145992735,0.5340318636070785,-1.171401101504872,-1.4248266141567174,1.2910251359364087,5,0
0.7337555900686736,0.7318774191858312,0.6897711449999263,-0.5593404134699044,0.21696818093644954,-0.0014251262714893337,-0.3017635872653588,-0.399693548947418,0.683299273194002,-0.285201575259082,0.005069004876495135,1.5028435716021946,-0.09492950842022517,-0.6349218769202276,3,1
0.5903629814605813,0.5931306832211755,0.5780793136688271,-0.8777783156178603,0.03479324583866816,0.03566208836516524,-0.1417113728380698,-0.44700861615003246,-0.29457690925488256,-0.7970658145992735,0.3468196331381576,-0.9328997652259254,-1.5042607388043894,-0.07806522312224908,6,0
0.580120652274289,0.5946553726273804,0.5222333980032776,-0.3091392046393645,0.3308275153725624,0.18401094691178682,-0.46181580169264913,-0.14902436312931103,0.4101495015602354,0.738526903421301,1.0250224303085886,0.7489397907499854,1.2084895557670434,-1.3514971058385568,0,0
-0.5670202165904497,-0.5473369926201708,-0.48299308397661495,-0.10822005209363056,-1.1038000985224643,0.5548830932783424,0.6985627529052028,-1.085258671606577,1.0602459580485997,-0.7970658145992735,0.8713671090746626,-1.413425352647614,-1.24947203710431,-1.293480412605651,5,0
-1.3351949055623729,-1.3432248626591852,-1.3206818189598588,1.229977322409095,-1.1038000985224643,-2.263745219107468,2.3390979507849257,2.2710909891065474,-0.8681914296857924,-0.285201575259082,-0.5433215381480325,-0.32554924270760327,0.4031574241189495,1.591814063352247,7,0
-0.9357440672969728,-0.9452809276396779,-0.873914493635462,1.229977322409095,-1.33151876739469,-0.5206461311846633,1.4988238250416517,0.45600447492965335,-0.8463394479550911,0.738526903421301,1.3835515131877483,0.43892328273599224,1.171020629046443,0.960882524444398,6,0
-0.024176769716957244,-0.039615420353902996,0.019620157013331318,0.6802928484632178,-0.39787222501856306,-0.26103562872807795,0.37845832405062346,0.6966066251727359,-0.6114306443500519,0.738526903421301,-1.5994811024915678,1.837520483662755,0.8562816445934043,-1.6875104541458021,0,1
0.29333543505810433,0.2165323998885384,0.1871579040099801,-0.33946662389155174,0.7862648531170158,-1.1140415653711495,-0.2617505336585365,0.24661013496914666,0.22987065228194936,-0.285201575259082,0.48987803566629523,0.14863509795925378,1.444294001262019,-1.5179497614234407,3,1
-0.8333207754340497,-0.8400773586115323,-0.7622226623043629,0.5893105907066559,-1.2859750336202458,-0.2981228433647325,1.3387716106143628,0.04224931279615185,-0.8518024433877662,-0.285201575259082,0.014782847023467851,0.8141137157301995,-0.03248129721922529,1.2248930124000907,6,1
-1.1918022969542805,-1.1983793690697093,-1.2089899876287595,1.229977322409095,1.1733865901998006,-0.7802566336412519,-0.6618810697267618,1.4596879217595828,-0.040547621635479675,-0.7970658145992735,0.005069004876495135,-0.3931892080924745,0.7208939227096366,0.0246726711443547,6,0
0.6108476398331659,0.6480195018445557,0.6339252293343768,-0.47594001052639245,-0.17015355614633537,0.44362144936837544,-0.1417113728380698,-0.45304883749504726,0.8581151270396128,-0.7970658145992735,-0.9601336739090265,-0.6714994823323088,-1.0846087595336704,-1.2392624314296616,1,0
-1.2020446261405728,-1.1663608915394041,-1.2089899876287595,1.229977322409095,0.6040899180192344,3.6702091227573925,-1.9022857315382582,-3.915102371745927,4.709526907075722,0.738526903421301,0.9508439993680726,1.860419430277425,1.2934191230004033,-1.6004854142964435,5,0
-1.243013942885742,-1.2654657029427296,-1.2089899876287595,1.229977322409095,-1.6730967707030306,-3.0425767264772303,3.4194503981691304,2.9687365544557367,-0.8080984799263635,-0.7970658145992735,0.7124133284878428,-0.49817207103357647,-1.0496377612611105,1.7506692948232985,7,1
-0.976713384042142,-0.9452809276396779,-0.9856063249665613,1.229977322409095,0.3080556484853402,1.6674995323780026,-1.0219985521881647,-2.618468189682789,2.912201409725538,-0.7970658145992735,0.34505348002052644,-0.7955060855379058,-0.7189120347406155,1.2955145229127647,3,1
-0.5670202165904497,-0.5824048489628859,-0.5388389996421645,0.33910938187612033,-0.39787222501856306,-0.4464717019113541,0.45848443126426797,1.3872052656194076,-0.15800202343799924,-0.7970658145992735,0.970271683662017,-0.9600262096771497,-1.0136675916093347,-1.533662615840686,5,0
2.034531396727797,2.1056225741765435,2.085919036638666,-1.6776639983942774,-0.23846915680800387,0.5177958786416845,-0.1417113728380698,-0.5184845687327055,0.8308001498762357,-0.7970658145992735,0.754801003310995,-0.7440715285264936,-1.2564662367588222,1.616333022992344,0,0
-0.7718668003162958,-0.7196268955213367,-0.7622226623043629,0.6461745018045076,-0.14738168925911319,1.9271100348345913,-0.7419071769404062,-1.636932221117913,1.071171948913951,-0.7970658145992735,-0.7782199027929995,-1.4472453353400498,-0.6809435223304077,1.292751823235007,3,1
0.09873118051855047,0.0716869062990626,0.0754660726788809,0.4717918411044339,0.17142444716200317,-0.4464717019113541,-0.061685265624423946,1.3630443802393495,-1.0375442880987276,-0.7970658145992735,-0.08412172756388651,0.2694710777874348,1.8514563382925373,-1.6553940703918721,1,0
-0.20853869507021883,-0.21647939147368395,-0.2596094213144166,-0.3508394061111204,0.5130024504703438,-0.1497739848181109,-0.46181580169264913,0.2818447594817321,0.016813830407611554,-0.285201575259082,-1.1650074355542608,0.9183919956985424,0.5570298165182128,0.5746225757479397,5,1
-0.44411226635494194,-0.49397286340299545,-0.5388389996421645,0.4490462766652966,1.3100177915231357,-1.2623904239177712,-0.6218680161199395,0.8013037951529892,-0.11976105540927176,-0.285201575259082,0.35565039872631427,-0.18886014599234277,0.4281367085993495,-0.2312223865079257,1,1
2.4749515517383665,2.4517270693850803,2.476840446297513,-2.1439480693966426,-0.05629422171022252,-0.11268677018145634,0.018340841589220537,0.12882581874136137,-0.3218918864182591,3.80971233946245,-1.0148844205555976,0.93565427853114,0.11489648121513417,-0.6818877714421037,0,1
0.7747249068138429,0.7227292827486012,0.9131548076621248,-0.8777783156178603,-0.784993962101348,-0.5577333458213211,0.8986280209393154,0.40365588993952706,-0.8955064068491689,1.762255382101684,-0.42852158550199615,-0.43440731199888016,0.7768475199457324,0.7927031815609155,2,0
-0.546535558217865,-0.6037505006497561,-0.5946849153077142,0.794020670658917,0.7179492524553472,-1.596175355647669,0.018340841589220537,-0.01110597575147742,-0.040547621635479675,1.2503911427614924,-0.0664601963875737,0.7852258138470772,1.8314729107082173,0.5675431578236864,5,0
-0.46459692472752656,-0.44670749181064023,-0.48299308397661495,-0.7640504934221611,0.2397400478236717,0.44362144936837544,-0.5018288552994714,-0.7027113197556513,0.29542659747405386,-0.7970658145992735,0.6329364381944333,-0.40657628457489675,-0.5115839735532962,-0.8189867429508153,6,1
-0.04466142808954186,-0.03504135213528797,-0.14791758998331744,-0.4418216638676823,0.9684397882147971,0.18401094691178682,-0.9419724449745188,-0.5154644580601981,0.3609825426661575,-0.7970658145992735,0.04833975625846285,-0.9219787291481597,-0.3766958373591364,1.0511882701610935,5,1
0.3650317393621505,0.33698286297873403,0.41054156667217845,-0.7071865823243136,-0.35232849124411675,-0.37229727263804163,0.37845832405062346,0.5435876844323658,0.00042484410958541953,-0.7970658145992735,0.5516933947833919,-0.18181431626475217,-1.5901894774169651,-1.3145459976485514,6,1
1.8501694713745354,1.8967401255264575,1.7508435426453686,-1.249289201457145,0.3308275153725624,0.369447020095063,-0.5418419089062936,-0.19432602321692097,0.2134816659839237,-0.285201575259082,0.7512686970757322,-1.245382313644575,-1.1255747860815264,0.3176915057165003,0,0
-1.304467918003496,-1.2944348016606249,-1.3206818189598588,1.229977322409095,2.311979934560933,1.630412317741348,-2.302416267606483,-1.484919983935045,3.999337500827929,-0.7970658145992735,-1.0484413297905928,1.935809808362646,0.15036706517730206,-1.0299879308395377,7,1
0.6620592857646275,0.6419207442197357,0.9131548076621248,0.11923559229776777,-1.3770625011691364,-0.22394841409142008,1.3387716106143628,0.31003245909180044,-1.1631931830502604,-0.285201575259082,-0.4620784947369914,-1.4359720077759044,-0.5245732014831042,0.0246726711443547,6,1
-0.9152594089243882,-0.9132624501093727,-0.873914493635462,0.48695555073052965,-0.8760814296502386,0.07274930300182311,0.6985627529052028,-0.3272108928072427,0.39376051526220973,-0.7970658145992735,-1.3027673787295047,-0.3104007087932832,-0.905757082654007,0.8291362835613414,6,0
-1.0791366759050651,-1.0886017318229486,-0.9856063249665613,1.229977322409095,-2.5156558455302687,-0.7431694190045973,3.0993459693145526,0.9966042853084625,0.5576503782424691,-0.7970658145992735,-0.24837396750360025,-0.7109561288068169,-1.3523866891635579,-1.2737961774016293,1,1
-0.7821091295025882,-0.8004354340502021,-0.8180685779699125,0.047207971573824545,0.7634929862297937,-0.7060822043679427,-0.4218027480858269,0.8566724908156237,-0.48578174939851904,1.2503911427614924,-0.7640906778519486,0.5255869883853587,1.241961796970779,-0.9882020982134568,2,0
-1.0688943467187728,-1.0931758000415637,-0.9856063249665613,1.229977322409095,-2.2423934428835968,-1.707436999557636,3.2994112373486653,2.559008206552244,-1.9498645253555085,0.738526903421301,-1.0484413297905928,1.082559828351407,1.7940039839876176,-0.5610196605402168,1,0
-0.8640477629929266,-0.8583736314859924,-0.9297604093010117,1.229977322409095,1.6743676617186984,0.2210981615484414,-1.4621421418632108,0.017081723858590928,-0.054205110217167715,-0.7970658145992735,-0.038201746505472096,-0.32202632784380786,-0.50808687372604,-0.453965048027117,5,1
3.089491302915905,3.025010286118164,3.0911455186185584,-2.716378107781661,-0.05629422171022252,-0.3352100580013871,0.09836694880286502,0.7409015817028428,-0.38198483617768797,-0.7970658145992735,-1.546496508962628,1.837520483662755,0.22930160413536602,-1.315064003838131,0,1
2.423739905806905,2.4898443045402057,2.365148614966414,-2.1894391982749215,0.12588071338755885,0.44362144936837544,-0.4218027480858269,-0.5970074462178957,1.065708953481275,0.22666266408110952,-1.6436349304323512,1.3182428327393174,0.7788458627041641,-0.33447828696410903,0,1
-0.6489588500807881,-0.6388183569924712,-0.5946849153077142,0.7371567595610653,-0.8077658289885701,0.29527259082175383,0.4984974848710902,-0.7842543079133489,2.0818261039588877,-0.285201575259082,-0.49740155708961803,-0.40411024417024,0.27576307326890975,-0.25246064028068577,1,0
-0.3724159620508958,-0.3902939837810549,-0.48299308397661495,0.5021192603566212,1.4466489928464727,-0.4093844872746995,-1.0620116057949869,0.1096984511488153,-0.49670774026386993,0.22666266408110952,0.4492565139607747,-0.242760743408412,1.4907554703955626,-0.45569173532571544,1,1
-0.5260508998452804,-0.4954975528092005,-0.42714716831106536,0.37701865594135336,-1.2404312998457994,0.8144935957349277,0.6985627529052028,-0.01110597575147742,1.1094129169426776,-0.285201575259082,0.7954225250165156,-0.2314874158442668,0.44062635083954915,0.0246726711443547,6,1
0.16018515563630434,0.1799398541396182,0.019620157013331318,0.5021192603566212,1.1733865901998006,0.29527259082175383,-1.1420377130086314,0.09459789778627889,0.38829751982953453,-0.7970658145992735,-0.700509165617221,0.3402816665497219,0.3017415291285256,-0.3241181631725187,3,0
-1.2942255888172036,-1.3173051427537,-1.3206818189598588,1.229977322409095,3.450573278922066,-4.2293675948502,-0.5818549625131172,3.89188371668547,-1.0539332743967535,1.2503911427614924,1.307606929129601,0.3888978916700979,1.72606033020093,-1.2905450441980337,7,0
1.6453228876486892,1.6710860934081162,1.415768048652071,-1.416090007344169,0.9456679213275749,0.2210981615484414,-0.981985498581341,-0.24063438686203314,-0.02689013305379115,1.762255382101684,1.680265236949812,0.9691219697371961,1.2834274092082432,1.094182783896193,0,1
1.9116234464922892,1.9394314289001977,1.9183812896420172,-1.4350446443767875,-0.07906608859744468,0.2210981615484414,-0.1417113728380698,-0.05338752516657923,-0.14707603257264834,-0.7970658145992735,1.1433546891898874,-0.5658120364184477,-1.0046750491963907,-0.0027816569033595937,0,1
0.877148198676766,0.9361857996173023,0.8014629763310256,-0.7830051304547798,0.3763712491470087,0.6290575225516516,-0.7018941233335839,-0.05640763583908665,-0.3983738224757136,1.762255382101684,-1.3416227473173936,0.23776484401327674,0.7833421339106362,-0.8906442658426482,0,0
-0.6592011792670804,-0.6555899404607264,-0.6505308309732637,0.23296341449346694,-0.12460982237189103,0.10983651763847768,-0.0216722120176017,-0.01110597575147742,-0.37105884531233707,0.22666266408110952,0.3079642645502687,-0.2202140882801216,0.9347165978618598,-0.3926676489268745,2,0
0.33430475180327357,0.329359415947709,0.46638748233772803,-0.08547448765448903,-0.8988532965374608,-0.07559955554479848,0.7785888601188473,0.21942913891658056,-0.38198483617768797,-0.7970658145992735,-0.7587922184990548,-0.2519203220542799,-1.2209956527966541,-1.2327010196949881,6,0
-0.8845324213655112,-0.8537995632673774,-0.873914493635462,1.229977322409095,-0.19292542303355753,1.3337146006481049,-0.5018288552994714,-1.0822385609340703,1.4863596017972762,-0.285201575259082,0.9579086118385981,0.4685157675918735,0.1843388920706461,-1.3673826289856619,2,1
2.7105251230230896,2.752090882407467,2.7560700246252607,-2.5154589552359274,-0.19292542303355753,0.2581853761850993,-0.061685265624423946,-0.36647233154983777,0.10968475276309217,0.22666266408110952,-0.9036167741448238,0.24199234184983134,0.2213082331016378,-0.3717747326138341,0,0
1.573626583344643,1.608573827753711,1.5274598799831702,-1.2189617822049579,0.148652580274781,0.29527259082175383,-0.3417766408721824,0.27479783457921503,-0.4803187539658438,-0.285201575259082,-1.1632412824366294,-0.14517600168128034,-0.7219095488782634,-0.32688086285027607,0,0
-1.2942255888172036,-1.2944348016606249,-1.3206818189598588,1.229977322409095,3.450573278922066,-0.26103562872807795,-2.302416267606483,1.4586812182020814,0.503020423915716,1.2503911427614924,0.9331824681917593,1.1304714704990242,1.1460413445660431,0.2567394440759774,7,0
-1.3147102471897882,-1.3157804533474948,-1.3206818189598588,1.229977322409095,1.1733865901998006,-0.48355891654800864,-0.7419071769404062,2.1694139297988007,-1.015692306368026,-0.7970658145992735,-0.10708171809309422,-1.1981752544697168,-0.4940984744170162,0.5544203343543386,7,0
0.8669058694904737,0.8157353365271066,0.9690007233276743,-0.4531944460872509,-0.5800471601163424,-0.5577333458213211,0.6585496992983806,0.903987558018238,-0.6715235941094803,-0.285201575259082,0.4881118825486641,-1.440904088585218,-0.25379775771556873,-0.7822083034906696,2,1
1.1844180742655352,1.1511670058922086,1.3599221329865214,-0.6958138001047408,-0.8305376958757923,-0.2981228433647325,0.8186019137256695,0.3291598266843465,0.13153673449379352,-0.7970658145992735,0.8413425060749299,-1.0977721808515488,-0.7993453307675034,-1.492394789404185,0,1
2.495436210110951,2.526436850289126,2.5326863619630626,-1.6321728695159985,-0.17015355614633537,0.2210981615484414,-0.061685265624423946,-0.2547282366670666,0.04959180300366334,0.738526903421301,-0.06822634950520483,1.4792400420147656,0.3961632244644372,-0.8243394735764703,0,0
-0.6694435084533727,-0.6571146298669314,-0.6505308309732637,0.7257839773414967,-0.2840128905824482,0.369447020095063,0.018340841589220537,0.3613743405244245,-0.05966810564984293,-0.7970658145992735,0.572887232194968,-0.44110085024009155,-1.4513046557059415,-1.0097856894459365,2,0
0.8259365527453044,0.7837168589968014,0.8014629763310256,-0.9990879926266052,0.10310884650033668,-0.4464717019113541,0.018340841589220537,0.6180837476875456,-0.666060598676805,-0.7970658145992735,0.13134895278713554,-0.08810478088779515,-1.238481151932934,-0.592790706834427,4,1
0.580120652274289,0.5778837891591253,0.5222333980032776,-1.4653720636289747,0.3308275153725624,-0.0014251262714893337,-0.3817896944790046,-0.3654656279923348,0.3008895929067291,-0.7970658145992735,0.3644811643144709,-1.4842359414099011,-1.2894388922729498,-0.305642609077516,3,1
0.4879396895976582,0.43456298497585455,0.46638748233772803,-0.7867960578613027,0.10310884650033668,-0.6689949897312848,0.09836694880286502,0.04224931279615185,-0.03235312848646636,0.738526903421301,-1.6966195239612911,1.4443631848631917,0.8178135464935882,0.7811343766603064,3,1
0.3650317393621505,0.37510009813385925,0.35469565100662886,-0.49489464755900686,0.03479324583866816,0.14692373227513225,-0.18172442644489206,0.864726119275643,-0.7097645621382077,-0.7970658145992735,1.0020624397793814,-0.8405993957944866,-1.0646253319493506,-0.13383722286697686,1,0
2.894887048376351,2.892362307778328,2.9794536872874593,-1.6397547243290442,-0.3067847574696724,-0.0014251262714893337,0.13838000240968726,-0.15103777024431622,0.1260737390611183,0.738526903421301,0.8572378841336121,-0.4351118949716393,-0.41516393545895225,-1.2819116077050419,0,1
0.4981820187839505,0.5504393798474352,0.6339252293343768,-1.3781807332789358,-0.8533095627630145,0.6661447371883061,0.37845832405062346,-0.5567393039177977,0.32274157463743,-0.285201575259082,-0.12474324926940754,-0.994903066828724,-1.0556327895364066,0.9655445801506135,5,0
-1.1610753093954036,-1.161786823320789,-1.0972981562976605,1.229977322409095,-2.2423934428835968,-0.1497739848181109,2.4191240579985704,-0.9896218336438459,-0.040547621635479675,-0.285201575259082,-1.156176669966104,1.0554333839001824,0.7773471056353404,-0.9042850955015755,2,1
-1.3249525763760805,-1.32340390037852,-1.3206818189598588,1.229977322409095,0.03479324583866816,0.07274930300182311,-0.0216722120176017,1.0590199058736132,-2.944129694102419,0.738526903421301,1.3429299914822277,0.527700737303636,1.363361119545523,-0.8725140492073653,7,1
-1.3659218931212498,-1.3721939613770802,-1.3765277346254083,1.229977322409095,3.450573278922066,-2.63461736547402,-1.2220638202222758,2.674779115665025,0.503020423915716,-0.7970658145992735,0.7318410127817878,-0.7313890350168303,-0.21033380271967292,0.7797530268214277,7,0
1.6555652168349815,1.590277554879251,1.7508435426453686,-0.5290129942177171,-0.4206440919057852,-0.5206461311846633,0.4984974848710902,0.12580570806885394,0.04959180300366334,0.738526903421301,-1.4634873124339556,0.6365588065949126,1.8079923832966418,1.3490418291693145,0,1
-1.171317638581696,-1.2029534372883244,-1.15314407196321,1.229977322409095,-0.6483627607780109,-3.0796639411138846,2.179045736357634,2.57813557414479,-1.3270830460305203,-0.285201575259082,-1.5659241932565726,1.4732510867463133,1.8589501236366575,0.17454912866269437,7,0
0.09873118051855047,0.06406345926803757,0.1313119883444305,-0.2863936402002272,-0.2840128905824482,-0.5577333458213211,0.41847137765744574,0.3613743405244245,0.22987065228194936,0.22666266408110952,-0.5980722847946038,-0.23712407962633952,1.8364687676042972,1.601656180954258,3,0
-0.3007196577468496,-0.3232076499080345,-0.3713012526455158,0.8887938558219975,0.809036720004238,-0.48355891654800864,-0.5418419089062936,-0.07855511410414015,-0.11429805997659655,-0.7970658145992735,0.9278840088388653,-0.7162405011025099,-0.9612110942004948,-1.4203919290526321,5,0
-0.710412825198542,-0.6876084179910316,-0.7063767466388133,1.229977322409095,-0.05629422171022252,0.7774063810982732,-0.3817896944790046,-1.4345848060599233,1.355247711413068,-0.7970658145992735,1.1928069764835647,-1.0213249283071892,-0.3277364397775527,1.4909755251141015,5,0
-0.5567778874041573,-0.5702073337132458,-0.5946849153077142,-0.09305634246753902,0.5585461842447901,-0.4093844872746995,-0.3817896944790046,0.51237987414979,-0.6059676489173762,0.738526903421301,1.3517607570703845,1.5303223075397987,1.4517877866061386,-0.9562583831893868,5,1
0.5698783230879967,0.6281985395638906,0.5222333980032776,-0.7033956549177908,0.26251191471089386,0.7403191664616185,-0.6218680161199395,-0.48425664777762234,0.19709267968589758,1.762255382101684,0.3945057673142036,0.7524627056137806,0.2942477437844056,1.5198112030006945,4,1
-1.0791366759050651,-1.0870770424167437,-1.041452240632111,-0.934642226715712,-1.1038000985224643,-0.6319077750946303,1.2987585570075406,1.6630420403750747,-1.8023636486732744,-0.7970658145992735,0.18786585255133825,-0.7542879816315001,-1.4313212281216217,-1.4015710374979098,5,0
-1.3351949055623729,-1.34474955206539,-1.3206818189598588,1.229977322409095,-1.1038000985224643,-2.63461736547402,2.579176272425859,1.4194197794594863,-3.0533896027559253,-0.285201575259082,0.0730658999053017,0.8528657792319485,1.4223122309192666,-0.15283078315155907,7,1
-1.406891209866419,-1.3935396130639504,-1.3765277346254083,1.229977322409095,-5.658173475966994,9.715425108532216,3.8195809342373557,-10.299616333426382,11.079379581575163,-0.7970658145992735,0.08542897172872112,0.9966007056747995,0.24628751758203776,-1.6800856987618291,7,0
-1.2942255888172036,-1.31120638512888,-1.3206818189598588,1.229977322409095,3.450573278922066,-3.153838370387194,-1.102024659401809,3.283834767953999,-1.0539332743967535,-0.7970658145992735,-1.2603797039063527,-0.4111560738978308,-1.237981566243326,-1.4233272974602493,7,1
0.5391513355291198,0.5565381374722552,0.5222333980032776,0.6423835743979848,0.05756511272589033,0.2210981615484414,-0.2617505336585365,-0.7600934225332903,0.9072820859336908,1.2503911427614924,1.0303208896614826,0.39101164058837523,0.13537949448906206,-1.3742893781800554,6,1
0.4572127020387813,0.5534887586598453,0.6897711449999263,-0.4077033172089721,-1.3998343680563585,1.2595401713747925,0.6585496992983806,-1.3288809325221669,0.9345970630970678,1.2503911427614924,1.655539093302973,1.913615444720735,1.4472915153996666,1.6857458523959992,6,0
0.33430475180327357,0.2516002562312536,0.1871579040099801,-0.5214311394046712,1.105070989538132,-1.1511287800078043,-0.5018288552994714,1.114388601536247,-0.3164288909855839,-0.7970658145992735,-0.07882326821099263,-1.0340074218168525,-0.9786965933367747,1.614433666963886,5,0
-1.3659218931212498,-1.3584717567212352,-1.3206818189598588,1.229977322409095,-4.519580131605862,2.149633322654522,5.019972542442031,-3.0503440158513344,2.86303445083146,-0.7970658145992735,1.284646938600394,-1.2482006455356112,-0.5360636723440879,-1.4160752108061363,7,0
2.731009781395674,2.8039303222184375,2.7002241089597114,-2.777032946286036,0.03479324583866816,0.44362144936837544,-0.3417766408721824,-0.6785504343755926,0.38283452439685833,2.2741196214418755,1.3288007665411772,-1.4106070207565777,-1.2799467641703979,-0.8830468417288154,0,1
-0.8538054338066343,-0.8720958361418375,-0.873914493635462,-0.10063819728058479,0.49023058358312155,-0.8173438482779064,-0.1417113728380698,1.6761291866226073,-1.3653240140592477,-0.7970658145992735,-0.03466944027020934,-0.7912785877013514,-0.3926825794265923,-0.8176053931119366,2,0
0.11921583889113509,0.08540911095490768,0.0754660726788809,-1.014251702252701,0.3308275153725624,-0.5206461311846633,-0.1417113728380698,0.6382178188375947,-0.32735488185093436,1.762255382101684,-0.45501388226646616,0.18950091037928,0.2562792313741977,0.21339959288115798,2,0
0.31382009343068895,0.2866681125739688,0.24300381967552967,0.3429003092826432,0.49023058358312155,-0.37229727263804163,-0.3417766408721824,0.08251745509624918,-0.08698308281321998,1.2503911427614924,0.6170410601357512,1.0959469048338293,0.16335629310710997,-1.1185669892576349,4,1
0.33430475180327357,0.34308162060355407,0.1871579040099801,-1.1810525081397247,1.105070989538132,0.14692373227513225,-1.0219985521881647,0.17815429305898098,-0.19077999603405102,-0.7970658145992735,0.7848256063107277,1.6567949511500526,1.439797730055547,0.8132507604142363,6,0
2.4851938809246588,2.492893683352616,2.4209945306319636,-2.7277508900012344,0.148652580274781,0.07274930300182311,-0.2617505336585365,-0.3755326635673593,0.43200148329093724,1.2503911427614924,0.005069004876495135,0.6657989999644142,-0.014496212393337376,-0.6741176785984109,0,1
-0.843563104620342,-0.8690464573294275,-0.873914493635462,1.229977322409095,0.7179492524553472,-1.1140415653711495,-0.18172442644489206,1.0147249493435062,-0.9938403246373253,-0.7970658145992735,-0.45148157603120337,1.2213626739849446,0.14037535138514207,-0.43756151869043236,2,1
-0.8640477629929266,-0.8720958361418375,-0.8180685779699125,1.229977322409095,-0.8988532965374608,-0.37229727263804163,0.9386410745461377,0.2848648701542395,0.8690411179049633,-0.285201575259082,0.8766655684275566,1.5993714388701876,1.1165657888791718,-1.0073683272278988,6,0
-0.24950801181538806,-0.24697317959778411,-0.2596094213144166,-0.07789263284144327,0.0803369796131125,0.03566208836516524,-0.18172442644489206,-0.05842104295409184,0.4538534650216381,-0.7970658145992735,-1.253315091435827,-1.0340074218168525,-1.591688234485789,0.5212679382212497,2,0
0.6927862733235044,0.7288280403734212,0.5780793136688271,-0.5934587601286145,0.6724055186809029,0.44362144936837544,-0.8219332841540521,-0.8386163000184804,1.0056160037218467,1.762255382101684,0.5764195384302306,0.42377474882167243,0.7263893652953245,0.0246726711443547,2,0
-0.8333207754340497,-0.8385526692053273,-0.8180685779699125,0.5893105907066559,-0.2840128905824482,-0.26103562872807795,0.25841916323015535,-0.2919762682946572,0.7324662320880799,0.738526903421301,-1.6136103274326186,0.00032038219346860867,1.338381835065123,-0.46432517181870736,3,1
-1.3147102471897882,-1.327977968597135,-1.3206818189598588,1.229977322409095,1.1733865901998006,-2.9313150825672634,0.45848443126426797,2.8791399378380196,-1.015692306368026,-0.7970658145992735,0.005069004876495135,-1.4835313584371421,-0.5460553861362479,-1.4468102447211875,7,1
-1.0893790050913574,-1.0825029741981287,-1.041452240632111,0.11544466489124489,-1.4226062349435806,0.40653423473172084,1.1387063425802502,0.0311755736636251,-0.5130967265618955,-0.7970658145992735,-1.2268227946713572,-1.2767362559323536,-0.9677057081653988,1.7420358583303064,7,1
-0.8947747505518036,-0.9193612077341927,-0.9297604093010117,1.229977322409095,0.9228960544403508,-1.1511287800078043,-0.3417766408721824,0.493252506557244,-0.7971724890610131,-0.7970658145992735,1.450665331657739,-0.9431162183309321,-1.5252433377679253,0.28695647180144906,6,0
0.3957587269210274,0.3461309994159641,0.35469565100662886,-0.889151097837429,0.2397400478236717,-0.6689949897312848,-0.0216722120176017,0.42580336820458053,-0.23994695492812895,0.738526903421301,1.2034038951893529,1.093128572942793,1.668108390206402,-0.21257416368306314,4,1
0.9488445029808121,0.9392351784297123,1.1923843859898726,-2.348658149348904,-1.194887566071355,-0.07559955554479848,1.098693288973428,0.06439679106120534,0.1260737390611183,-0.7970658145992735,1.6255144903032408,0.5798398772878072,0.3452054841244217,0.711030872337212,4,1
-0.34168897449201885,-0.3186335816894195,-0.42714716831106536,0.5210738973892356,1.0367553888764656,0.5177958786416845,-1.1420377130086314,-0.09365566746667728,0.011350834974936337,-0.7970658145992735,0.16667201513976218,-1.3038627003835779,-0.19734457478986497,-1.6215509993393438,4,0
0.7747249068138429,0.7638958967161363,0.5780793136688271,-1.4009262977180772,1.1733865901998006,-0.11268677018145634,-0.981985498581341,-0.11781655284673524,-0.305502900120233,-0.7970658145992735,1.0409178083672703,-1.0554972024860043,-0.47411504683269623,1.1461560715840045,1,0
0.04751953458708892,0.03966842876875743,0.019620157013331318,-0.07789263284144327,0.21696818093644954,-0.11268677018145634,-0.2217374800517143,-0.5194912722902078,0.08783277103239082,-0.285201575259082,0.26027813037422265,0.2627775395462237,0.37418145412168546,-0.1949619532373596,2,0
-0.3724159620508958,-0.3582755062507497,-0.3154553369799662,0.5021192603566212,-0.6483627607780109,0.33235980545840843,0.33844527044379985,-0.04231378603405248,0.5631133736751444,0.738526903421301,-0.278398570503333,1.2238287143896012,0.9776809671681479,1.1594515637832121,2,1
-1.273740930444619,-1.3005335592854448,-1.2648359032943093,1.229977322409095,-0.35232849124411675,-4.2664548094868575,2.659202379639504,-0.01110597575147742,-2.9823706621311463,1.2503911427614924,1.150419301660413,0.363885196137151,1.1350504593946673,0.18767195213204207,7,0
-0.7616244711300035,-0.7607935094888719,-0.873914493635462,0.08132631823253472,2.539698603433159,-0.0014251262714893337,-1.9422987851450817,0.5586882377949023,-0.38744783161036317,-0.7970658145992735,0.6523641224883778,-0.9709472457549154,-1.5207470665614533,-0.10880025703730031,6,0
-1.1303483218365267,-1.1038486258849989,-1.15314407196321,1.229977322409095,1.1733865901998006,2.0754588933812097,-1.7822465707177915,-2.656722924867881,2.2621049532371735,-0.7970658145992735,1.6996929212437564,-1.1344104954350207,-0.3946809221850243,0.031061414149168718,7,1
-0.7923514586888805,-0.7989107446439971,-0.8180685779699125,0.6272198647718891,0.5585461842447901,-0.2981228433647325,-0.4218027480858269,-0.30405671098468623,-0.11976105540927176,-0.7970658145992735,0.17020432137502492,-0.46717042023217736,-1.5217462379406694,-0.2845770240346157,5,1
-1.109863663463942,-1.1145214517284339,-1.0972981562976605,1.229977322409095,-0.35232849124411675,-0.4464717019113541,0.45848443126426797,0.9060009651332426,-0.9337473748778965,-0.7970658145992735,-0.9866259706734962,-0.18146202477837245,-1.34189538968179,-0.4430869180459473,7,1
0.016792547028211993,0.054915322830807516,-0.09207167431776786,0.6954565580893094,0.9912116551020193,0.6661447371883061,-1.1420377130086314,-0.34130474261227683,0.530335401079093,-0.7970658145992735,0.005069004876495135,-0.21316825855253102,-1.3438937324402218,0.4273361491774976,1,1
0.6620592857646275,0.6053281984708155,0.6897711449999263,-1.3592260962463214,-0.21569728992078172,-0.6689949897312848,0.37845832405062346,0.2154023246865709,0.7652442046841322,1.2503911427614924,0.3061981114326371,1.502491280115815,1.737051215372306,-0.39094096162827613,1,0
0.4981820187839505,0.5092727658799,0.41054156667217845,-0.5745041230959959,0.5585461842447901,0.14692373227513225,-0.6218680161199395,-0.16915843427936003,-0.23448395949545373,1.2503911427614924,0.5163703324307652,0.6418431788906058,0.24978461740929392,-1.2497952239511119,1,1
-1.1201059926502344,-1.0794535953857187,-1.15314407196321,1.229977322409095,1.628823927944254,3.113900903207561,-2.3824423748201293,-2.3849129643422233,1.4371926429031983,1.2503911427614924,0.007718234552942328,1.2280562122261558,-0.006003255670001503,1.418972664762549,7,1
0.7542402484412583,0.7425502450292663,0.9131548076621248,-0.18782952763061955,-0.8760814296502386,-0.11268677018145634,0.7785888601188473,0.54962790577738,-0.8900434114164938,-0.285201575259082,1.5283760688335175,-0.48584186901029264,-1.227989852451166,-0.6394112638965834,2,0
0.4879396895976582,0.46505677309995475,0.41054156667217845,-0.9877152104070366,0.49023058358312155,-0.2981228433647325,-0.3817896944790046,0.20634199266904932,-0.040547621635479675,-0.285201575259082,0.1949304650218633,-0.28221738988292033,-0.919745481963031,0.0246726711443547,2,0
-0.5567778874041573,-0.5320900985581206,-0.48299308397661495,0.7902297432523899,-0.9671688971991294,0.703231951824964,0.4984974848710902,-0.7057314304281588,0.5194094102137417,-0.7970658145992735,0.7459702377228383,-0.5436176727765367,-0.5065881166572161,1.2304184117556056,6,0
-0.5567778874041573,-0.5031209998402255,-0.5388389996421645,0.34669123668916607,-0.23846915680800387,1.5191506738313811,-0.5018288552994714,-0.8376095964609782,0.8417261407415871,-0.7970658145992735,-0.12650940238703867,-0.5009904029246127,-1.2424778374497982,0.49018756684647885,2,0
-0.5158085706589881,-0.47110252230992034,-0.3713012526455158,1.229977322409095,-1.6958686375902527,1.1853657421014834,1.0586802353666043,0.5949295658649899,-0.9282843794452212,-0.285201575259082,-0.5715799880301339,0.8771738917921365,0.32821957067774965,-1.0551975653990742,1,1
-0.7923514586888805,-0.8019601234564071,-0.8180685779699125,0.6272198647718891,0.5585461842447901,-0.4093844872746995,-0.3817896944790046,0.7771429097729312,-0.11976105540927176,-0.7970658145992735,0.8166163624280915,-1.2369273179714662,-1.2164993815901821,1.679357109391185,2,0
2.9153717067489358,2.964022709869963,2.9794536872874593,-2.250094036779296,-0.23846915680800387,0.29527259082175383,-0.0216722120176017,-0.0624478571841015,0.011350834974936337,0.738526903421301,-0.5062323226777747,0.9176874127257835,0.05244827001413428,0.8971677631261176,0,1
-0.36217363286460347,-0.39944212021828496,-0.3154553369799662,1.229977322409095,-0.5345034263418981,-0.854431062914561,0.8186019137256695,1.0690869414486377,-0.7097645621382077,0.738526903421301,0.005069004876495135,1.7734034331416795,1.8519559239821457,0.09512151292716872,5,1
-0.8845324213655112,-0.8675217679232224,-0.8180685779699125,0.5286557522022856,-1.308746900507468,0.7403191664616185,0.8586149673324931,0.38754863301948766,0.1643147070898453,-0.7970658145992735,0.8590040372512433,1.6201566365665805,1.6895905748595457,0.35360660152734663,5,0
-1.1508329802091113,-1.1709349597580192,-1.2089899876287595,-0.1233837617197221,3.450573278922066,-1.8557858581042574,-1.742233517110969,1.7627056925678168,-1.0539332743967535,-0.7970658145992735,1.35882536954091,-0.4759777073916658,-0.7119178350861035,-1.3936282759243572,3,1
0.3957587269210274,0.39034699219590935,0.5222333980032776,-0.252275293541517,-0.8533095627630145,-0.07559955554479848,0.6985627529052028,0.5707686804849312,-0.34374386814896046,-0.7970658145992735,0.3821426954907842,-0.37346088485522033,-0.2957629556426407,0.60639362204215,6,1
0.3547894101758582,0.2958162490111988,0.41054156667217845,0.14577208414343218,-0.4206440919057852,-0.8173438482779064,0.6585496992983806,0.7066736607477604,-1.1140262241561825,2.2741196214418755,1.4824560877751027,0.017582665026066,1.6251440209001138,0.4366602605899289,1,1
0.006550217841919684,0.0335696711439374,0.1313119883444305,0.4225097848196322,-1.0127126309735737,0.48070866400503,0.6585496992983806,0.062383383946200875,-0.7206905530035587,-0.7970658145992735,1.070942411367003,-1.395810778328637,-0.6254895107839198,-0.8474770833776886,4,0
0.3445470809895659,0.35832851466560417,0.24300381967552967,0.794020670658917,0.7179492524553472,0.18401094691178682,-0.7819202305472298,-0.8456632249209975,0.8908930996356651,-0.7970658145992735,-1.0555059422611182,-1.0752255257232584,-1.566209364315781,1.5636690603850936,5,1
0.8156942235590121,0.7699946543409564,0.745617060665476,-2.5609500841142063,0.35359938225978454,-0.48355891654800864,-0.18172442644489206,0.5798290125024536,-0.22902096406277853,1.762255382101684,-0.22011551762149914,1.8568965154136294,0.594498743238813,0.5464775727807861,0,0
0.1294581680774274,0.144871997796903,0.019620157013331318,-0.5062674297785755,0.9001241875531286,0.2581853761850993,-0.9419724449745188,-0.018152900653994507,0.5685763691078205,-0.285201575259082,-1.6983856770789223,1.6881488934378315,0.9791797242369717,-1.6711069248091173,1,0
1.5633842541583507,1.5475862515055105,1.8066894583109179,-1.7459006917116977,-0.9899407640863515,-0.11268677018145634,0.8986280209393154,0.10063811913129302,-0.1361500417072979,-0.7970658145992735,1.387083819423011,-0.27235322826429326,-0.4646229187301442,-1.522957154589376,0,1
-0.5670202165904497,-0.5259913409333007,-0.48299308397661495,0.7826478884393441,-1.1038000985224643,1.1482785274648255,0.41847137765744574,-1.386263035299806,1.5737675287200816,0.22666266408110952,1.7120559930671757,1.341141779353987,1.0131515511303157,0.0246726711443547,6,0
-0.22902335344280345,-0.2652694524722442,-0.2596094213144166,0.5893105907066559,0.3080556484853402,-0.7431694190045973,-0.0216722120176017,0.3311732337993517,-0.5130967265618955,-0.7970658145992735,-0.523893853854088,1.4380219381083597,1.1180645459479956,0.5706511949611635,3,0
-0.5362932290315727,-0.5244666515270956,-0.48299308397661495,0.7978115980654399,-0.6939064945524572,0.33235980545840843,0.41847137765744574,-0.16613832360685263,-0.5294857128599217,-0.7970658145992735,-0.2748662642680702,-0.3308336150032963,-0.4921001316585842,-1.623450355367802,6,1
1.3175683536873353,1.3737716591981397,1.5274598799831702,-1.730736982085602,-0.9216251634246829,0.5177958786416845,0.5385105384779124,-0.22150701926948635,-0.6824495849748312,-0.285201575259082,-0.26603549867991355,-1.3239433151072117,-0.5275707156207521,0.6208977953503765,4,0
0.2626084474992274,0.31716190069806893,0.1313119883444305,-0.5972496875351374,1.0139835219892415,0.8144935957349277,-1.2220638202222758,-0.6966710984106365,0.5740393645404958,2.2741196214418755,0.5234349449012907,1.8621808877093227,0.6754316249553087,-0.13159252937879895,3,0
1.5633842541583507,1.5231912210062304,1.5274598799831702,-1.2265436370180036,0.10310884650033668,-0.3352100580013871,-0.061685265624423946,-0.03526686113153539,-0.4038368179083893,0.738526903421301,-0.5980722847946038,0.9832136291923773,0.6209767847880368,-1.4452562261524489,0,0
-0.6796858376396651,-0.6998059332406715,-0.7622226623043629,0.7182021225284508,1.5605083272825855,-0.6689949897312848,-1.0219985521881647,0.7711026884279164,-1.026618297233377,0.22666266408110952,0.1295827996695044,0.5801921687741869,0.7548657496029807,0.6656189963840745,3,0
0.4776973604113659,0.46505677309995475,0.46638748233772803,0.013089624915114376,0.03479324583866816,-0.1497739848181109,-0.061685265624423946,-0.034260157574033154,-0.021427137621115932,-0.285201575259082,-0.5503861506185578,0.7912147691155295,0.29574650085322973,1.6448233634192175,4,0
0.42648571447990435,0.4421864320068796,0.5222333980032776,-1.4767448458485435,-0.6483627607780109,0.2210981615484414,0.37845832405062346,-0.1359372168817791,-0.040547621635479675,1.762255382101684,-0.6793153282056449,0.8137614242438198,0.903742285106164,0.10651764909791807,2,1
-0.843563104620342,-0.8339786009867123,-0.8180685779699125,1.229977322409095,-0.48895969256745375,0.369447020095063,0.1783930560165109,-0.10573611015670627,0.02227682584028677,-0.285201575259082,-0.48327233214856724,0.015821207594168166,0.9507033399293162,-0.6076402176023732,2,0
-1.2225292845131575,-1.2197250207565793,-1.2089899876287595,1.229977322409095,-0.5345034263418981,0.18401094691178682,0.37845832405062346,-1.6077378179503423,2.202012003477744,-0.7970658145992735,1.3305669196588084,-0.3480958978358937,-1.296433091927462,-0.8721687117476454,7,0
0.41624338529361204,0.40254450744554937,0.2988497353410793,-0.23711158391542125,0.809036720004238,-0.1868611994547655,-0.7018941233335839,0.09157778711377146,0.027739821272961988,-0.285201575259082,-0.041734052740734856,-0.9656628734592224,-0.7134165921549276,0.9938622518476271,1,1
0.09873118051855047,0.11895227789141787,0.1313119883444305,-0.03240150396316445,-0.2840128905824482,0.33235980545840843,0.018340841589220537,0.020101834531098352,0.5194094102137417,1.2503911427614924,-1.530601130903946,0.06161910082350815,1.2034936988709635,1.7185529110693685,3,0
0.2626084474992274,0.32326065832288897,0.24300381967552967,-0.13854747134581785,0.10310884650033668,0.8886680250082402,-0.5818549625131172,-1.272505533302031,0.8799671087703137,-0.7970658145992735,0.4315949827844614,-1.2531327263449246,-0.9407280809265669,0.38106092957506094,5,0
-1.171317638581696,-1.1953299902572994,-1.15314407196321,1.229977322409095,-0.6483627607780109,-2.337919648380777,1.738902146682588,1.2684142458341208,-1.3270830460305203,-0.7970658145992735,0.35035193937342035,-1.3584678807724064,-1.4797810400135973,0.0246726711443547,7,1
-0.3007196577468496,-0.24697317959778411,-0.3154553369799662,-0.13475654393929495,0.148652580274781,1.1853657421014834,-0.7018941233335839,-0.585933707085369,0.4156124969929106,-0.7970658145992735,-0.5786446005006591,-1.371502665768449,-1.223493581244694,1.655874162130247,2,1
0.13970049726371972,0.09303255798593273,0.1871579040099801,-0.49489464755900686,-0.39787222501856306,-0.7431694190045973,0.5785235920847347,0.02714875943361544,-0.28911391382220736,-0.7970658145992735,0.5075395668426086,-0.8536341807905296,-0.8283213007647671,0.0246726711443547,1,0
-0.7821091295025882,-0.7485959942392318,-0.8180685779699125,1.229977322409095,0.7634929862297937,1.2595401713747925,-1.2220638202222758,-2.203706323991785,1.5628415378547302,-0.285201575259082,1.1044993206019986,1.2058618485842452,0.3182278568855897,-1.327496152388039,3,1
1.839927142188243,1.823555034028617,1.8625353739764674,-1.3743898058724129,-0.14738168925911319,-0.11268677018145634,0.058353895196042775,-0.034260157574033154,0.18070369338787143,-0.285201575259082,-0.9265767646740313,-1.1048180105791396,-0.920744653342247,1.429678126013859,0,0
0.31382009343068895,0.3690013405090392,0.35469565100662886,-1.4312537169702646,-0.32955662435689453,0.7774063810982732,-0.18172442644489206,-0.4782164264326082,0.08783277103239082,0.738526903421301,-0.045266358975997616,0.46006077191876477,1.2479568252460753,-0.31531205794966694,5,1
-1.2327716136994498,-1.2182003313503744,-1.2648359032943093,1.229977322409095,2.699101671643718,1.630412317741348,-2.542494589247418,-3.0090691699937344,2.7756265239086546,-0.7970658145992735,0.014782847023467851,0.6421954703769855,-0.0030057415323535637,-1.0676297139489825,7,1
0.2216391307540582,0.1616435812651581,0.1313119883444305,-0.17266581800452802,0.6951773855681251,-0.8915182775512188,-0.3017635872653588,0.614056933457536,-0.45300377680246723,-0.285201575259082,0.27264120219764204,1.9442648040357549,1.295417465758835,0.7807890392005866,6,0
0.07824652214596585,0.0716869062990626,0.0754660726788809,-0.5631313408764272,-0.010750487935776163,-0.11268677018145634,-0.061685265624423946,-0.022179714884004168,0.5958913462711967,-0.7970658145992735,-0.439118504207784,-1.221778784057146,-0.9577139943732388,0.15952694916488844,4,1
0.9488445029808121,0.9209389055552523,0.9131548076621248,-0.7223502919504052,0.148652580274781,-0.26103562872807795,-0.10169831923124757,0.40566929705453153,-0.21263197776475237,-0.7970658145992735,-1.103192076437164,-0.37346088485522033,-0.5005930883819201,0.49070557303605833,4,1
0.7337555900686736,0.7730440331533664,0.6897711449999263,-0.3811668253633077,0.21696818093644954,0.44362144936837544,-0.5018288552994714,-0.6402956991905004,0.06051779386901426,-0.7970658145992735,-1.081998239025588,-0.9642537075137043,-1.208006424866846,1.511868441427142,5,0
0.1294581680774274,0.18451392235823322,0.24300381967552967,0.9835670409850823,-0.8760814296502386,0.8886680250082402,0.2984322168369776,-1.1063994463141282,0.8253371544435606,-0.7970658145992735,-1.5977149493739364,-1.4342105503440068,-1.0516361040195426,0.17195909771479678,3,0
0.3752740685484428,0.3476556888221691,0.35469565100662886,0.16093579376952372,0.10310884650033668,-0.37229727263804163,-0.0216722120176017,0.5566748306798971,-0.715227557570883,-0.285201575259082,1.7385482898316458,-0.33048132351691684,-0.17386404737828887,-1.0025336027918235,4,0
0.7235132608823813,0.8004884424650566,0.6897711449999263,-0.7450958563895467,0.148652580274781,0.8886680250082402,-0.6218680161199395,-0.38861980981489125,-0.03235312848646636,-0.7970658145992735,0.005069004876495135,-1.3626953786089606,-0.919745481963031,-1.279666914216864,3,0
-0.7616244711300035,-0.7348737895833868,-0.7622226623043629,0.6537563566175534,0.03479324583866816,0.9628424542815494,-0.5418419089062936,0.026142055876113204,0.3664455380988327,-0.7970658145992735,-1.0290136454966483,-0.16877953126870915,-0.2572948575428249,0.0246726711443547,3,1
0.2626084474992274,0.26684715029330364,0.24300381967552967,0.31636381743697883,0.10310884650033668,0.07274930300182311,-0.2217374800517143,-0.09264896390917432,-0.04327911935181728,-0.7970658145992735,0.09249358419924615,-0.9152851909069486,-0.5390611864817358,-1.6313931169413547,6,1
-1.3147102471897882,-1.3127310745350849,-1.3206818189598588,1.229977322409095,1.1733865901998006,0.14692373227513225,-0.981985498581341,0.04023590568114738,0.8089481681455349,0.22666266408110952,-1.108490535790058,1.2523643247863439,-0.09492950842022517,-0.884600860297554,7,1
-0.6079895333356189,-0.6296702205552412,-0.5946849153077142,0.2936182529978373,-0.19292542303355753,-0.6689949897312848,0.37845832405062346,0.6009697872100047,-0.267261932091506,0.22666266408110952,-1.2568473976710899,0.5019834587979296,1.3173992361015867,-1.3786060964265512,5,1
-1.2122869553268651,-1.2242990889751943,-1.2089899876287595,1.229977322409095,0.03479324583866816,-1.4478264971010473,0.6185366456915583,1.4455940719545486,-0.9555993566085978,-0.7970658145992735,1.312905388482495,-0.2804559324510225,-0.9532177231667669,0.0859700702445973,6,0
2.6388288187190434,2.529486229101536,2.4209945306319636,-1.9127014975987213,0.6496336517936787,-0.6319077750946303,-0.3817896944790046,0.5023128385747655,-0.19624299146672625,-0.7970658145992735,-0.7605583716166862,-0.5316397622396326,-0.940228495236959,0.75592474210077,0,0
1.4609609622954276,1.4835492964449002,1.5274598799831702,-1.852046659094351,-0.32955662435689453,0.2210981615484414,0.09836694880286502,-0.1560712880318281,-0.11976105540927176,0.738526903421301,-1.7301764331962861,0.34098624952248086,0.20781941948222193,-1.5376339966274624,0,1
0.16018515563630434,0.053390633424602506,0.1313119883444305,0.25949990633913134,0.19419631404922735,-1.6703497849209814,0.4984974848710902,1.230159510649027,-0.8299504616570649,1.2503911427614924,-0.8011798933222067,1.014567571480156,0.33971004153873374,-1.04898149112412,6,0
0.6825439441372121,0.7257786615610111,0.8573088919965751,0.6802928484632178,-0.9899407640863515,0.5177958786416845,0.5785235920847347,-0.1409707346692917,-0.040547621635479675,0.738526903421301,-1.477616537375006,1.1040496090205587,0.8517853733869323,1.636880601845665,4,1
0.7952095651864275,0.7501736920602913,0.8014629763310256,-0.3356756964850289,-0.07906608859744468,-0.48355891654800864,0.1783930560165109,0.7791563168879357,-0.7480055301669353,-0.7970658145992735,-1.0749336265550629,0.8074201774889884,0.643458140820397,-0.18736452912352675,5,0
0.42648571447990435,0.46963084131856975,0.46638748233772803,-0.22952972910237548,-0.3067847574696724,0.591970307914997,-0.10169831923124757,-0.5255314936352227,0.38829751982953453,2.2741196214418755,-1.2709766226121404,1.2055095570978653,1.8404654531211615,-1.4034703935263682,0,0
-1.3454372347486652,-1.340175483846775,-1.3206818189598588,1.229977322409095,-2.2423934428835968,1.0741040981915164,1.9389674147167006,-2.882224521748427,1.6939534282389384,-0.285201575259082,-1.6683610740791899,1.2245332973623606,1.8539542667405775,0.6645829840049156,7,1
-0.6592011792670804,-0.6906577968034415,-0.7063767466388133,0.7295749047480196,0.8318085868914601,-1.0398671360978404,-0.3417766408721824,0.5033195421322678,-0.8572654388204419,-0.7970658145992735,0.5993795289594379,-0.40129191227920374,-1.1755333550423261,-1.4556163499440393,1,1
-0.7923514586888805,-0.7501206836454368,-0.8180685779699125,0.028253334541210123,0.5585461842447901,1.5933251031046902,-1.1820507666154536,-1.656059588710459,0.5740393645404958,-0.285201575259082,0.47928111696050746,1.7124570059980193,0.5915012291011648,0.6797778322325813,6,0
3.0690066445433204,2.9960411874002686,3.0911455186185584,-2.8187331477577917,-0.12460982237189103,-0.37229727263804163,0.1783930560165109,0.13687944720138068,-0.07605709194786907,-0.285201575259082,-0.6051368972651291,-0.7578108964952955,-1.3903552015737655,-1.4060604244742656,0,1
1.174175745079243,1.1740373469852836,1.0248466389932238,-0.7033956549177908,0.7179492524553472,-0.0014251262714893337,-0.7018941233335839,-0.1651316200493504,0.12061074362844261,-0.7970658145992735,-1.5182380590805267,0.3596576983005964,1.5951688795236345,-1.562498293727279,0,0
-0.2904773285605573,-0.3079607558459845,-0.3713012526455158,0.8925847832285204,0.9228960544403508,-0.37229727263804163,-0.7018941233335839,-0.1017092959266966,-0.3218918864182591,-0.7970658145992735,0.11898588096371612,-1.4852928158690397,-1.0441423186754226,1.6242757845658968,2,1
-0.6489588500807881,-0.6525405616483163,-0.5388389996421645,0.24433619671303558,-1.5364655693796956,-0.11268677018145634,1.4988238250416517,-0.5305650114227345,0.8799671087703137,-0.7970658145992735,1.145120842307519,-0.8589185530862226,-1.2284894381407743,0.987473508842813,1,1
0.6620592857646275,0.6724145323438359,0.6897711449999263,-0.4342398090546365,-0.21569728992078172,0.14692373227513225,0.018340841589220537,0.2989587199592737,-0.08698308281321998,0.22666266408110952,1.2934777041885506,-1.2242448244618025,-1.3708713596790538,1.5116957726972822,1,1
1.1946604034518276,1.1999570668907686,1.2482303016554221,-1.2758256933028094,-0.3067847574696724,0.07274930300182311,0.13838000240968726,0.3623810440819268,-0.08698308281321998,-0.7970658145992735,0.29560119272684926,-1.1368765358396775,-0.5635408852725279,1.7460072391170829,0,1
-0.024176769716957244,-0.042664799166313015,0.019620157013331318,-0.41907609942854074,-0.39787222501856306,-0.3352100580013871,0.41847137765744574,0.2033218819965419,-0.45300377680246723,-0.7970658145992735,0.9119886307801832,-0.4622383394228638,-0.9167479678253829,1.2932698294245868,4,1
2.034531396727797,2.0812275436772634,1.9183812896420172,-1.1166067422288273,0.3763712491470087,0.369447020095063,-0.5818549625131172,-0.6463359205355146,1.022004990019873,-0.7970658145992735,1.171613139071989,1.3238794965213898,0.4081532810150295,-1.2653354096384972,0,0
1.542899595785766,1.5399628044744855,1.304076217320972,-1.8975377879726298,1.0367553888764656,-0.0014251262714893337,-0.9419724449745188,-0.8245224502134463,0.683299273194002,-0.7970658145992735,-0.5574507630890833,-0.2631936496184251,1.4223122309192666,0.9570838123874816,4,0
-0.9869557132284343,-1.0291388449809533,-0.9856063249665613,1.229977322409095,0.03479324583866816,-2.3750068630174312,1.0586802353666043,2.4140428942718932,-1.4527319409820532,0.22666266408110952,1.6255144903032408,1.565903747664132,1.8599492950158734,0.0246726711443547,3,0
0.1294581680774274,0.18603861176443823,0.1871579040099801,0.7333658321545424,-0.4661878256802296,0.8886680250082402,-0.061685265624423946,-0.6795571379330956,-0.1361500417072979,-0.285201575259082,-0.7340660748522162,-0.7412531966354571,-0.7264058200847355,-0.048366201586356905,6,0
0.743997919254966,0.7090070780927561,0.745617060665476,-0.5479676312503357,-0.05629422171022252,-0.37229727263804163,0.09836694880286502,-0.3946600311599054,0.3282045700701052,1.2503911427614924,-0.09825095250493757,1.3425509452995052,1.8179840970888017,-0.7364510900778125,5,0
0.3855163977347351,0.4589580154751347,0.2988497353410793,-0.6882319452916951,0.5813180511320123,0.9999296689182072,-0.981985498581341,-0.9624408375912799,0.5467243873771187,1.2503911427614924,-1.7531364237254936,0.2663004544100193,1.0391300069899316,-1.1981672737230202,5,1
0.2318814599403505,0.23177929395058847,0.35469565100662886,-0.39633053498940346,-0.8988532965374608,-0.0014251262714893337,0.738575806512025,0.14493307566140073,-0.6223566352154023,1.762255382101684,-1.2232904884360947,0.15955613403701951,-0.07244815238786521,0.0001537115042576578,2,0
0.32406242261698126,0.33545817357252905,0.35469565100662886,-1.1962162177658162,-0.23846915680800387,0.18401094691178682,0.058353895196042775,0.15298670412142004,0.20255567511857278,-0.7970658145992735,-1.675425686549715,-1.204868792710928,-1.5357346372496932,0.5371534613683548,0,0
0.5084243479702428,0.5458653116288201,0.5780793136688271,-1.1658887985136333,-0.4661878256802296,0.48070866400503,0.09836694880286502,-0.04332048959155543,-0.11976105540927176,-0.285201575259082,1.2934777041885506,-0.745128402985632,-0.7643743324949434,0.7132755658253899,6,1
-0.8538054338066343,-0.8629476997046075,-0.8180685779699125,1.229977322409095,-0.6939064945524572,-0.4093844872746995,0.738575806512025,-0.06345456074160374,-0.32735488185093436,-0.285201575259082,0.31679503013842536,1.0244317330987833,0.1538641650045582,-1.2406437812685405,2,1
0.9590868321671044,0.9956486864592976,0.8573088919965751,-1.5222359747268221,0.5130024504703438,0.40653423473172084,-0.7018941233335839,-0.6402956991905004,0.4647794558869885,2.2741196214418755,1.4859883940103655,0.15110113836391031,0.2622742596494939,0.5687518389327052,4,1
-0.47483925391381887,-0.47415190112233035,-0.5946849153077142,0.828139017317623,1.7882269961548112,-0.0014251262714893337,-1.4621421418632108,-0.7580800154182851,0.24625963857997502,0.738526903421301,0.2532135179036971,-0.11699268277091722,1.1650256007711473,-1.6054928074623789,2,1
-1.109863663463942,-1.119095519947049,-1.0972981562976605,0.047207971573824545,-0.35232849124411675,-0.7802566336412519,0.6185366456915583,1.1727774078713888,-1.616621803962313,-0.285201575259082,-1.6630626147262957,0.005604754489161617,1.8039956977797775,1.1964026719732175,5,1
0.16018515563630434,0.1967114376078733,0.1871579040099801,0.013089624915114376,-0.23846915680800387,0.591970307914997,-0.1417113728380698,-0.8245224502134463,0.10968475276309217,0.22666266408110952,0.005069004876495135,-0.3967121229562699,0.3916669532579657,0.62780454454477,4,1
-1.140590651022819,-1.1587374445083791,-1.15314407196321,-0.07789263284144327,0.7179492524553472,-1.596175355647669,0.058353895196042775,1.454654403972071,-0.6168936397827272,-0.7970658145992735,0.31502887702079374,-0.564755161959309,-1.1730354265942862,1.3758054822975894,3,1
0.6313322982057505,0.5885566150025604,0.6339252293343768,-0.2712299305741314,-0.05629422171022252,-0.5206461311846633,0.1783930560165109,0.5798290125024536,-0.4639297676678177,-0.7970658145992735,-1.4458257812576423,-0.6056209743793355,-1.6151687618973651,0.7257077143752982,6,1
1.73750385032532,1.7274996014377015,1.6391517113142693,-2.3145398026901933,0.35359938225978454,-0.07559955554479848,-0.3817896944790046,-0.01110597575147742,0.7488552183861066,-0.7970658145992735,-0.33668162338516683,-1.2094485820338623,-0.1808582470328009,0.6766697950951042,0,0
-0.710412825198542,-0.6769355921475965,-0.7622226623043629,0.16093579376952372,0.9912116551020193,1.111191312828171,-1.342102981042744,-0.521504679405213,-0.6988385712728573,0.22666266408110952,1.7049913805966503,-0.1772345269418181,0.839295731146732,-1.5511021575565296,4,0
0.30357776424439664,0.29734093841740383,0.2988497353410793,0.33910938187612033,-0.010750487935776163,-0.07559955554479848,-0.061685265624423946,-0.03325345401653092,-0.5076337311292204,-0.7970658145992735,-0.76585683096958,-1.4567572054722973,-1.3398970469233578,-0.4795200200463732,5,1
-0.546535558217865,-0.5442876138077607,-0.5388389996421645,0.794020670658917,-0.10183795548466684,0.03566208836516524,-0.0216722120176017,0.415736332629556,-0.19624299146672625,-0.7970658145992735,-1.6736595334320836,-0.593643063842431,-0.5940156123386158,0.9945529267670664,6,0
-0.034419098903249554,-0.03351666272908296,-0.09207167431776786,-0.1537111809719094,0.5130024504703438,0.03566208836516524,-0.5418419089062936,-0.3815728849123742,0.2899636020413777,1.2503911427614924,0.8784317215451882,0.34274770695437895,1.0955831899156354,-0.7440485141916454,6,0
-0.3724159620508958,-0.34912736981351966,-0.3713012526455158,0.1381902293303822,-0.03352235482300035,0.5548830932783424,-0.3017635872653588,-0.5617728217053103,0.8308001498762357,1.2503911427614924,-0.06469404326994208,1.2470799524906504,1.7205648876152415,-0.9255233492743355,2,1
0.07824652214596585,0.14334730839069798,0.0754660726788809,-0.051356140995783076,-0.010750487935776163,1.0741040981915164,-0.5418419089062936,-0.7127783553306758,0.3008895929067291,-0.7970658145992735,1.4418345660695822,-0.3026502960929334,-0.6274878535423518,0.910635924055185,5,0
0.17042748482259665,0.13572386135967296,0.0754660726788809,-0.21815694688280685,0.7407211193425695,-0.5206461311846633,-0.5018288552994714,-0.11781655284673524,0.6068173371365471,-0.285201575259082,-0.31548778597359073,1.8438617304175868,1.1930023993891954,0.0246726711443547,2,1
-1.2839832596309113,-1.2959594910668297,-1.2089899876287595,1.229977322409095,-3.950283459425296,-2.152483575197501,6.620494686714929,1.5472711312622953,-3.326539374389692,-0.7970658145992735,-1.0272474923790171,-1.2157898287886937,-0.545056214757032,-0.8390163156145565,7,1
0.6927862733235044,0.6617417065004008,0.8573088919965751,-1.1393523066679687,-0.9443970303119051,-0.3352100580013871,0.9386410745461377,0.3805017081169706,0.11514774819576738,-0.7970658145992735,1.4082776568345872,-0.41150836538421026,-0.206836702892417,-1.5825278663910205,3,1
-0.8128361170614651,-0.8202563963308672,-0.873914493635462,-0.013446866930550024,1.4011052590720263,-0.3352100580013871,-1.0620116057949869,0.41372292551455087,0.055054798436339036,0.22666266408110952,-1.7407733519020745,1.1262439726624696,0.976681795788932,1.6971419885667485,6,0
0.4776973604113659,0.4772542883495948,0.5222333980032776,-0.39253960758287637,-0.32955662435689453,-0.0014251262714893337,0.1783930560165109,0.02714875943361544,-0.6387456215134285,-0.7970658145992735,-1.6383364710794572,-0.8575093871407045,-1.0726187029830785,1.5742018529065436,0,0
0.9898138197259814,0.8965438750559721,0.9131548076621248,-1.488117628068112,0.35359938225978454,-0.9286054921878735,0.018340841589220537,0.5345273524148435,-0.6988385712728573,-0.7970658145992735,-1.0184167267908604,-0.3012411301474153,-1.258964165206862,0.04573825618725498,0,0
-0.6899281668259574,-0.6967565544282616,-0.6505308309732637,0.19126321302171098,-0.6255908938907888,-0.26103562872807795,0.5785235920847347,-0.258755050897077,0.28450060660870247,0.22666266408110952,-1.749604117490231,-0.2142251330116694,0.31273241429990173,-0.5435801188243731,1,1
-0.9050170797380959,-0.8934414878287076,-0.873914493635462,1.229977322409095,-0.6483627607780109,0.5177958786416845,0.2984322168369776,-0.04231378603405248,0.350056551800807,-0.7970658145992735,0.40510268601999144,0.782407481956041,0.12988405190337413,1.286535748960053,3,0
-0.15732704913875728,-0.1478683681944586,-0.20376350564886703,-0.2863936402002272,0.44468684980867523,0.18401094691178682,-0.5418419089062936,-0.4218410272124715,0.4156124969929106,-0.7970658145992735,-0.5380230787951386,-0.6940461374605992,-1.0965988160842626,-0.010897087206771993,2,1
2.321316613943982,2.3328012957010897,2.197610867969765,-1.5601452487920553,0.3763712491470087,0.10983651763847768,-0.46181580169264913,-0.08056852121914534,0.5412613919444434,-0.7970658145992735,-0.79234912773405,-1.2654629283682084,-0.16137440513808887,0.300942638920096,0,1
-0.44411226635494194,-0.48939879518438045,-0.42714716831106536,-0.331884769078506,-0.21569728992078172,-1.1511287800078043,0.6185366456915583,0.9583495501233695,-0.040547621635479675,-0.7970658145992735,0.541096476077604,0.11516740675319766,1.5282243971161622,-0.9227606495965781,6,0
-0.06514608646212648,-0.08688079194625825,0.019620157013331318,0.9456577669198492,-0.7622220952141238,-0.4093844872746995,0.7785888601188473,0.2848648701542395,-0.7370795393015843,-0.7970658145992735,1.0356193490143764,-1.214732954329555,-0.37619625166952847,-0.7383504461062708,3,0
-1.0176827007873113,-0.9864475416072132,-0.9856063249665613,1.229977322409095,-0.8305376958757923,1.8158483909246244,-0.10169831923124757,-2.623501707470301,1.7704353642963933,1.2503911427614924,-0.3649400732672684,0.911346165970952,1.419314716781619,-0.42737406362870206,5,0
1.0615101240300275,1.084080672019188,0.9131548076621248,-0.9460150089352807,0.7407211193425695,0.2210981615484414,-0.8219332841540521,-0.3251974856922375,0.350056551800807,-0.7970658145992735,-0.647524572088281,-1.1978229629833372,-0.45862789045484836,1.1074782760954007,4,1
-0.47483925391381887,-0.5107444468712505,-0.48299308397661495,0.4225097848196322,0.10310884650033668,-0.9286054921878735,0.25841916323015535,0.22345595314659092,0.3172785792047548,-0.7970658145992735,-1.5765211119623608,-1.4852928158690397,-0.7319012626704234,1.6076995864993522,1,0
-0.2904773285605573,-0.2576460054412192,-0.2596094213144166,0.21400877746084832,-0.35232849124411675,0.703231951824964,-0.10169831923124757,-0.34835166751479324,-0.054205110217167715,0.738526903421301,1.4365361067166882,0.9148690808347472,1.752538371750154,0.0246726711443547,5,0
2.6490711479053357,2.584375047724916,2.588532277628612,-2.094666013111841,0.12588071338755885,-0.37229727263804163,-0.061685265624423946,0.17714758950147874,-0.25087294579347985,-0.285201575259082,0.2355519867273838,-0.29630904933810176,-1.1235764433230944,-1.6250043739365405,0,0
-0.43386993716864963,-0.4451828024044352,-0.3154553369799662,0.45662813147834236,-1.33151876739469,-0.2981228433647325,1.3387716106143628,0.6301641903775753,-1.2888420780017928,-0.285201575259082,0.9614409180738603,1.7688236438187452,-0.0839386232488493,-0.683614458740702,5,0
-1.1508329802091113,-1.1328177246028939,-1.15314407196321,1.229977322409095,0.26251191471089386,1.4820634591947266,-0.8619463377608743,-1.4406250274049375,1.759509373431043,-0.7970658145992735,0.6770902661352167,1.3238794965213898,0.31273241429990173,-0.031099328600373073,3,0
-0.6796858376396651,-0.6891331073972365,-0.6505308309732637,0.7182021225284508,-0.4434159587930074,-0.3352100580013871,0.45848443126426797,0.05533645904368379,-0.03781612391914207,0.738526903421301,-0.23601089568018133,1.2442616205996142,0.40965203808385336,0.7521260300438536,6,1
-1.1918022969542805,-1.2090521949131443,-1.2089899876287595,1.229977322409095,1.1733865901998006,-1.8557858581042574,-0.18172442644489206,1.8140475740004403,-1.9225495481921315,0.738526903421301,-1.0766997796726943,1.2491937014089278,1.0930852614675957,0.9285934719606082,3,0
-0.6387165208944958,-0.6738862133351864,-0.6505308309732637,0.744738614374111,0.19419631404922735,-1.1140415653711495,0.25841916323015535,0.9019741509032329,-0.4092998133410645,0.22666266408110952,-1.4617211593163242,0.24621983968638544,1.187007371113899,-0.08911602183327874,1,0
-1.3249525763760805,-1.31425576394129,-1.3206818189598588,1.229977322409095,0.03479324583866816,2.0754588933812097,-0.8619463377608743,-2.0386069405613854,1.0274679854525484,1.2503911427614924,-0.34374623585569236,0.9902594589199681,0.11789399535278211,1.3820215565725436,3,1
-0.5055662414726958,-0.4650037646851003,-0.42714716831106536,0.3959732929739678,-0.9671688971991294,1.0741040981915164,0.33844527044379985,0.16003362902393714,-0.8791174205511428,-0.7970658145992735,0.3786103892555215,-1.2267108648664593,-1.259963336586078,-1.619306305851166,1,1
0.08848885133225816,0.019847466488092325,0.0754660726788809,-0.5517585586568585,0.0803369796131125,-1.1140415653711495,0.33844527044379985,0.9895573604059453,-0.8845804159838185,1.2503911427614924,1.1857423640130396,1.7554365673363228,1.7685251138176097,-0.6875858395274783,5,0
-1.304467918003496,-1.3035829380978547,-1.2648359032943093,1.229977322409095,-2.629515179966382,-0.07559955554479848,2.9793068084940844,1.3570041588943347,-1.518287886174157,0.738526903421301,1.6096191122445587,-0.22761220949409192,0.5035741477301573,-0.6440733196027991,7,1
0.2626084474992274,0.1997608164202833,0.41054156667217845,0.31636381743697883,-1.0354844978607958,-0.9286054921878735,1.3387716106143628,1.242239953339057,-0.5458746991579478,-0.7970658145992735,-0.8506321806158839,-1.2439731476990568,-1.0786137312583746,0.0246726711443547,5,0
1.143448757520366,1.1938583092659487,1.1923843859898726,-1.1772615807332019,-0.2840128905824482,0.5177958786416845,-0.061685265624423946,-0.8748576280885682,0.14792572079181965,2.7859838607820673,1.6926283087732314,1.6733526510098908,0.663941154094325,0.5539023281647592,0,1
0.6006053106468736,0.6434454336259408,0.6339252293343768,-1.055951903724457,-0.23846915680800387,0.5177958786416845,-0.1417113728380698,-0.6131147031379344,0.32274157463743,2.2741196214418755,-0.17596168968071585,0.8250347518079653,1.3368830779962988,0.0246726711443547,6,0
0.1294581680774274,0.15554482364033806,0.1313119883444305,-0.5062674297785755,-0.05629422171022252,0.40653423473172084,-0.2617505336585365,0.02513535231861025,-0.23994695492812895,-0.7970658145992735,-1.58888418378578,-0.8162912832342986,-0.8752823555879191,1.3973890735300691,4,1
1.6555652168349815,1.7198761544066765,1.9183812896420172,-0.9043148074635247,-1.0354844978607958,0.5177958786416845,0.6185366456915583,-0.2990231931971743,-0.29457690925488256,1.762255382101684,-0.37200468573779344,1.8325884028534414,1.7950031553668335,-0.2973545100442438,0,0
-0.1675693783250496,-0.19208436097440382,-0.2596094213144166,-0.6048315423481831,0.9456679213275749,-0.48355891654800864,-0.6618810697267618,0.11775207960883462,-0.38744783161036317,-0.7970658145992735,-0.700509165617221,-1.1284215401665685,-0.6929335788809997,0.32563426729005285,4,1
-0.843563104620342,-0.8355032903929173,-0.8180685779699125,0.5779378084870873,-0.48895969256745375,0.29527259082175383,0.21840610962333312,-0.840629707133485,-0.7316165438689091,-0.7970658145992735,-1.3663488909642323,-1.375377872118624,-1.608674147932461,-1.573203754978589,1,0
-1.0586520175324805,-1.0581079436988485,-1.041452240632111,1.229977322409095,-0.4434159587930074,-0.038512340908143906,0.33844527044379985,0.9754635106009112,-0.6278196306480776,0.22666266408110952,1.2016377420717212,0.6929254444156389,1.229971740420187,-1.4999922135180177,6,1
0.16018515563630434,0.1814645435458232,0.1871579040099801,-0.4721490831198696,-0.23846915680800387,0.33235980545840843,-0.0216722120176017,-0.06043445006909631,-0.3109658955529087,2.2741196214418755,-0.48327233214856724,0.29096085845658703,0.41614665204875717,0.6172717520233199,3,1
0.7337555900686736,0.7303527297796262,0.745617060665476,-0.021028721743595793,-0.10183795548466684,-0.038512340908143906,0.018340841589220537,-0.01110597575147742,-0.5895786626193505,2.7859838607820673,0.44042574837261805,0.6897548210382229,0.46560563531994914,-0.34311172345710095,3,0
-1.1815599677679882,-1.169410270351814,-1.15314407196321,1.229977322409095,-1.1038000985224643,1.0741040981915164,0.4984974848710902,0.3976156685945122,2.1910860126123937,0.738526903421301,0.7389056252523128,-0.14165308681748492,0.03446318518824637,-0.19064523499086364,7,0
-1.3556795639349575,-1.3569470673150301,-1.3765277346254083,1.229977322409095,5.727759967644331,-0.7802566336412519,-3.142690393349756,-0.16412491649184743,0.3336675655027804,-0.7970658145992735,1.4753914753045776,-0.4488512629404413,-0.9971812638522708,-0.38282553132486374,7,1
-0.15732704913875728,-0.16463995166271367,-0.2596094213144166,0.3201547448435017,1.059527255763688,-0.1497739848181109,-0.9019593913676965,0.1640604432539468,-0.2235579686301033,-0.7970658145992735,0.4368934421373558,-0.48548957752391314,-1.4363170850177016,-0.2087754516261467,2,0
-1.007440371601019,-1.0138919509189033,-1.041452240632111,1.229977322409095,1.1733865901998006,-0.4093844872746995,-0.8219332841540521,0.14090626143139107,-0.23448395949545373,-0.7970658145992735,1.0956685550138419,-1.2954077047104693,-0.24180770116497668,0.0246726711443547,3,1
-0.7718668003162958,-0.8233057751432773,-0.8180685779699125,0.06237168119991608,0.9684397882147971,-1.9670475020142246,-0.0216722120176017,1.3268030521692618,-0.8354134570897406,0.738526903421301,0.49164418878392685,-0.12579996993040565,0.7403777646043487,0.45893452674184804,6,1
-0.546535558217865,-0.5808801595566809,-0.5388389996421645,1.229977322409095,-0.10183795548466684,-0.965692706824528,0.45848443126426797,1.3942521905219254,-0.6988385712728573,-0.7970658145992735,0.6188072132533824,-1.074873234236879,-0.13189884945121716,0.49502229128255426,4,0
0.2421237891266428,0.18603861176443823,0.1313119883444305,-0.15750210837843226,0.8545804537786843,-0.8173438482779064,-0.46181580169264913,0.6774792575801898,-1.135878205886884,0.22666266408110952,-1.4634873124339556,-0.2283167924668511,0.11839358104239033,-0.49316084970530033,5,1
1.4609609622954276,1.4881233646635152,1.415768048652071,-1.7155732724595103,0.148652580274781,0.2581853761850993,-0.3417766408721824,-0.38861980981489125,-0.22902096406277853,2.7859838607820673,0.31326272390316257,-0.06943333210967964,1.4133196885063224,1.5148038098347592,4,0
-0.843563104620342,-0.8629476997046075,-0.8180685779699125,-0.729932146763451,-0.48895969256745375,-0.854431062914561,0.738575806512025,0.04023590568114738,0.39922351069488493,0.738526903421301,-0.6969768593819582,1.3450169857041618,0.1473695510396541,0.22151502318457036,3,0
-0.5670202165904497,-0.5290407197457107,-0.5946849153077142,0.33910938187612033,0.4219149829214531,1.0741040981915164,-0.8619463377608743,-0.6523761418805295,0.6887622686266772,-0.285201575259082,-1.0184167267908604,0.9201534531304404,0.4805932060081891,0.2455159766350879,6,1
-0.12660006157988035,-0.13872023175722853,-0.20376350564886703,0.047207971573824545,0.7634929862297937,-0.22394841409142008,-0.6218680161199395,0.3905687436919951,-0.1416130371399731,0.738526903421301,0.5340318636070785,0.3420431239816195,0.35319885515814964,1.2820463619836973,3,1
1.1536910867066583,1.1862348622349237,1.0806925546587736,0.17989043080214234,0.3080556484853402,0.33235980545840843,-0.5018288552994714,-0.19935954100443287,0.27903761117602727,2.2741196214418755,0.943779386897547,1.3340959496263967,0.6949154668500208,0.8735121471353199,4,1
-0.09587307402100341,-0.039615420353902996,-0.09207167431776786,-0.21815694688280685,-0.05629422171022252,1.0370168835548619,-0.5018288552994714,-1.5141143871026157,1.8851582683825747,-0.7970658145992735,0.5269672511365535,-1.0787484405870538,-0.919245896273423,-0.492470174785861,2,0
-1.1508329802091113,-1.140441171633919,-1.15314407196321,1.229977322409095,0.26251191471089386,0.8144935957349277,-0.6218680161199395,-1.1355938494816988,0.19709267968589758,-0.285201575259082,-0.7111060843230089,0.385022685319923,1.0101540369926676,-1.250831236330271,7,0
-0.36217363286460347,-0.3552261274383397,-0.2596094213144166,0.8698392187893831,-1.1038000985224643,0.14692373227513225,0.8986280209393154,0.04023590568114738,-0.7643945164649609,-0.7970658145992735,0.24261659919790932,-1.0558494939723837,-1.5137528669069416,-0.7176301985230902,3,1
-0.1778117075113419,-0.15244243641307362,-0.20376350564886703,0.9229122024807077,0.2397400478236717,0.5177958786416845,-0.5018288552994714,-0.3161371536747159,-0.08152008738054428,-0.7970658145992735,1.0550470333083208,-0.7800052601372062,-1.0126684202301186,1.399633767018247,3,1
1.1229640991477814,1.0322412322082177,1.136538470324323,-0.5896678327220916,-0.12460982237189103,-0.854431062914561,0.37845832405062346,0.2506369491991563,-0.16346501887067447,2.7859838607820673,-0.2112847520333425,0.8539226536910871,0.42763712290974154,0.6657916651139343,4,1
-1.243013942885742,-1.2425953618496546,-1.2089899876287595,1.229977322409095,-1.6730967707030306,-0.11268677018145634,1.6988890930757643,1.623780601632481,-1.9553275207881837,-0.7970658145992735,-1.156176669966104,-0.4759777073916658,-1.31192024830531,0.9700339671269694,7,1
-0.6284741917082035,-0.6159480158993961,-0.7063767466388133,0.2708726885587,1.3555615252975821,0.369447020095063,-1.3020899274359217,0.058356569716191214,0.22440765684927413,0.738526903421301,0.44395805460788085,1.371791138669007,0.5730165585856692,0.6162357396441608,1,0
0.3957587269210274,0.4086432650703694,0.35469565100662886,0.17230857598909236,0.2397400478236717,0.18401094691178682,-0.3817896944790046,-0.28794945406464756,0.3719085335315079,-0.285201575259082,-1.15087821061321,-1.270395009177522,-0.15238186272514506,0.07422859661412828,1,0
-0.1880540366976342,-0.21038063384886393,-0.2596094213144166,-0.013446866930550024,0.7407211193425695,-0.4464717019113541,-0.5018288552994714,0.09459789778627889,0.7051512549247039,1.762255382101684,1.1539516078956757,1.874863381218986,0.4740985920432853,-0.06856844297995798,2,0
-0.13684239076617266,-0.12042395888276844,-0.03622575865221827,0.33531845446959746,-0.9216251634246829,0.33235980545840843,0.6185366456915583,-0.7208319837906951,0.23533364771462456,-0.285201575259082,-0.22718013009202467,1.08009378794675,1.226974226282539,-0.6760170346268691,6,1
-1.0279250299736036,-1.0108425721064933,-1.041452240632111,1.229977322409095,0.5130024504703438,0.9628424542815494,-0.9019593913676965,-1.4214976598123914,0.38283452439685833,-0.7970658145992735,0.7724625344873083,-1.4845882328962805,-0.19284830358339294,1.201064727679433,1,1
0.06800419295967354,0.08388442154870267,0.019620157013331318,-0.058937995808828844,0.3763712491470087,0.2581853761850993,-0.5418419089062936,-0.431908062787496,0.8034851727128597,-0.7970658145992735,-1.7301764331962861,-0.7172973755616485,-1.0461406614338546,-1.5706137240306917,5,1
0.743997919254966,0.7791427907781865,0.745617060665476,-1.4388355717833103,-0.05629422171022252,0.40653423473172084,-0.2217374800517143,0.40466259349702927,-0.49124474483119424,1.762255382101684,-0.9407059896150818,-0.3872002528240223,0.6804274818513888,-1.5459220956607345,4,0
0.6620592857646275,0.705957699280346,0.5780793136688271,-0.9877152104070366,0.4674587166958994,0.5177958786416845,-0.7419071769404062,-0.3966734382749106,-0.1306870462746227,0.22666266408110952,0.025379765729255644,0.3659989450554283,0.002489701053334648,-1.524338504428255,6,1
-1.376164222307542,-1.3584717567212352,-1.3765277346254083,1.229977322409095,1.1733865901998006,6.637186293689821,-2.9826381789224654,-6.347298166671815,4.447303126307307,-0.7970658145992735,-0.8894875492037733,-0.21316825855253102,-0.9836924502328548,-0.4404968870980497,7,0
0.7235132608823813,0.7608465179037264,0.9131548076621248,-0.02861057655664156,-1.05825636474802,0.44362144936837544,0.6985627529052028,0.3513073049494,-0.8736544251184676,1.2503911427614924,1.3446961445998595,-0.124743095471267,1.688091817790722,1.3088100151119721,0,1
-1.2122869553268651,-1.2364966042248344,-1.15314407196321,1.229977322409095,-2.4701121117558227,-2.8200534386572964,4.419776738339693,1.5583448703948222,-1.1959711556463122,0.22666266408110952,1.1398223829546252,-0.29278613447430635,0.6069883854790127,0.6802958384221608,7,1
-0.7411398127574189,-0.7196268955213367,-0.7063767466388133,0.11544466489124489,-0.5800471601163424,0.7403191664616185,0.09836694880286502,-0.6332487742879834,0.530335401079093,-0.7970658145992735,1.0603454926612152,1.8290654879896462,1.2569493676590189,0.7391758753043657,2,0
0.5186666771565351,0.504698697661285,0.5780793136688271,-0.7564686386091154,-0.39787222501856306,-0.1868611994547655,0.33844527044379985,0.25567046698666895,-0.3546698590143109,-0.7970658145992735,0.21789045555107048,-0.8754762529460608,-1.1415615281489824,-1.1553454287177805,6,0
-0.44411226635494194,-0.44670749181064023,-0.5388389996421645,-0.331884769078506,1.3100177915231357,-0.07559955554479848,-1.102024659401809,-0.6030476675629098,0.5576503782424691,0.22666266408110952,-0.02407252156442154,-0.23465803922168277,0.35020134102050166,-0.006580368960276031,3,1
1.5224149374131815,1.4759258494138752,1.3599221329865214,-1.2606619836767137,0.6724055186809029,-0.37229727263804163,-0.5018288552994714,-0.12184336707674491,0.5194094102137417,0.738526903421301,-0.11414633056361925,-1.0188588879025324,-1.2204960671070462,-0.6062588677634945,0,1
0.3547894101758582,0.32326065832288897,0.35469565100662886,0.14577208414343218,-0.03352235482300035,-0.4464717019113541,0.13838000240968726,0.3009721270742782,-0.20170598689940195,-0.7970658145992735,0.23731813984501543,-0.5559478747998206,-0.6809435223304077,-0.0721944863070146,3,0
-0.45435459554123425,-0.43146059774859014,-0.48299308397661495,0.047207971573824545,0.3763712491470087,0.5548830932783424,-0.6618810697267618,-0.1017092959266966,-0.8627284342531172,0.22666266408110952,1.3694222882466978,1.435908189190083,-0.031981711529617346,1.6429240073907594,1,1
0.2216391307540582,0.19213736938925827,0.2988497353410793,-0.6427408164134162,-0.5800471601163424,-0.4464717019113541,0.6585496992983806,0.4076827041695367,-0.305502900120233,-0.7970658145992735,-0.4938692508543553,-1.4708488649274787,-1.571704806901469,0.0246726711443547,0,1
1.5838689125309353,1.5384381150682807,1.415768048652071,-1.5980545228572882,0.6724055186809029,-0.37229727263804163,-0.5018288552994714,0.5305005381848339,-0.040547621635479675,-0.285201575259082,-1.348687359787919,-1.0724071938322222,-1.0896046164297504,-1.3815414648341686,0,0
2.628586489532751,2.706350200221317,2.5326863619630626,-2.3031670204706205,0.2397400478236717,0.48070866400503,-0.5418419089062936,-0.22452712994199378,0.32274157463743,0.738526903421301,0.005069004876495135,-0.6345088762624576,-0.16087481944848095,0.2790137102278965,0,0
0.9181175154219352,0.8751982233691019,0.9690007233276743,-0.252275293541517,-0.3067847574696724,-0.4464717019113541,0.37845832405062346,0.19929506776653225,-0.3164288909855839,0.22666266408110952,0.5110718730778713,-0.7926877536468695,-1.4772831115655574,-0.49506020573375853,4,0
-1.3659218931212498,-1.34474955206539,-1.3206818189598588,1.229977322409095,-4.519580131605862,6.896796796146409,2.579176272425859,-5.483546514334725,2.86303445083146,-0.285201575259082,0.07129974678767007,1.7762217650327157,0.3896686104995334,1.6344632396276273,7,1
1.0307831364711506,1.073407846175753,1.0806925546587736,-0.8133325497069629,-0.2840128905824482,0.44362144936837544,-0.0216722120176017,-0.2567416437820718,-0.07605709194786907,-0.285201575259082,-1.594182643138674,1.1135614791528061,-0.05296431049315319,1.0404828089097833,0,0
0.42648571447990435,0.516896212910925,0.35469565100662886,-0.22952972910237548,0.4674587166958994,1.222452956738138,-0.981985498581341,-1.0278765688289382,0.940060058529743,0.22666266408110952,1.4047453505993244,0.565748217832626,0.604490457030973,-0.7212562418501467,2,1
-0.5670202165904497,-0.5290407197457107,-0.48299308397661495,0.7826478884393441,-1.1038000985224643,1.0741040981915164,0.45848443126426797,0.017081723858590928,0.03320281670563769,-0.7970658145992735,-0.9159798459682432,-0.26671656448222053,-1.2249923383135182,1.2031367524377512,6,0
-0.013934440530664935,-0.0014981851987777922,0.019620157013331318,-0.13475654393929495,-0.3067847574696724,0.2210981615484414,0.09836694880286502,-0.18425898764189647,0.32274157463743,-0.7970658145992735,-1.3946073408463335,1.0730479582191592,0.061940398116686314,-0.24037382919049713,4,1
0.17042748482259665,0.1250510355162379,0.1871579040099801,-0.7033956549177908,-0.17015355614633537,-0.7060822043679427,0.33844527044379985,0.5737887911574386,-0.7370795393015843,0.22666266408110952,1.0214901240733258,1.2703311905917003,0.6904191956435487,-1.4488822694795056,1,1
0.4572127020387813,0.44828518963169967,0.35469565100662886,-0.6124133971612289,0.6724055186809029,-0.11268677018145634,-0.6218680161199395,-0.22553383349949602,0.18616668882054666,-0.285201575259082,-1.4705519249044807,-0.293843008933445,-0.50808687372604,1.1856972107219075,3,1
-1.1918022969542805,-1.2014287478821193,-1.2089899876287595,1.229977322409095,1.1733865901998006,-1.076954350734495,-0.5418419089062936,2.1694139297988007,-1.9225495481921315,-0.7970658145992735,-0.9954567362616529,-1.4701442819547195,-1.342894561061006,-0.5630916852985349,2,1
0.8976328570493506,0.9483833148669424,0.8573088919965751,-1.2644529110832365,0.17142444716200317,0.5548830932783424,-0.5018288552994714,-0.5506990825727835,-0.054205110217167715,-0.7970658145992735,-1.6189087867855123,-0.5781422384417315,-1.1880229972825262,1.5179118469722364,0,1
-0.2699926701879727,-0.2606953842536292,-0.2596094213144166,0.5665650262675187,-0.12460982237189103,0.18401094691178682,-0.061685265624423946,0.06036997683119569,0.10968475276309217,-0.7970658145992735,-0.6333953471472304,-1.4444270034490134,-0.6229915823358798,1.5462295186692498,1,1
-0.6182318625219112,-0.600701121837346,-0.7063767466388133,0.2822454707782686,1.5149645935081413,0.5177958786416845,-1.4621421418632108,-1.0409637150764701,1.8414543049211731,-0.7970658145992735,1.081539330072791,-0.13319809114437595,-0.921244239031855,1.3809855441933845,5,1
2.864160060817474,2.909133891246583,2.7560700246252607,-2.291794238251052,0.26251191471089386,0.29527259082175383,-0.46181580169264913,-0.5476789719002761,0.14792572079181965,1.762255382101684,1.4082776568345872,1.2139645527709741,0.3631905689503096,-0.3736740886422923,0,1
0.43672804366619666,0.4010198180393444,0.5780793136688271,-0.6351589616003704,-0.9216251634246829,-0.48355891654800864,0.9786541281529598,-0.08761544612166243,0.18616668882054666,1.762255382101684,-0.17949399591597862,0.5523611413502032,0.5205600611768291,-1.307639248454158,4,0
-1.2020446261405728,-1.1938053008510943,-1.15314407196321,1.229977322409095,-2.0146747740113713,0.7403191664616185,1.6588760394689435,0.27580453813671724,-0.28911391382220736,-0.7970658145992735,0.13311510590476666,-1.006880977365628,-0.7728672892182793,0.014312547352764401,7,0
0.713270931696089,0.7212045933423962,0.6339252293343768,-2.018847464981375,0.44468684980867523,0.10983651763847768,-0.5018288552994714,-0.10976292438671592,0.10968475276309217,-0.7970658145992735,-0.7146383905582715,-0.7856419239192789,-1.3393974612337498,0.0246726711443547,3,1
-1.3351949055623729,-1.33560141562816,-1.2648359032943093,1.229977322409095,-4.906701868688646,-0.4093844872746995,7.500781866065024,-0.11378973861672559,-3.419410296745173,0.738526903421301,-1.3292596754939743,-0.13108434222609866,1.306408350930211,-0.3918043052775753,7,0
-1.1918022969542805,-1.1755090279766343,-1.15314407196321,1.229977322409095,-1.5592374362669177,1.5191506738313811,0.7785888601188473,-0.5476789719002761,0.5467243873771187,-0.7970658145992735,-1.5641580401389412,-0.22725991800771245,-1.0786137312583746,-0.21982625033717634,3,0
-0.710412825198542,-0.6525405616483163,-0.6505308309732637,0.16093579376952372,-0.9443970303119051,1.9641972494712459,-0.061685265624423946,-1.6349188140029076,0.6559842960306249,-0.7970658145992735,-0.42675543238436453,-0.4766822903644247,-1.0221605483326708,1.4611038348483496,2,1
-0.24950801181538806,-0.29118917237772934,-0.20376350564886703,-0.07789263284144327,-0.48895969256745375,-0.8915182775512188,0.738575806512025,0.8486188623556036,-0.9228213840125455,-0.7970658145992735,-1.3080658380823984,-0.08916165534693381,-1.0391464617793427,-1.5302092412434893,2,0
0.40600105610731974,0.4010198180393444,0.41054156667217845,-0.03240150396316445,-0.07906608859744468,-0.07559955554479848,-0.0216722120176017,0.3321799373568539,-0.28365091838953166,-0.285201575259082,1.3782530538348545,-0.8772377103779584,-0.2458043866818408,-1.4165932169957156,0,0
0.30357776424439664,0.2897174913863788,0.2988497353410793,0.33910938187612033,-0.010750487935776163,-0.1868611994547655,-0.0216722120176017,0.06741690173371277,-0.6332826260807533,1.2503911427614924,-1.6189087867855123,-0.005316281588603866,1.2874240947251068,1.4239800579284843,1,0
0.7542402484412583,0.7425502450292663,0.8014629763310256,-0.7185593645438824,-0.3067847574696724,-0.11268677018145634,0.21840610962333312,-0.01110597575147742,0.18616668882054666,-0.7970658145992735,-1.3080658380823984,-0.9839820307509582,-0.9482218662706869,0.579802637643735,1,1
-1.0279250299736036,-1.0367622920119783,-1.0972981562976605,1.229977322409095,2.699101671643718,-0.5948205604579757,-1.7822465707177915,0.3976156685945122,0.04412880757098812,-0.7970658145992735,0.5375641698423413,-1.0061763943928692,-0.6919344075017835,-0.5774231898769014,2,1
-0.19829636588392652,-0.22715221731711902,-0.20376350564886703,0.9153303476676619,0.03479324583866816,-0.5948205604579757,0.13838000240968726,-0.01110597575147742,-0.7753205073303118,-0.7970658145992735,1.2758161730122373,-1.2563033497223406,-0.8802782124839991,-1.2266576141498935,6,0
0.43672804366619666,0.41169264388277943,0.2988497353410793,-0.013446866930550024,0.9456679213275749,-0.3352100580013871,-0.7419071769404062,-0.4973437940251543,-0.22902096406277853,0.22666266408110952,-1.4069704126697529,-0.4315889801078439,1.0201457507848275,-1.2316650073158288,5,1
-0.6489588500807881,-0.6281455311490362,-0.6505308309732637,1.229977322409095,0.03479324583866816,0.6290575225516516,-0.3817896944790046,0.1741274788289713,-1.5237508816068324,-0.7970658145992735,1.5866591217153514,-0.11699268277091722,-0.6719509799174636,1.4386568999665705,2,1
-1.171317638581696,-1.149589308071149,-1.2089899876287595,1.229977322409095,2.311979934560933,1.9271100348345913,-2.4224554284269515,-0.5023773118126662,-1.0430072835314033,-0.285201575259082,-0.1000171056225687,1.048387554172592,0.5900024720323409,1.170329693764382,7,0
-0.5977472041493266,-0.593077674806321,-0.5388389996421645,-0.15750210837843226,-0.8305376958757923,0.10983651763847768,0.6185366456915583,-0.2345941655170183,-0.0924460782458952,-0.7970658145992735,-0.781752209028262,-1.2150852458159347,-0.14538766307063303,-1.5811465165521417,6,1
-0.034419098903249554,-0.025893215698057925,-0.09207167431776786,-0.1537111809719094,0.5130024504703438,0.14692373227513225,-0.5818549625131172,0.054329755486181554,-0.3492068635816357,1.2503911427614924,0.5887826102536501,0.1158719897259566,1.3653594623039549,-0.5226872025113327,6,0
-0.6694435084533727,-0.6479664934297013,-0.6505308309732637,0.2177997048673754,-0.2840128905824482,0.6661447371883061,-0.1417113728380698,-1.4557255807674738,1.1039499215100024,-0.7970658145992735,-0.16006631162203416,0.9282561573171695,1.5781829660769622,0.4534091273863332,4,0
-0.1778117075113419,-0.225627527910914,-0.3154553369799662,-0.0020740847109771616,1.5149645935081413,-0.9286054921878735,-0.9019593913676965,1.1496232260488324,-0.8463394479550911,-0.7970658145992735,1.6237483371856092,-0.8314398171486187,-1.0041754635067828,-1.6087735133297159,1,1
-0.8640477629929266,-0.8461761162363524,-0.873914493635462,0.5514013166414229,0.26251191471089386,0.7403191664616185,-0.6218680161199395,-0.07150818920162307,-0.19077999603405102,0.22666266408110952,-0.6086692035003919,1.3802461343421155,0.3117332429206856,-1.263436053610039,6,0
0.4572127020387813,0.44676050022549463,0.46638748233772803,-0.2029932372567111,-0.10183795548466684,-0.11268677018145634,0.058353895196042775,-0.01110597575147742,-0.4748557585331686,-0.7970658145992735,-1.6860226052555032,-0.7257523712347576,-0.3851887940824723,-1.5574909005613438,4,1
2.095985371845551,2.1040978847703387,2.085919036638666,-2.3979402056337054,-0.010750487935776163,0.07274930300182311,-0.1417113728380698,0.062383383946200875,0.4101495015602354,-0.7970658145992735,-1.525302671551052,-0.1920307693697587,-0.7279045771535594,-0.5491055181798881,0,1
-1.3454372347486652,-1.3462742414715951,-1.3206818189598588,1.229977322409095,-2.2423934428835968,-0.5577333458213211,2.8192545940667952,0.9029808544607358,1.6939534282389384,-0.7970658145992735,1.1875085171306707,-0.7327982009623484,-0.26728657133498485,1.6557014934003873,7,0
0.10897350970484278,0.09608193679834273,0.019620157013331318,0.7295749047480196,0.7407211193425695,-0.1868611994547655,-0.6218680161199395,-0.09566907458168175,0.4538534650216381,1.2503911427614924,-0.054097124564154275,0.33957708357696303,0.11389730983591828,-0.3543351908979904,0,1
0.04751953458708892,0.08235973214249766,0.019620157013331318,-0.33946662389155174,0.21696818093644954,0.591970307914997,-0.5418419089062936,-0.22553383349949602,0.08783277103239082,-0.7970658145992735,0.004185928317679568,-0.5577093322317181,-0.3916834080473764,1.295169185453045,3,1
-0.024176769716957244,0.0015511936136322244,-0.09207167431776786,0.40734607519353644,0.6040899180192344,0.44362144936837544,-0.7819202305472298,-0.6443225134205102,0.12061074362844261,-0.7970658145992735,-1.4723180780221121,-1.3105562386247893,-0.8283213007647671,-0.5168164656960982,2,1
-1.109863663463942,-1.123669588165664,-1.15314407196321,1.229977322409095,2.0842612656887076,-1.1140415653711495,-1.1820507666154536,-0.5335851220952419,-0.015964142188440715,-0.7970658145992735,-0.2960601016796463,-1.1809129716371196,-0.8483047283490871,-1.1850444502536726,7,1
0.32406242261698126,0.3537544464469891,0.2988497353410793,-0.972551500780945,0.148652580274781,0.44362144936837544,-0.4218027480858269,-0.5577460074753007,0.8799671087703137,-0.7970658145992735,1.7456129023021714,-1.2837820856599444,-1.0471398328130705,0.0246726711443547,3,1
0.5596359939017044,0.5382418645977951,0.6339252293343768,-0.13096561653277208,-0.48895969256745375,-0.26103562872807795,0.45848443126426797,0.3432536764893807,-0.5294857128599217,-0.7970658145992735,-1.601247255609199,-0.2624890666456662,-1.3184148622702139,-1.6134355690359314,5,0
0.027034876214504303,0.02289684530050234,-0.09207167431776786,-0.0968472698740619,1.08229912265091,-0.07559955554479848,-0.9419724449745188,-0.3584187030898177,1.2842287707882885,-0.7970658145992735,0.6435333569002212,-0.92937685036213,-1.0796129026375905,-1.5163957428547024,1,1
0.7337555900686736,0.7943896848402365,0.8014629763310256,-0.7375140015764967,-0.4206440919057852,0.703231951824964,-0.0216722120176017,-0.12989699553676495,0.10422175733041696,1.2503911427614924,-1.0519736360258556,-0.24769282421772554,1.8364687676042972,-0.605568192844055,2,0
-0.577262545776742,-0.594602364212526,-0.5946849153077142,0.32773659965654744,0.26251191471089386,-0.5206461311846633,-0.10169831923124757,0.8919071153282083,-0.5786526717539996,0.22666266408110952,-0.9230444584387685,-0.31462820662983754,0.663441568404717,1.6765944097134278,2,1
-0.1675693783250496,-0.2439238007853741,-0.09207167431776786,-0.9118966622765705,-0.7166783614396794,-1.4849137117377051,1.2987585570075406,1.5674052024123444,-0.9009694022818442,-0.7970658145992735,-0.7605583716166862,-0.4773868733371839,-1.1875234115929183,-0.3168660765184055,5,0
0.6415746273920429,0.6129516455018406,0.745617060665476,-0.8247053319265357,-0.6255908938907888,-0.3352100580013871,0.6185366456915583,0.383521818789478,-0.5349487082925969,1.762255382101684,-0.3296170109146418,-0.11628809979815828,0.6804274818513888,0.3943564217742685,6,0
0.14994282645001203,0.2012855058264883,0.1313119883444305,0.2519180515260814,0.12588071338755885,0.8144935957349277,-0.5418419089062936,-0.5033840153701691,0.1643147070898453,-0.7970658145992735,-1.3098319912000298,-1.2714518836366606,-0.3572119954644244,-1.086105268043985,1,1
-1.2020446261405728,-1.1846571644138641,-1.15314407196321,1.229977322409095,-2.0146747740113713,1.7045867470146572,1.2187324497938947,-0.46512928018507627,0.6614472914633012,1.2503911427614924,-1.7725641080194383,1.9865397824012994,1.1245591599128995,0.912707948813503,7,1
-0.23926568262909576,-0.23782504316055408,-0.20376350564886703,-0.3887486801763535,-0.3751003581313389,0.03566208836516524,0.21840610962333312,-0.4913035726801394,-0.37105884531233707,0.22666266408110952,-1.760201036196019,1.543004801049462,0.8018268044261323,1.04393618350698,3,0
0.14994282645001203,0.17231640710859314,0.019620157013331318,-0.23711158391542125,1.08229912265091,0.369447020095063,-1.102024659401809,-0.4369415805750079,0.2571856294453264,-0.7970658145992735,1.2599207949535551,-1.1277169571938093,-1.4857760682888932,-1.5939240025617696,1,0
-0.1778117075113419,-0.14176961056963855,-0.20376350564886703,0.30499103521741017,0.2397400478236717,0.703231951824964,-0.6218680161199395,-0.8013682683908898,0.4538534650216381,1.2503911427614924,-0.9036167741448238,1.4214642382485214,0.4281367085993495,-0.7438758454617855,3,1
0.11921583889113509,0.13877324017208298,0.0754660726788809,-0.26743900316760855,0.3308275153725624,0.33235980545840843,-0.5018288552994714,-0.4268745449999834,0.10422175733041696,-0.7970658145992735,-1.3734135034347577,-0.5978705616789854,-0.1274025782447451,0.34998055820029006,3,0
-1.3454372347486652,-1.349323620284005,-1.3206818189598588,1.229977322409095,-2.2423934428835968,-1.4107392824643927,3.2994112373486653,0.9029808544607358,-0.7370795393015843,0.22666266408110952,-0.6422261127353871,0.744360001427051,1.4942525702228187,0.5312827245531203,7,0
0.18066981400888896,0.2637977714808937,0.1871579040099801,-0.21057509206976108,-0.07906608859744468,1.296627386011447,-0.5818549625131172,-1.3319010431946743,0.503020423915716,-0.285201575259082,1.5442714468921992,0.5033926247434475,0.9497041685500998,1.527753964574247,6,1
-0.5158085706589881,-0.5641085760884258,-0.5946849153077142,0.8091843802850085,1.1733865901998006,-1.2994776385544258,-0.46181580169264913,1.4123728545569685,-0.4092998133410645,-0.7970658145992735,0.8519394247807183,-1.4747240712776537,-0.9851912073016788,0.9387809270223386,2,1
-0.3929006204234804,-0.38419522615623486,-0.42714716831106536,0.48695555073052965,0.4219149829214531,0.18401094691178682,-0.5418419089062936,-0.01110597575147742,-0.7643945164649609,-0.7970658145992735,-1.2356535602595138,-1.488815730732835,-0.8268225436959433,0.3420377966267375,3,0
1.0307831364711506,1.068833777957138,1.136538470324323,-1.1279795244484,-0.5572752932291203,0.40653423473172084,0.21840610962333312,-0.17419195206687194,0.169777702522521,-0.7970658145992735,0.005069004876495135,-0.1853372311285476,-0.6979294357770797,-0.05216491364327335,4,0
1.3687799996187968,1.3737716591981397,1.3599221329865214,-1.2606619836767137,-0.010750487935776163,0.07274930300182311,-0.1417113728380698,0.17010066459896164,-0.3983738224757136,-0.7970658145992735,1.1645485266014635,-1.1093977999020734,-0.23781101564811286,0.13932470777128733,4,0
-0.7718668003162958,-0.8004354340502021,-0.8180685779699125,1.229977322409095,0.9684397882147971,-1.076954350734495,-0.4218027480858269,0.4096961112845412,0.5084834193483913,0.22666266408110952,0.3309242550794759,1.6701820276324748,0.8552824732141884,0.8469211627369048,1,1
-0.003692111344372626,0.03966842876875743,-0.03622575865221827,0.14577208414343218,0.26251191471089386,0.7403191664616185,-0.6218680161199395,-0.7097582446581684,0.6669102868959763,0.22666266408110952,-1.2020966510245186,1.6955470146518015,0.19133309172515814,0.6405820305543979,0,1
0.283093105871812,0.2637977714808937,0.2988497353410793,0.32773659965654744,-0.14738168925911319,-0.26103562872807795,0.13838000240968726,0.35231400850690225,-0.09790907367857042,1.762255382101684,-0.6051368972651291,0.018287247998824935,1.0481225494028756,1.23628914857084,3,0
-0.11635773239358803,-0.09907830719589832,-0.09207167431776786,0.05478982638687031,-0.23846915680800387,0.33235980545840843,-0.0216722120176017,-0.24264779397703762,-0.7698575118976366,-0.7970658145992735,0.8801978746628193,-0.22338471165753757,-0.5365632580336959,0.5307647183635408,4,0
0.6518169565783352,0.6053281984708155,0.5780793136688271,-0.6275771067873247,0.4219149829214531,-0.5577333458213211,-0.2217374800517143,0.2828514630392343,-0.8736544251184676,0.22666266408110952,0.9013917120743954,-1.1213757104389779,-0.925240924548719,-1.122711038774271,2,0
1.542899595785766,1.4759258494138752,1.415768048652071,-1.5070722651007307,0.5130024504703438,-0.5577333458213211,-0.3017635872653588,0.3986223721520144,-0.11976105540927176,-0.285201575259082,1.0161916647204319,-0.5897678574922561,-0.24130811547536873,0.2873018092611688,0,1
-1.3454372347486652,-1.34170017325298,-1.3206818189598588,1.229977322409095,-2.2423934428835968,0.6661447371883061,2.139032682750813,-0.04332048959155543,1.6939534282389384,-0.7970658145992735,1.7155882993024385,-0.4379302268626756,-0.38468920839286436,-1.3801601149952898,7,0
-0.8640477629929266,-0.8583736314859924,-0.873914493635462,-0.1233837617197221,0.26251191471089386,0.2210981615484414,-0.3817896944790046,-0.22352042638449154,1.759509373431043,0.738526903421301,1.5213114563629921,-0.2712963538051546,1.8044952834693855,1.297241210211363,2,1
-0.5055662414726958,-0.5122691362774555,-0.42714716831106536,0.8129753076915314,-0.9671688971991294,-0.1868611994547655,0.9386410745461377,0.44090392156711694,-0.8791174205511428,-0.7970658145992735,0.8219148217809855,-0.41855419511180114,-0.22731971616634494,-0.3160027328691063,6,1
0.17042748482259665,0.15402013423413305,0.1871579040099801,0.5059101877631441,-0.17015355614633537,-0.26103562872807795,0.13838000240968726,0.5204335026098094,-0.03781612391914207,1.2503911427614924,0.8819640277804509,0.830319124103658,1.7325549441658339,-0.9483156216158342,6,0
1.9218657756785815,1.8814932314644075,1.8625353739764674,-1.7762281109638849,0.17142444716200317,-0.2981228433647325,-0.1417113728380698,0.2405699136241318,-0.5349487082925969,-0.7970658145992735,0.24614890543317208,-0.6397932485581506,-0.7219095488782634,-0.2888937422811117,0,0
-1.376164222307542,-1.3767680295956952,-1.3765277346254083,1.229977322409095,1.1733865901998006,-0.7802566336412519,-0.46181580169264913,0.7499619137203651,-2.834869785448912,-0.7970658145992735,0.5587580072539173,-0.08634332345589757,0.5580289878974293,-1.0279159060812197,7,0
0.3650317393621505,0.4208407803200095,0.46638748233772803,-1.3554351688397985,-0.6939064945524572,0.7774063810982732,0.1783930560165109,-0.2627818651270866,0.4593164604543133,-0.7970658145992735,1.017957817838063,1.0434554733632784,0.6119842423750927,1.4956375808203173,2,1
0.30357776424439664,0.35985320407180915,0.2988497353410793,-0.10822005209363056,-0.010750487935776163,0.8144935957349277,-0.46181580169264913,-0.6342554778454856,0.2681116203106768,-0.7970658145992735,1.0603454926612152,-1.2059256671700664,-1.4697893262214374,1.5167031658632175,2,0
-0.05490375727583417,-0.07010920847800317,0.019620157013331318,0.10786281007819912,-0.6711346276652331,-0.26103562872807795,0.6585496992983806,0.45298436425714594,-0.420225804206415,0.22666266408110952,-1.5871180306681485,1.4915702440380496,1.0596130202638596,-1.0764358191718344,5,1
-1.0688943467187728,-1.0840276636043336,-1.0972981562976605,0.17609950339561525,1.1733865901998006,-1.076954350734495,-0.5418419089062936,-0.01110597575147742,-1.6220847993949883,-0.7970658145992735,0.8607701903688749,-1.2735656325549378,-1.290937649341774,0.5663344767146675,7,0
0.6313322982057505,0.6205750925328656,0.5780793136688271,-0.08547448765448903,0.28528378159811807,-0.11268677018145634,-0.3017635872653588,0.7328479532428235,-0.4311517950717659,-0.7970658145992735,-0.5168292413835625,-0.2917292600151677,-1.0985971588426944,0.15780026186629004,2,0
0.04751953458708892,0.012224019457067282,0.0754660726788809,-0.07789263284144327,-0.26124102369522606,-0.5948205604579757,0.41847137765744574,1.146603115376325,-0.8627284342531172,-0.7970658145992735,-1.3204289099058175,-0.5925861893832924,-0.9172475535149909,-1.2145708030597049,1,1
0.2523661183129351,0.20738426345130834,0.1871579040099801,-0.608622469754706,0.4674587166958994,-0.6689949897312848,-0.2217374800517143,0.47110502829218975,-1.0484702789640785,0.738526903421301,1.2475577231301362,1.142449381035928,1.1360496307738832,0.2778050291188776,6,1
-0.9050170797380959,-0.9254599653590128,-0.873914493635462,0.5021192603566212,-0.6483627607780109,-1.0027799214611826,0.9786541281529598,0.6130502299000338,-0.07059409651519384,-0.7970658145992735,-1.5041088341394762,-0.9941984838559648,-1.0786137312583746,1.493910893521719,2,1
0.743997919254966,0.7486490026540863,0.745617060665476,-0.9043148074635247,-0.05629422171022252,0.07274930300182311,-0.10169831923124757,-0.11479644217422853,0.02227682584028677,0.22666266408110952,-0.2589708862093885,-0.8254508618801665,-1.5152516239757652,0.9380902521028993,2,0
0.6518169565783352,0.6663157747190158,0.6339252293343768,-0.9990879926266052,0.05756511272589033,0.18401094691178682,-0.2217374800517143,0.21439562112906865,0.06051779386901426,1.2503911427614924,-0.840035261910096,1.966811459164045,0.23829414654830983,0.6652736589243549,0,0
0.6620592857646275,0.6099022666894305,0.5222333980032776,-1.173470653326679,0.8545804537786843,-0.5948205604579757,-0.5418419089062936,0.6251306725900627,-0.7316165438689091,0.738526903421301,0.38920730796130976,0.6841181572561504,0.2952469151636218,0.6652736589243549,1,0
-0.5158085706589881,-0.4772012799347404,-0.5388389996421645,-0.4531944460872509,0.3080556484853402,1.0370168835548619,-0.7819202305472298,-0.6312353671729782,-0.49124474483119424,-0.7970658145992735,0.3468196331381576,-0.9226833121209189,-1.0136675916093347,-1.557318231831484,4,1
0.40600105610731974,0.37052602991524425,0.2988497353410793,-1.9278652072248172,0.7407211193425695,-0.48355891654800864,-0.5018288552994714,-0.08258192833415053,-0.20716898233207717,0.738526903421301,-1.0925951577313762,1.7269009569395803,-0.11741086445258513,1.6727956976565113,6,0
-0.36217363286460347,-0.3872446049686449,-0.42714716831106536,0.509701115169667,0.7862648531170158,-0.5948205604579757,-0.5018288552994714,0.11775207960883462,-0.5841156671866753,-0.7970658145992735,-1.000755195614547,0.0975528324342208,0.6939162954708049,0.060069760765621545,2,1
1.73750385032532,1.639067615877811,1.694997626979819,-1.9506107716639545,0.12588071338755885,-0.7431694190045973,0.13838000240968726,0.9251283327257893,-0.5404117037252726,0.22666266408110952,1.3623576757761722,-0.5996320191108833,-1.4533029984643737,0.9082185618371472,0,1
0.29333543505810433,0.2958162490111988,0.2988497353410793,-0.33946662389155174,-0.07906608859744468,0.03566208836516524,-0.061685265624423946,0.2848648701542395,0.14792572079181965,-0.7970658145992735,-1.2709766226121404,-0.9526280884631794,-1.5971836770714771,-1.376706740398093,4,1
1.3482953412462122,1.3295556664181944,1.415768048652071,-0.7223502919504052,-0.35232849124411675,-0.1497739848181109,0.25841916323015535,0.4519776606996437,-0.4092998133410645,2.2741196214418755,0.01125054078820509,1.6786370233055836,1.3283901212729632,-1.5844272224194786,4,0
0.21139680156776589,0.1799398541396182,0.35469565100662886,-0.18403860022409665,-1.0354844978607958,-0.48355891654800864,1.098693288973428,1.3419036055317977,-1.1468041967522342,-0.7970658145992735,1.7032252274790192,-1.3006920770061623,-0.7798614888727913,0.6721804081187485,6,0
-0.3007196577468496,-0.3887692943748499,-0.3154553369799662,0.20642692264780255,0.148652580274781,-1.9299602873775668,0.6985627529052028,1.716397328922704,-1.7531966897791964,-0.285201575259082,-0.7252353092640595,1.2062141400706243,0.6504523404749087,-0.20342272100049172,5,1
1.2356297201969968,1.2075805139217937,1.304076217320972,-1.3857625880919815,-0.35232849124411675,-0.26103562872807795,0.33844527044379985,0.166073850368952,0.28450060660870247,-0.7970658145992735,0.23378583360975266,-1.1763331823141856,-0.22781930185595287,-0.9581577392178451,0,1
-0.976713384042142,-0.955953753483113,-0.9856063249665613,1.229977322409095,0.3080556484853402,1.0741040981915164,-0.7819202305472298,-0.01110597575147742,1.453581629201224,-0.7970658145992735,-0.029370980917315437,-1.2950554132240895,-0.6764472511239356,-0.9402001913124217,6,1
-0.6489588500807881,-0.608324568868371,-0.5946849153077142,0.7371567595610653,-0.8077658289885701,1.2595401713747925,0.09836694880286502,-1.3369345609821863,0.6669102868959763,-0.285201575259082,0.005069004876495135,1.9199566914755668,0.4106512094630692,-0.9075658013689124,2,0
0.6927862733235044,0.7303527297796262,0.745617060665476,-1.5032813376942078,-0.35232849124411675,0.44362144936837544,0.018340841589220537,-0.17922546985438384,-0.1416130371399731,-0.285201575259082,-0.14417093356335198,-0.09162769575159058,-0.2423072868545849,0.5526936470557402,6,1
0.5493936647154121,0.6068528878770205,0.5222333980032776,-1.3099440399615154,0.12588071338755885,0.7403191664616185,-0.5418419089062936,-1.0329100866164507,1.6830274373735878,-0.285201575259082,-0.8983183147919299,1.2181920506075288,-0.001007398773921512,0.5566650278425166,2,1
-0.1675693783250496,-0.14634367878825358,-0.20376350564886703,0.9229122024807077,0.35359938225978454,0.40653423473172084,-0.5818549625131172,-0.9533805055737583,0.787096186414833,-0.7970658145992735,1.0002962866617497,0.5643390518871075,0.46360729256151734,1.143393371906247,6,0
-0.577262545776742,-0.6144233264931911,-0.5946849153077142,-0.1233837617197221,0.26251191471089386,-1.076954350734495,0.1783930560165109,-0.01110597575147742,0.19709267968589758,-0.7970658145992735,0.8801978746628193,-0.6087915977567512,-0.36070909529168055,0.0246726711443547,5,1
-0.06514608646212648,-0.14176961056963855,-0.09207167431776786,-0.18403860022409665,0.21696818093644954,-1.3736520678277382,0.33844527044379985,1.32176953438175,-0.4803187539658438,-0.7970658145992735,-1.1526443637308414,-1.3567064233405084,-1.4597976124292775,-0.026264604164297604,4,1
-0.32120431611943423,-0.2881397935653193,-0.3713012526455158,-0.16129303578495516,0.5813180511320123,0.7403191664616185,-0.8619463377608743,0.2818447594817321,0.11514774819576738,1.2503911427614924,0.06953359367003893,-0.3051163364975902,0.7059063520213966,0.831726314509239,1,1
0.8976328570493506,0.9194142161490472,0.9690007233276743,-0.5972496875351374,-0.4206440919057852,0.2581853761850993,0.13838000240968726,0.11070515470631753,-0.305502900120233,-0.7970658145992735,0.023613612611624507,-0.6204172168072758,-1.2294886095199902,1.4864861381377459,0,1
-0.3724159620508958,-0.3552261274383397,-0.3154553369799662,0.5021192603566212,-0.6483627607780109,0.40653423473172084,0.2984322168369776,-0.12385677419175009,-0.07059409651519384,1.762255382101684,-1.0360782579671737,0.8331374559946942,1.0746005909520995,-1.3805054524550093,4,1
0.743997919254966,0.7334021085920361,0.745617060665476,0.33910938187612033,-0.05629422171022252,-0.11268677018145634,-0.0216722120176017,-0.1953327267744232,-0.1798540051687006,-0.7970658145992735,1.5778283561271949,-1.3309891448348024,-0.8158316585245672,-0.8302102103917047,4,1
-0.5670202165904497,-0.5564851290574008,-0.5388389996421645,-0.5555494860633814,-0.39787222501856306,0.29527259082175383,0.13838000240968726,0.18520121796149805,-0.4147628087737398,-0.285201575259082,0.6170410601357512,0.960666974064087,0.3656884973983496,-1.382404808483468,5,0
-1.3864065514938344,-1.3843914766267202,-1.3765277346254083,1.229977322409095,-1.1038000985224643,0.33235980545840843,1.1387063425802502,-1.9872650591287606,1.3170067433843407,-0.7970658145992735,-1.269210469494509,-1.4063795229200233,-1.1560495131476143,0.9016571501024735,7,1
0.7542402484412583,0.7867662378092115,0.5780793136688271,-0.36600311573721617,1.0367553888764656,0.369447020095063,-1.102024659401809,-0.411773991637447,0.5248724056464178,2.2741196214418755,1.3517607570703845,-0.10008269142469954,1.031136635956204,0.5613270835487322,3,0
-0.3929006204234804,-0.3537014380321347,-0.3713012526455158,1.229977322409095,-0.26124102369522606,0.9257552396448948,-0.2617505336585365,-0.01110597575147742,0.6669102868959763,1.762255382101684,-0.6386938065001243,0.1958421571341119,0.9407116261371562,-1.0517441908018774,1,0
-0.413385278796065,-0.42078777190515504,-0.3713012526455158,0.4717918411044339,-0.511731559454676,-0.1868611994547655,0.45848443126426797,0.45600447492965335,-0.37105884531233707,-0.7970658145992735,-0.35787546079674293,-1.3144314449749641,-1.232985709347246,1.637916614224824,5,0
0.11921583889113509,0.12047696729762288,-0.03622575865221827,0.23296341449346694,1.3555615252975821,0.03566208836516524,-1.1820507666154536,-0.01110597575147742,0.6341323142999241,-0.7970658145992735,0.04304129690556896,1.3238794965213898,0.7243910225368928,0.42319209966086146,0,1
-0.013934440530664935,0.010699330050862274,-0.09207167431776786,0.1381902293303822,0.6951773855681251,0.44362144936837544,-0.8619463377608743,-0.598014149775398,0.4210754924255858,-0.7970658145992735,0.1066228091402967,-1.3119654045703075,-1.5387321513873413,0.7671482095416595,4,0
0.5186666771565351,0.49250118241164487,0.5222333980032776,-0.7564686386091154,-0.05629422171022252,-0.3352100580013871,0.09836694880286502,0.10667834047630786,0.48116844218501514,0.22666266408110952,0.1295827996695044,0.6421954703769855,0.5420422458299728,-0.4032004414483247,2,1
-0.013934440530664935,-0.0030228746049828004,0.019620157013331318,0.6840837758697407,-0.3067847574696724,0.18401094691178682,0.09836694880286502,0.427816775319585,-0.7753205073303118,-0.7970658145992735,0.9861670617206992,-0.643316163421946,-1.2889393065833419,0.0246726711443547,5,1
0.7337555900686736,0.7318774191858312,0.6897711449999263,-1.2720347658962823,0.21696818093644954,-0.0014251262714893337,-0.3017635872653588,0.0019811704960545165,-0.45300377680246723,-0.7970658145992735,1.3305669196588084,-0.28080822393740196,-1.5007636389771333,-0.23415775491554291,4,1
1.9218657756785815,1.9440054971188128,1.8066894583109179,-1.3137349673680425,0.3991431160342309,0.18401094691178682,-0.5018288552994714,-0.13291710620927238,0.3555195472334822,0.738526903421301,0.8713671090746626,0.017582665026066,0.9292211552761719,-0.966791175710837,0,0
-1.3659218931212498,-1.3782927190019003,-1.3765277346254083,1.229977322409095,3.450573278922066,-4.7485885997633765,-0.18172442644489206,2.674779115665025,-2.616349968141899,-0.7970658145992735,0.5093057199602402,-0.23078283287150786,-0.3072534265036245,1.0544689760284303,7,0
-1.3147102471897882,-1.33255203681575,-1.3206818189598588,1.229977322409095,1.1733865901998006,-3.858495448483647,0.9786541281529598,2.8791399378380196,-2.834869785448912,-0.7970658145992735,-0.4249892792667334,-0.26847802191411835,-0.3382277392593206,-0.07012246154869653,7,0
2.9665833526803973,2.8466216255921775,3.0911455186185584,-2.648141414464241,-0.39787222501856306,-0.6689949897312848,0.5385105384779124,0.2989587199592737,-0.08698308281321998,0.738526903421301,-1.1950320385539932,-1.0301322154666777,-0.868288155933407,1.411547909378576,0,1
0.006550217841919684,0.053390633424602506,-0.03622575865221827,-0.11580190690667633,0.35359938225978454,0.8144935957349277,-0.7419071769404062,-0.3614388137623252,0.8034851727128597,0.738526903421301,1.0956685550138419,1.2830136841013637,0.37218311136325344,-0.006580368960276031,2,1
1.2356297201969968,1.2030064457031788,1.0806925546587736,-1.09386117778969,0.7179492524553472,-0.2981228433647325,-0.5818549625131172,0.6070100085550189,-0.3655958498796618,0.22666266408110952,-1.1844351198482053,-0.4241908588938736,0.541043074450757,0.1747217973925542,0,0
0.42648571447990435,0.41321733328898447,0.5222333980032776,-0.22952972910237548,-0.6483627607780109,-0.1868611994547655,0.5785235920847347,-0.01110597575147742,-0.25087294579347985,-0.7970658145992735,0.11721972784608498,-0.28609259623309524,-0.15487979117318507,-0.7300623470729986,1,0
0.4572127020387813,0.4086432650703694,0.2988497353410793,-0.2029932372567111,1.105070989538132,-0.6319077750946303,-0.7419071769404062,0.6764725540226876,-0.5950416580520258,-0.7970658145992735,1.553102212480356,-1.0065286858792486,-0.7438913192210155,-0.7437031767319258,2,1
0.06800419295967354,0.12200165670382787,0.019620157013331318,-1.0900702503831672,0.3763712491470087,0.8886680250082402,-0.7819202305472298,-1.3590820392472405,0.8034851727128597,0.738526903421301,-0.42675543238436453,1.0948900303746907,1.7640288426111377,-1.0940480296175379,4,1
1.901381117305997,1.7823884200610818,1.9183812896420172,-2.0264293197944205,-0.12460982237189103,-0.854431062914561,0.37845832405062346,-0.01110597575147742,-0.5458746991579478,3.2978481001222586,0.26027813037422265,1.0667067114643278,1.256449781969411,0.7543707235320314,0,0
-0.7308974835711266,-0.7196268955213367,-0.7063767466388133,0.13060837451733642,-0.39787222501856306,0.369447020095063,0.09836694880286502,-1.0308966795014456,0.18070369338787143,-0.7970658145992735,-1.6295057054913007,-0.6193603423481372,-0.7478880047378793,0.0246726711443547,1,1
-0.3109619869331419,-0.3003373088149594,-0.2596094213144166,1.229977322409095,-0.5572752932291203,0.2210981615484414,0.2984322168369776,-0.01110597575147742,-0.2180949731974276,-0.7970658145992735,0.7883579125459905,-0.09479831912900653,-0.19384747496260882,-0.25867671455564,4,1
0.7747249068138429,0.8294575411829517,0.8014629763310256,-0.17266581800452802,-0.19292542303355753,0.6290575225516516,-0.2217374800517143,-0.33224441059475457,0.9783010265584705,0.22666266408110952,0.915520937015446,1.5102416928161653,0.8008276330469165,1.2373251609499991,4,0
-0.5158085706589881,-0.5198925833084806,-0.48299308397661495,-0.03240150396316445,-0.4434159587930074,-0.11268677018145634,0.33844527044379985,-0.4087538809649396,-0.07605709194786907,0.22666266408110952,-0.21658321138623637,0.6679127488826915,-0.011498698255689437,0.07543727772314716,2,1
-0.9255017381106805,-0.954429064076908,-0.9297604093010117,1.229977322409095,0.17142444716200317,-1.4478264971010473,0.45848443126426797,0.5113731705922878,0.1260737390611183,-0.285201575259082,0.6064441414299634,0.3353495857404084,0.4281367085993495,1.0107837873738912,5,0
-0.3007196577468496,-0.3125348240645995,-0.14791758998331744,0.5476103892349,-1.4909218356052492,-0.26103562872807795,1.4988238250416517,1.1768042221013986,-1.714955721750469,0.738526903421301,-1.6118441743149874,1.2150214272301127,0.6994117380564928,-0.4748579643401575,2,1
-0.11635773239358803,-0.07925734491523322,-0.14791758998331744,-0.8284962593330586,0.28528378159811807,0.703231951824964,-0.6218680161199395,-0.3332511141522568,0.9783010265584705,-0.7970658145992735,0.5181364855483969,-1.1449792400264067,-1.1425606995281983,0.6561222162417834,1,0
-1.0586520175324805,-1.0809782847919236,-0.9856063249665613,0.20642692264780255,-1.9691310402369249,-1.5220009263743597,2.8192545940667952,1.0429126489535738,-1.9553275207881837,-0.7970658145992735,-0.523893853854088,-0.25509094543169586,-0.7334000197392475,0.0246726711443547,1,1
-0.14708471995246497,-0.12042395888276844,-0.14791758998331744,0.9304940572937535,-0.010750487935776163,0.5177958786416845,-0.3017635872653588,-1.021836347483924,0.8690411179049633,-0.7970658145992735,-0.658121490794069,-1.0354165877623707,-1.3194140336494298,-0.5845026078011548,2,1
-0.8742900921792189,-0.8278798433618922,-0.873914493635462,0.5400285344218543,0.03479324583866816,2.0012844641079006,-0.9419724449745188,-1.418477549139884,2.61719965636107,-0.7970658145992735,0.2903027333739554,-1.2816683367416672,-0.24280687254419284,-1.002015596602244,5,0
1.7682308378841969,1.8479500645278972,1.5833057956487198,-2.2842123834380064,0.7179492524553472,0.6290575225516516,-0.9419724449745188,-0.7349258335957294,0.39922351069488493,-0.7970658145992735,-0.9389398364974505,-0.7630952687909885,-0.7608772326676875,1.0254606294119775,0,0
-0.3826582912371881,-0.3933433625934649,-0.3713012526455158,0.49453740554357545,-0.14738168925911319,-0.26103562872807795,0.13838000240968726,0.11976548672383981,-0.4147628087737398,-0.7970658145992735,0.17726893384554995,-1.440904088585218,-0.16736943341338503,0.45824385182240873,3,0
0.6108476398331659,0.5809331679715354,0.5780793136688271,-0.47594001052639245,0.17142444716200317,-0.3352100580013871,-0.10169831923124757,0.42580336820458053,-0.3109658955529087,-0.285201575259082,0.572887232194968,-1.1344104954350207,-1.260462922275686,-1.1726123017037642,5,1
-0.9459863964832651,-0.9132624501093727,-0.9856063249665613,1.229977322409095,1.1733865901998006,1.630412317741348,-1.622194356290501,-0.31513045011721297,-0.10337206911124563,-0.7970658145992735,-0.8947860085566671,-0.13707329749455086,-0.3492186244306965,-1.5374613278976026,5,0
-1.273740930444619,-1.2593669453179097,-1.2648359032943093,1.229977322409095,-0.35232849124411675,2.0012844641079006,-0.5418419089062936,-0.01110597575147742,2.480624770544187,0.22666266408110952,0.9596747649562293,1.0656498370051892,0.7488707213276842,-1.1059621719778667,7,0
0.5289090063428274,0.501649318848875,0.5780793136688271,-0.3508394061111204,-0.35232849124411675,-0.3352100580013871,0.33844527044379985,0.4630513998321705,-0.021427137621115932,0.738526903421301,-1.6365703179618256,-0.4093946164659332,0.624473884615293,-1.595650689860368,2,0
-0.4850815831001112,-0.47110252230992034,-0.42714716831106536,0.41492793000658645,-0.7166783614396794,0.369447020095063,0.41847137765744574,0.01003479895607384,-0.19624299146672625,-0.7970658145992735,1.6520067870677109,-0.347039023376755,-0.4746146325223042,1.0546416447582903,3,0
-1.2839832596309113,-1.2868113546295998,-1.2648359032943093,1.229977322409095,-1.1038000985224643,-0.6689949897312848,1.378784664221185,-0.8517034462660117,-1.5947698222316118,0.738526903421301,-0.0028786841528454644,-0.24557907529944825,0.4885865770419173,1.2590814209123387,7,0
-1.2225292845131575,-1.2425953618496546,-1.2089899876287595,1.229977322409095,-0.5345034263418981,-2.449181292290744,1.6988890930757643,2.0425692815534946,-1.960790516220859,0.22666266408110952,-0.30489086726780296,0.8785830577376548,0.9392128690683318,1.0510156014312335,7,1
-1.1201059926502344,-1.129768345790484,-1.15314407196321,1.229977322409095,1.628823927944254,-0.854431062914561,-0.981985498581341,-0.18627239475690094,0.027739821272961988,-0.7970658145992735,1.6043206528916647,-1.1756285993414264,-0.6284870249215677,-0.24486321616685292,5,0
-1.2327716136994498,-1.2502188088806796,-1.2648359032943093,1.229977322409095,2.699101671643718,-2.263745219107468,-1.0620116057949869,2.526793692712167,-2.687368908766678,-0.285201575259082,-0.02054021532915878,1.0783323305148524,1.011153208371884,1.2723769131115463,7,1
2.2188933220810587,2.177282976268179,2.2534567836353148,-1.211379927391912,-0.17015355614633537,-0.26103562872807795,0.1783930560165109,0.5949295658649899,-0.2727249275241812,0.738526903421301,-1.0572720953787496,-1.1178527955751825,-1.4657926407045734,0.7479819805272174,0,0
1.010298478098566,0.9804017923972476,0.9131548076621248,-0.6730682356656035,0.4674587166958994,-0.2981228433647325,-0.3817896944790046,0.25869057765917564,0.38829751982953453,1.762255382101684,0.8183825155457227,1.546527715913257,0.8238085747688841,0.13742535174282913,0,0
1.0000561489122737,0.9697289665538125,0.9131548076621248,-1.3175258947745654,0.4219149829214531,-0.2981228433647325,-0.3417766408721824,0.16305373969644457,-0.24540995036080465,2.7859838607820673,-1.5323672840215774,1.6300207981852075,0.7593620208094527,1.0684551431470772,4,1
-0.21878102425651114,-0.2393497325667591,-0.2596094213144166,0.2746636159652229,0.4219149829214531,-0.4093844872746995,-0.2617505336585365,0.5929161587499847,-0.7043015667055326,0.738526903421301,0.3574165518439459,-0.059569170491052814,1.2399634542123472,-0.2717995380249877,2,1
-0.7001704960122497,-0.6754109027413915,-0.7622226623043629,1.229977322409095,1.1733865901998006,0.8144935957349277,-1.342102981042744,-0.01110597575147742,-0.7097645621382077,-0.285201575259082,-1.5535611214331533,0.8081247604617474,0.6474548263372606,1.5294806518728454,1,1
-0.546535558217865,-0.5671579549008359,-0.5388389996421645,0.794020670658917,-0.10183795548466684,-0.5948205604579757,0.25841916323015535,0.807344016498004,-0.9501363611759226,0.738526903421301,-1.2974689193766105,0.8930270086792157,0.6444573121996129,1.502371661284851,4,0
0.9693291613533968,0.9636302089289924,0.9690007233276743,-0.8664055333982916,-0.03352235482300035,-0.038512340908143906,-0.061685265624423946,-0.07754841054663791,-0.07059409651519384,-0.7970658145992735,-1.595948796256305,-0.4580108415863092,-0.6105019400956798,0.9296294843397672,0,1
-0.5260508998452804,-0.47415190112233035,-0.5388389996421645,-0.4721490831198696,0.17142444716200317,1.4078890299214142,-0.8219332841540521,-0.7047247268706565,0.016813830407611554,-0.7970658145992735,-0.2978262547972774,-1.3574110063132676,-0.13939263479533714,-1.620342318230325,1,1
-1.243013942885742,-1.2441200512558594,-1.2089899876287595,1.229977322409095,-1.6730967707030306,-0.2981228433647325,1.8189282538962324,2.0727703882785673,-3.1080195570826787,-0.285201575259082,0.31502887702079374,0.5424969797315761,1.0036594230277638,0.0246726711443547,7,0
0.43672804366619666,0.44828518963169967,0.35469565100662886,0.19505414042823388,0.5357743173575659,0.14692373227513225,-0.6218680161199395,0.21942913891658056,0.44839046958896284,-0.7970658145992735,0.5658226197244429,-0.9420593438717934,-1.0621274035013104,1.5937134193807052,2,1
-0.280234999374265,-0.2683188312846542,-0.3713012526455158,-0.7830051304547798,1.059527255763688,0.2581853761850993,-1.0620116057949869,-0.12486347774925233,0.24625963857997502,0.738526903421301,0.7512686970757322,1.9661068761912863,0.016478100362358455,0.20787419352564315,3,1
0.5493936647154121,0.5656862739094853,0.5222333980032776,-0.7223502919504052,0.12588071338755885,0.2210981615484414,-0.3017635872653588,0.020101834531098352,0.10422175733041696,1.762255382101684,-0.8488660274982527,1.5916210261698378,0.6074879711686206,-0.04301347096070192,3,1
0.3957587269210274,0.3857729239772943,0.35469565100662886,0.38460051075439916,0.2397400478236717,-0.11268677018145634,-0.2617505336585365,-0.0020456437339551456,-0.23994695492812895,-0.285201575259082,0.29383503960921764,0.5562363477003781,1.8469600670860657,-1.4378314707684758,5,0
-0.9152594089243882,-0.9285093441714228,-0.8180685779699125,1.229977322409095,-1.9235873064624804,-0.6689949897312848,2.2590718435712787,1.390225376291915,-0.9883773292046496,-0.7970658145992735,1.5160129970100982,-1.1643552717772814,-0.1718657046198571,0.6827132006401986,1,1
-1.007440371601019,-0.9742500263575731,-0.9856063249665613,1.229977322409095,-0.5345034263418981,1.852935605561279,-0.3817896944790046,-0.9986821656613676,-0.3983738224757136,-0.7970658145992735,1.7049913805966503,-0.9639014160273246,-0.3622078523605044,-1.4057150870145458,1,1
-1.1508329802091113,-1.141965861040124,-1.15314407196321,1.229977322409095,0.26251191471089386,0.6661447371883061,-0.5818549625131172,-1.1355938494816988,0.19709267968589758,-0.7970658145992735,0.016549000141098988,-0.5390378834536029,-1.3878572731257257,-1.1380785557317965,7,0
-0.13684239076617266,-0.16463995166271367,-0.14791758998331744,0.6348017195849348,0.0803369796131125,-0.5206461311846633,0.058353895196042775,0.7761362062154282,-0.5294857128599217,-0.7970658145992735,-0.5786446005006591,-0.6260538805893485,-1.5177495524238054,0.0386588382630016,2,1
-1.2327716136994498,-1.2258237783813994,-1.15314407196321,1.229977322409095,-3.3809867872447295,0.703231951824964,3.619515666203243,0.6704323326776727,-1.086711246992806,0.22666266408110952,0.06600128743477617,0.14018010228614508,0.560027330655861,-0.16439958805216823,7,1
-0.577262545776742,-0.6052751900559611,-0.5946849153077142,-1.0256244844722697,0.26251191471089386,-0.8173438482779064,0.058353895196042775,0.7902300560204625,-0.040547621635479675,-0.7970658145992735,1.1062654737196296,-1.0333028388440935,-1.1600461986644783,-1.2458238431643356,5,1
-1.109863663463942,-1.0520091860740284,-1.0972981562976605,1.229977322409095,-0.35232849124411675,4.337778986217188,-1.4221290882563884,-3.0855786403639196,1.7977503414597704,0.738526903421301,-1.3186627567881866,1.0723433752464002,1.5332202540122422,1.0007690010420207,1,1
-0.9869557132284343,-0.9269846547652179,-0.9856063249665613,0.3694368011283034,0.03479324583866816,3.262249761754182,-1.3821160346495662,-3.973491178081069,3.015998322946369,-0.285201575259082,-1.2992350724942419,1.9326391849852302,-0.07894276635276931,0.3838236292528184,6,0
0.5084243479702428,0.507748076473695,0.41054156667217845,-0.16508396319148225,0.6268617849064566,-0.0014251262714893337,-0.6218680161199395,-0.18224558052689127,-0.125224050841947,-0.7970658145992735,0.23201968049212154,-1.3697412083365514,-0.888271583517727,1.0354754157438482,0,0
-0.44411226635494194,-0.43908404477961516,-0.3713012526455158,0.4490462766652966,-0.8533095627630145,0.10983651763847768,0.6585496992983806,0.02110853808860059,1.022004990019873,-0.7970658145992735,-1.209161263495044,-0.14517600168128034,-1.308922734167662,1.023733942113379,2,0
0.016792547028211993,0.03509436055014241,0.019620157013331318,0.16093579376952372,-0.05629422171022252,0.33235980545840843,-0.18172442644489206,0.1247990045113517,0.43200148329093724,-0.7970658145992735,1.1468869954251502,-1.402856608056228,-0.5300686440687921,1.3146807519272066,3,0
-0.45435459554123425,-0.4299359083423851,-0.48299308397661495,0.4414644218522466,0.3763712491470087,0.6290575225516516,-0.6618810697267618,-0.456068948167554,-0.1798540051687006,-0.7970658145992735,0.4492565139607747,-0.8807606252417538,-0.8872724121385112,-0.8134613435953004,1,1
0.05776186377338123,0.07626097451767763,0.019620157013331318,-0.32809384167198313,0.3080556484853402,0.29527259082175383,-0.5018288552994714,-0.4168075094249596,0.07690678016704039,1.2503911427614924,-0.017007909093896018,0.8877426363835229,0.9537008540669638,0.7871777822054007,5,1
1.8501694713745354,1.9211351560257377,1.5833057956487198,-1.014251702252701,1.0367553888764656,0.5548830932783424,-1.1820507666154536,-0.5718398572803348,0.4210754924255858,1.762255382101684,0.22318891490396486,0.5900563303928139,0.3641897403295255,0.4356242482107699,0,0
-1.273740930444619,-1.2852866652233947,-1.2648359032943093,1.229977322409095,-0.35232849124411675,-1.9299602873775668,1.258745503400717,1.7043168862326756,-1.616621803962313,-0.7970658145992735,-0.9777952050853398,-0.21070221814787424,-0.43714570580170425,-0.8046552383724487,7,1
0.30357776424439664,0.2759952867305337,0.41054156667217845,0.33910938187612033,-0.7622220952141238,-0.37229727263804163,0.7785888601188473,0.7529820243928725,-0.961062352041273,-0.285201575259082,0.8872624871333449,-0.6123145126205466,-1.0681224317766065,0.4485744029502578,2,1
2.761736768954551,2.7795352917191574,2.8119159402908105,-2.3751946411945637,-0.21569728992078172,0.10983651763847768,0.018340841589220537,0.2154023246865709,-0.1416130371399731,-0.7970658145992735,-1.2550812445534585,-1.1400471592170933,-0.6030081547515599,-0.4696779024443623,0,0
0.027034876214504303,0.007649951238452257,0.1313119883444305,-0.3622121883306933,-0.8533095627630145,-0.3352100580013871,0.8586149673324931,0.5627150520249119,-0.7370795393015843,0.22666266408110952,-0.1953893739746603,-0.41855419511180114,0.18483847776025403,0.0246726711443547,5,1
-1.3351949055623729,-1.34474955206539,-1.3206818189598588,1.229977322409095,-1.1038000985224643,-2.63461736547402,2.579176272425859,3.9744334084006705,-3.0533896027559253,-0.7970658145992735,0.7424379314875755,-0.8324966916077573,-0.4441399054562163,0.3983278025610448,7,0
0.5493936647154121,0.5275690387543601,0.46638748233772803,-0.5290129942177171,0.5130024504703438,-0.26103562872807795,-0.4218027480858269,-0.21546679792447224,-0.19624299146672625,0.738526903421301,1.5354406813040427,-0.03631793239000323,0.192332263104374,1.339717717756883,3,1
0.9590868321671044,0.9758277241786325,0.9690007233276743,-1.2000071451723433,-0.10183795548466684,0.18401094691178682,-0.10169831923124757,0.07849064086623952,-0.15800202343799924,1.2503911427614924,0.005069004876495135,0.7440077099406719,0.1268865377657262,0.4411496475662847,0,1
0.016792547028211993,0.1098041414541878,-0.03622575865221827,0.430091639632678,0.44468684980867523,1.5933251031046902,-1.102024659401809,-1.3973367744323326,0.787096186414833,-0.285201575259082,-1.5323672840215774,0.1489873894456335,0.7533669925341563,-1.6086008445998559,6,1
1.9423504340511661,1.9119870195885076,1.9742272053075667,-1.7572734739312663,-0.17015355614633537,-0.22394841409142008,0.13838000240968726,0.39660896503700993,-0.8463394479550911,2.2741196214418755,-0.34374623585569236,1.9157291936390122,0.4031574241189495,-1.610672869358174,0,0
0.3445470809895659,0.3964457498207294,0.1871579040099801,-1.1658887985136333,1.1733865901998006,0.7403191664616185,-1.342102981042744,-0.9634475411487828,1.4371926429031983,-0.7970658145992735,-1.059038248496381,-1.0403486685716843,-0.4396436342497443,0.49554029747213385,4,1
0.5084243479702428,0.48487773538061985,0.5780793136688271,-0.36600311573721617,-0.4661878256802296,-0.2981228433647325,0.45848443126426797,0.6291574868200724,-0.23448395949545373,0.738526903421301,1.4806899346574716,1.412656951089033,0.44712096480445357,0.6328119377107052,5,1
-0.46459692472752656,-0.4284112189361801,-0.48299308397661495,-0.36600311573721617,0.2397400478236717,0.9257552396448948,-0.6618810697267618,-0.8819045529910852,-0.16346501887067447,-0.7970658145992735,1.224597732600929,-0.956855586299734,-0.3172451402957845,-0.213782844792082,2,0
0.7747249068138429,0.7684699649347514,0.5780793136688271,-0.8777783156178603,1.1733865901998006,-0.07559955554479848,-1.0219985521881647,-0.15707799158933033,0.7051512549247039,0.22666266408110952,0.7194779409583684,1.18648581683337,0.22330657586006986,-1.2855376510320984,3,1
-0.0856307448347111,-0.1112758224455384,-0.14791758998331744,0.6537563566175534,0.5813180511320123,-0.48355891654800864,-0.3817896944790046,-0.01110597575147742,-0.9064323977145199,-0.7970658145992735,0.6329364381944333,-0.7025011331337082,-0.7883544455961272,0.3056046946263116,3,1
-0.34168897449201885,-0.32168296050182954,-0.3154553369799662,0.8774210736024288,-0.3067847574696724,0.44362144936837544,-0.0216722120176017,-0.5899605213153787,0.08783277103239082,-0.7970658145992735,-0.22541397697439305,-0.35655089350900265,-1.235983223484894,-0.13504590397599572,6,0
0.10897350970484278,0.08388442154870267,0.1871579040099801,-0.024819649150118677,-0.6255908938907888,-0.4093844872746995,0.6585496992983806,1.0932478268286958,-1.124952215021533,-0.7970658145992735,-1.0766997796726943,-0.09409373615624735,-1.243477008829014,-1.1244377260728693,2,0
-1.109863663463942,-1.0977498682601787,-0.9856063249665613,0.047207971573824545,-3.3809867872447295,0.8515808103715856,3.499476505382778,-0.5547258968027932,0.8253371544435606,-0.7970658145992735,-0.0717586557404676,-1.0791007320734334,-0.16537109065495298,1.5092784104792445,7,0
-0.2904773285605573,-0.2408744219729641,-0.3154553369799662,-0.8019597674873942,0.26251191471089386,1.0741040981915164,-0.7819202305472298,-1.2121033198518847,-0.040547621635479675,-0.285201575259082,-1.6100780211973558,0.8278530836990016,1.0780976907793556,-0.3918043052775753,3,0
-0.20853869507021883,-0.19208436097440382,-0.20376350564886703,0.5968924455197018,-0.07906608859744468,0.33235980545840843,-0.18172442644489206,-0.2597617544545792,0.32274157463743,-0.7970658145992735,0.5799518446654934,1.5197535629484127,1.295917051448443,0.4748200498889532,3,1
-1.0176827007873113,-1.0123672615126982,-1.0972981562976605,-0.6199952519742746,3.0634515418392807,0.2581853761850993,-2.302416267606483,-0.9282129166361974,0.011350834974936337,1.2503911427614924,-1.1173213013782148,1.9425033466038573,0.9961656376836441,-1.1347978498644595,6,0
-0.8640477629929266,-0.8568489420797875,-0.8180685779699125,0.5514013166414229,-0.8988532965374608,0.29527259082175383,0.6185366456915583,-0.3231840785772323,1.2569137936249124,-0.7970658145992735,-1.4175673313755408,-0.27164864529153404,-1.1475565564242782,-1.080061862498891,2,1
0.2626084474992274,0.26684715029330364,0.1313119883444305,0.08890817304558049,1.0139835219892415,0.07274930300182311,-0.9419724449745188,0.02110853808860059,0.17524069795519623,-0.7970658145992735,-0.2766324173857019,-0.897318325101592,-0.6809435223304077,0.5944794796818211,4,1
0.18066981400888896,0.1951867482016683,0.1871579040099801,0.03204426194773301,-0.07906608859744468,0.2210981615484414,-0.1417113728380698,-0.09264896390917432,0.22440765684927413,-0.7970658145992735,-1.3098319912000298,-0.1307320507397192,-1.5512217936275412,-0.9932094913793922,5,0
-0.20853869507021883,-0.2042818762240439,-0.3713012526455158,0.9153303476676619,1.9020863305909261,0.07274930300182311,-1.5821813026836788,0.5043262456897707,-0.5786526717539996,-0.7970658145992735,-0.6916784000290642,-0.6345088762624576,-1.237481980553718,0.7781990082526892,5,0
0.13970049726371972,0.1616435812651581,0.1313119883444305,0.24433619671303558,0.03479324583866816,0.369447020095063,-0.3017635872653588,-0.10271599948419884,0.7433922229534303,-0.7970658145992735,1.2281300388361913,1.2935824286927498,0.15686167914220614,-1.474091904039042,2,0
-1.3454372347486652,-1.3584717567212352,-1.3206818189598588,1.229977322409095,-2.2423934428835968,-3.858495448483647,5.019972542442031,4.688186230669899,-3.162649511409432,-0.7970658145992735,0.42099806407867363,-1.1710488100184926,-0.848804314038695,1.1727470559824196,7,1
0.5084243479702428,0.5382418645977951,0.6339252293343768,-0.16508396319148225,-0.784993962101348,0.40653423473172084,0.45848443126426797,-0.6564029561105391,0.6559842960306249,0.738526903421301,-0.18655860838650365,1.9389804317400616,0.7009104951253167,-0.6404472762757425,6,1
-1.3864065514938344,-1.3843914766267202,-1.3765277346254083,1.229977322409095,-1.1038000985224643,0.33235980545840843,1.1387063425802502,1.4194197794594863,1.3170067433843407,-0.7970658145992735,-1.3734135034347577,1.7867905096241017,1.6516220624493383,1.0929741027871742,7,0
-0.9255017381106805,-0.9300340335776278,-0.9856063249665613,-0.2863936402002272,1.742683262380367,-0.26103562872807795,-1.3020899274359217,0.7811697240029409,-1.0320812926660523,0.22666266408110952,-1.1332166794368967,1.3531196898908913,1.5986659793508902,-1.0166924386403302,6,1
-0.13684239076617266,-0.1509177470068686,-0.3154553369799662,0.33531845446959746,1.9704019312525927,-0.26103562872807795,-1.4621421418632108,0.42278325753207313,-0.1798540051687006,0.22666266408110952,0.8978594058391326,0.9243809509669946,0.848787859249284,0.35395193898706634,4,1
0.08848885133225816,0.12352634611003288,0.1313119883444305,0.21400877746084832,-0.3751003581313389,0.591970307914997,-0.0216722120176017,-1.162774845534265,0.8308001498762357,-0.7970658145992735,1.1875085171306707,-0.5629937045274114,-0.2423072868545849,-1.6488326586571984,1,0
-1.0279250299736036,-1.0093178827002882,-0.9856063249665613,0.2822454707782686,-1.1038000985224643,1.0741040981915164,0.4984974848710902,-0.07050148564412083,-0.3218918864182591,0.738526903421301,0.8607701903688749,0.2888471095383097,1.1050753180181874,1.5795545835321987,1,1
0.3650317393621505,0.37357540872765427,0.41054156667217845,1.229977322409095,-0.35232849124411675,0.10983651763847768,0.13838000240968726,0.05936327327369345,-0.37105884531233707,-0.7970658145992735,-1.4564226999634302,-0.40692857606127647,-0.3072534265036245,-1.5222664796699368,1,0
1.0819947824026122,1.1221979071743133,1.1923843859898726,-0.7716323482352069,-0.5800471601163424,0.40653423473172084,0.21840610962333312,0.0311755736636251,-0.07059409651519384,-0.7970658145992735,-0.5627492224419772,-0.5897678574922561,-1.2739517358951018,0.0246726711443547,4,1
0.16018515563630434,0.11590289907900785,0.24300381967552967,0.013089624915114376,-0.6483627607780109,-0.6689949897312848,0.8186019137256695,0.9945908781934573,-0.9064323977145199,-0.7970658145992735,0.8148502093104599,-0.45589709266803213,-0.7583793042196475,0.9719333231554276,6,0
-1.2532562720720344,-1.2578422559117046,-1.2648359032943093,1.229977322409095,1.1733865901998006,-0.7802566336412519,-0.6218680161199395,0.2768112416942195,0.8089481681455349,0.22666266408110952,1.3040746228943385,-0.2462836582722074,1.1065740750870119,0.278495704038317,7,0
0.027034876214504303,0.12047696729762288,0.019620157013331318,0.6992474854958323,0.03479324583866816,1.5933251031046902,-0.7819202305472298,-1.502033944412586,0.8745041133376384,1.762255382101684,-1.0925951577313762,0.36881727694646455,0.6844241673682528,-1.3506337621892575,1,0
1.0307831364711506,0.9895499288344776,1.0806925546587736,-0.02861057655664156,-0.2840128905824482,-0.4093844872746995,0.33844527044379985,0.8033172022679944,-0.2563359412261551,0.22666266408110952,0.6364687444296957,1.8421002729856888,0.5420422458299728,0.25449475058779947,4,1
-0.47483925391381887,-0.48939879518438045,-0.3713012526455158,0.020671479728160146,-1.2176594329585773,-0.37229727263804163,1.258745503400717,-0.35137177818730064,0.6559842960306249,-0.7970658145992735,-0.3472785420909551,-0.9987782731788989,-0.24030894409615286,0.8426044444904088,4,1
-0.2904773285605573,-0.31405951347080446,-0.3154553369799662,0.5514013166414229,0.26251191471089386,-0.5206461311846633,-0.10169831923124757,0.461037992717166,-0.7753205073303118,-0.7970658145992735,-1.4210996376108036,-0.6612830292273023,-0.6100023544060719,0.06680384123015524,3,0
-1.0381673591598959,-1.0276141555747484,-1.041452240632111,0.25949990633913134,0.19419631404922735,0.591970307914997,-0.5018288552994714,-0.2990231931971743,-0.125224050841947,-0.7970658145992735,-1.546496508962628,1.5940870665744948,1.3368830779962988,-0.40440912255734346,1,0
-0.0856307448347111,-0.010646321636007842,-0.09207167431776786,0.08132631823253472,0.03479324583866816,1.3708018152847596,-0.7018941233335839,-1.457738987882479,1.5246005698260037,0.22666266408110952,0.47398265760761354,-0.17582536099629997,1.6905897462387616,0.09270415070913099,2,0
0.2626084474992274,0.23940274098161352,0.24300381967552967,0.5438194618283771,0.10310884650033668,-0.3352100580013871,-0.061685265624423946,0.9855305461759357,-0.5677266808886492,0.22666266408110952,-0.3508108483262174,1.960117920922834,-0.05396348187236936,-0.6811970965226642,5,1
2.126712359404428,2.1162954000199785,2.030073120973116,-2.0378021020139934,0.28528378159811807,-0.038512340908143906,-0.3417766408721824,0.42177655397457087,-0.2180949731974276,-0.7970658145992735,1.3888499725406422,-1.2827252112008058,-0.49459806010662416,1.5099690853986838,0,1
0.40600105610731974,0.43761236378826457,0.5222333980032776,-0.03240150396316445,-0.784993962101348,0.44362144936837544,0.41847137765744574,-0.43996169124751533,0.6177433280018985,1.2503911427614924,0.41923191096104245,1.0279546479625783,0.5660223589311569,-0.5456521435826912,0,1
-0.9459863964832651,-0.969675958138958,-0.9856063249665613,1.229977322409095,1.1733865901998006,-1.2253032092811167,-0.5018288552994714,2.1694139297988007,-1.469120927280079,0.738526903421301,1.102733167484367,1.3960992512291948,0.5415426601403649,-0.2222436125552141,6,0
-0.09587307402100341,-0.1112758224455384,-0.09207167431776786,0.6499654292110305,-0.05629422171022252,-0.2981228433647325,0.058353895196042775,0.24157661718163476,-0.7862464981956622,-0.7970658145992735,0.572887232194968,-0.4851372860375337,-0.2423072868545849,1.509623747938964,1,0
-0.33144664530572654,-0.3704730215003898,-0.42714716831106536,0.5286557522022856,1.1733865901998006,-0.8915182775512188,-0.6618810697267618,0.2768112416942195,0.00042484410958541953,-0.7970658145992735,0.5181364855483969,-0.3540848531043459,-0.31974306874382447,0.5131525079178373,6,1
-0.11635773239358803,-0.06858451907179816,-0.03622575865221827,0.34669123668916607,-0.7394502283269017,0.8886680250082402,0.1783930560165109,-0.15506458447432586,0.20255567511857278,0.22666266408110952,0.2691088959623793,-0.35619860202262293,1.1560330583582032,0.319072855555379,6,0
1.2663567077558737,1.2365496126396889,1.2482303016554221,-1.643545651735567,0.03479324583866816,-0.26103562872807795,-0.0216722120176017,-0.01110597575147742,-0.37652184074501227,0.22666266408110952,-1.401671953316859,0.781702898983282,1.001161494579724,0.8596986487465328,0,0
-1.140590651022819,-1.148064618664944,-1.0972981562976605,1.229977322409095,-1.4909218356052492,-0.7060822043679427,1.7789152002894089,1.5543180561648118,-1.5838438313662608,-0.285201575259082,0.5905487633712813,1.371438847182627,1.5497065817693065,0.9824661156768777,7,0
0.8566635403041813,0.891969806837357,0.8014629763310256,-0.1233837617197221,0.26251191471089386,0.40653423473172084,-0.5018288552994714,-0.6413024027480028,-0.0924460782458952,-0.7970658145992735,0.2302535273744899,-0.8360196064715527,-0.8128341443869191,1.6372259393053845,4,0
-1.109863663463942,-1.141965861040124,-1.041452240632111,1.229977322409095,-2.0829903746730376,-2.523355721564053,3.619515666203243,2.846925423997941,-2.4633860960269893,1.2503911427614924,-0.16536477097492808,-0.06837645765054125,1.8644455662223454,-0.055790956970329944,5,0
-1.3659218931212498,-1.3584717567212352,-1.3765277346254083,1.229977322409095,3.450573278922066,2.149633322654522,-2.9826381789224654,-2.1916258813017553,-2.616349968141899,-0.7970658145992735,-1.1791366604953113,1.1678143680552546,0.21031734793026194,1.2722042443816866,7,0
-0.4031429496097727,-0.43908404477961516,-0.48299308397661495,0.10407188267167623,1.0367553888764656,-0.854431062914561,-0.5818549625131172,0.7831831311179454,-0.4693927631004929,1.2503911427614924,0.005952081435311193,1.5313791819989373,0.8537837161453641,0.0003263802341175011,1,1
-0.1675693783250496,-0.17683746691235375,-0.2596094213144166,0.005507770102068607,0.9456679213275749,-0.1868611994547655,-0.7819202305472298,0.049296237698668935,-0.38744783161036317,0.738526903421301,-1.4087365657873843,-0.3142759151434581,0.6779295534033485,-1.0125483891236942,3,1
1.0922371115889045,1.027667163989603,0.8573088919965751,-0.7640504934221611,1.218930323974245,-0.6319077750946303,-0.8219332841540521,0.1841945144039958,-0.3546698590143109,1.762255382101684,-0.038201746505472096,0.6633329595597576,0.09391388225159832,1.282219030713557,0,0
1.2868413661284583,1.242648370264509,1.3599221329865214,-0.7640504934221611,-0.3751003581313389,-0.37229727263804163,0.41847137765744574,0.4449307357971266,-0.2727249275241812,1.762255382101684,-0.7393645342051101,-0.07084249805519802,0.14936789379808615,1.7418631896004466,4,0
-1.0381673591598959,-0.9986450568568532,-1.0972981562976605,-0.7147684371373594,2.311979934560933,2.4092438251111106,-2.58250764285424,-3.6694667037153326,3.999337500827929,1.2503911427614924,0.13311510590476666,0.08064284108800288,1.7150694450295536,-1.568023693082794,6,0
0.07824652214596585,0.004600572426042241,0.019620157013331318,-0.051356140995783076,0.4674587166958994,-1.188215994644462,0.018340841589220537,1.2794879849666474,-0.6879125804075064,0.22666266408110952,0.18080124008081272,0.7950899754657044,1.0780976907793556,0.19475137005629542,1,0
0.05776186377338123,0.03814373936255242,-0.03622575865221827,0.7106202677154009,0.809036720004238,-0.3352100580013871,-0.6218680161199395,-0.03124004690152573,-0.6223566352154023,0.22666266408110952,1.3782530538348545,1.3858827981241886,0.8407944882155564,0.0246726711443547,6,0
0.8156942235590121,0.7395008662168562,0.8014629763310256,-1.1810525081397247,0.03479324583866816,-0.8173438482779064,0.25841916323015535,0.8264713840905501,-0.6605976032441299,-0.7970658145992735,0.8501732716630865,-1.3848897422508717,-0.4990943313130962,-0.13211053556837848,4,0
0.06800419295967354,0.1265757249224429,0.0754660726788809,-0.31672105945241025,-0.10183795548466684,0.9628424542815494,-0.4218027480858269,-1.1637815490917673,0.9072820859336908,-0.7970658145992735,0.8696009559570316,-0.38896171025591986,-1.3488895893363018,1.250102646959627,1,0
-0.47483925391381887,-0.5122691362774555,-0.48299308397661495,0.4225097848196322,0.10310884650033668,-0.965692706824528,0.25841916323015535,0.8576791943731259,-0.38198483617768797,-0.285201575259082,-0.9742628988500771,0.6989143996840911,0.6989121523668849,1.0085390938857133,4,1
-0.843563104620342,-0.8751452149542476,-0.8180685779699125,0.5779378084870873,-0.48895969256745375,-1.3736520678277382,1.018667181759782,1.8029738348679134,-1.862456598432703,0.22666266408110952,-0.9989890424969157,1.021613401207747,1.4457927583308428,1.4790613827537726,6,0
-0.8230784462477574,-0.8156823281122522,-0.8180685779699125,1.229977322409095,-0.07906608859744468,0.2581853761850993,-0.1417113728380698,0.09560460134378113,0.32274157463743,-0.285201575259082,0.38920730796130976,1.6560903681772936,0.4291358799785654,-0.19271725974918172,1,0
-0.577262545776742,-0.5808801595566809,-0.7063767466388133,0.7788569610328212,2.2208924670120425,-0.11268677018145634,-1.702220463504147,-0.007079161521467759,0.1260737390611183,-0.285201575259082,-1.7619671893136502,1.7216165846438876,-0.06195685290609729,0.3548152826363655,4,0
2.2496203096399356,2.213875522017099,2.365148614966414,-0.9801333555939908,-0.4434159587930074,-0.22394841409142008,0.37845832405062346,0.13587274364387844,0.04412880757098812,0.22666266408110952,-0.1000171056225687,-1.3644568360408582,-0.9657073654069669,0.3439371526551957,0,0
1.47120329148172,1.4576295765394152,1.5274598799831702,-1.3061531125549926,-0.2840128905824482,-0.11268677018145634,0.1783930560165109,0.16506714681144904,-0.3601328544469866,-0.7970658145992735,1.4259391880109005,-0.22197554571201944,-0.868787741623015,-0.3495004664619149,4,1
0.07824652214596585,0.15706951304654307,0.1313119883444305,-0.051356140995783076,-0.4434159587930074,1.296627386011447,-0.2617505336585365,-1.1537145135167428,0.6996882594920276,-0.7970658145992735,-0.09295249315204318,-1.2175512862205915,-1.1780312834903661,-1.1121782462528207,5,0
2.454466893365782,2.380066667293445,2.197610867969765,-2.162902706429261,0.8318085868914601,-0.4464717019113541,-0.5818549625131172,-0.01110597575147742,-0.040547621635479675,0.738526903421301,-0.9972228893792843,0.34979353668196933,1.678100103998562,0.5162605450553145,0,0
-1.0484096883461882,-1.0520091860740284,-1.0972981562976605,1.229977322409095,1.9248581974781482,-0.2981228433647325,-1.4221290882563884,0.7902300560204625,-1.0375442880987276,0.22666266408110952,-0.5344907725598759,-0.06379666832760716,1.8334712534666495,1.6712416790877729,5,0
-1.0484096883461882,-1.0520091860740284,-1.041452240632111,0.23296341449346694,-0.12460982237189103,-0.2981228433647325,0.1783930560165109,-0.6866040628356127,0.49209443305036554,-0.7970658145992735,1.4647945565987899,-0.6221786742391736,-1.5901894774169651,-0.8008565263155323,5,0
0.7030286025097967,0.6724145323438359,0.8014629763310256,-0.5820859779090416,-0.6028190270035666,-0.3352100580013871,0.5785235920847347,-0.09466237102417951,-0.8080984799263635,0.22666266408110952,-1.7072164426670788,1.1174366855029811,1.305908765240603,1.1610055823519505,2,1
0.6313322982057505,0.5839825467839453,0.745617060665476,-0.4607763009002967,-0.6939064945524572,-0.5577333458213211,0.8186019137256695,0.4821787674247172,-0.0924460782458952,0.738526903421301,0.0960258904345089,1.4802969164739042,0.8947497426932198,-0.7514732695756184,1,1
-0.47483925391381887,-0.48939879518438045,-0.5388389996421645,0.828139017317623,0.9001241875531286,-0.37229727263804163,-0.6618810697267618,-0.2647952722420911,-0.5349487082925969,-0.7970658145992735,0.24791505855080323,-1.450063667231086,-0.9776974219575587,-1.2349457131831658,3,1
-0.6592011792670804,-0.6067998794621661,-0.6505308309732637,0.23296341449346694,-0.12460982237189103,1.6674995323780026,-0.6618810697267618,-1.1345871459241967,0.7761701955494826,0.22666266408110952,-1.654231849138139,0.3494412451955901,0.8667729440751722,0.06956654090791266,1,0
0.5596359939017044,0.5580628268784602,0.5222333980032776,0.25949990633913134,0.19419631404922735,-0.0014251262714893337,-0.2617505336585365,-0.03627356468903834,-0.4639297676678177,1.762255382101684,-0.5786446005006591,0.14581676606821756,0.6579461258190284,-0.601424143327419,5,0
-0.1778117075113419,-0.1676893304751237,-0.03622575865221827,0.30499103521741017,-1.2859750336202458,0.18401094691178682,1.0586802353666043,-0.040300378919048,0.3063525883394043,0.22666266408110952,1.0833054831904225,1.5859843623877654,1.8479592384652817,0.9090819054864464,4,0
0.32406242261698126,0.26227308207468863,0.41054156667217845,0.34669123668916607,-0.6255908938907888,-0.854431062914561,0.8586149673324931,0.9623763643533793,-0.7206905530035587,0.22666266408110952,-0.9566013676737638,0.22543464198999263,0.3851723392930613,-1.146021317305349,4,1
-0.7308974835711266,-0.7424972366144118,-0.6505308309732637,0.6802928484632178,-1.2632031667330235,-0.4464717019113541,1.3387716106143628,0.3654011547544342,-0.5349487082925969,-0.7970658145992735,-0.3702385326201623,-1.1675258951546972,-1.606176219484421,1.1245724803515247,5,1
1.3278106828736276,1.3600494545422945,1.415768048652071,-1.4388355717833103,-0.4434159587930074,0.29527259082175383,0.13838000240968726,-0.25070142243705695,0.6505213005979498,0.738526903421301,1.3111392353648639,-0.5788468214144904,-1.4118373862269096,0.9363635648043009,4,0
0.11921583889113509,0.13267448254726294,0.0754660726788809,-0.7640504934221611,0.3308275153725624,0.2210981615484414,-0.46181580169264913,0.13385933652887397,-0.18531700060137582,0.738526903421301,1.1292254642488369,0.5435538541907148,1.2824282378290268,0.7802710330110072,5,0
2.987068011052982,2.935053611152068,2.9236077716219095,-2.9817430262382927,0.12588071338755885,-0.26103562872807795,-0.10169831923124757,0.2647307990041905,0.04959180300366334,1.762255382101684,0.33269040819710705,1.0325344372855128,0.97718138147854,1.2145328886085003,0,1
0.20115447238147358,0.26532246088709865,0.1313119883444305,0.047207971573824545,0.5130024504703438,0.9628424542815494,-0.9419724449745188,-0.7822409007983437,0.38283452439685833,-0.7970658145992735,-0.34021392962042957,-1.2777931303914924,-0.6784455938823677,0.0246726711443547,5,1
-1.0381673591598959,-1.0428610496367985,-1.041452240632111,0.25949990633913134,0.19419631404922735,-0.3352100580013871,-0.10169831923124757,0.5747954947149408,-0.6879125804075064,0.738526903421301,0.28323812090342987,0.8574455685548827,0.21431403344712605,-0.4204673144343085,2,1
-0.07538841564841879,-0.09297954957107829,0.019620157013331318,0.3732277285348305,-0.8305376958757923,-0.3352100580013871,0.8186019137256695,0.8184177556305308,-0.7261535484362339,-0.7970658145992735,0.5746533853125996,-0.9406501779262753,-0.5165798304493762,0.7115488785267915,5,0
0.07824652214596585,0.07473628511147262,0.0754660726788809,-0.051356140995783076,-0.010750487935776163,-0.038512340908143906,-0.061685265624423946,0.14996659344891264,-0.7316165438689091,1.762255382101684,0.49164418878392685,0.7031418975206452,0.6544490259917729,-1.120466345286093,5,1
-1.2839832596309113,-1.291385422848215,-1.2648359032943093,1.229977322409095,-1.1038000985224643,-1.4107392824643927,1.7789152002894089,-0.01110597575147742,-1.5947698222316118,-0.7970658145992735,-0.37906929820831897,-0.8825220826736516,-1.0341506048832627,1.4718092960996594,7,0
-0.9255017381106805,-0.9269846547652179,-0.9297604093010117,-0.2863936402002272,0.17142444716200317,-0.11268677018145634,-0.18172442644489206,0.17010066459896164,-1.6220847993949883,-0.7970658145992735,1.1592500672485697,-1.481065318032485,-0.7548822043923914,-0.15887418869665343,2,1
-0.6694435084533727,-0.6189973947118061,-0.7063767466388133,1.229977322409095,0.6496336517936787,1.630412317741348,-1.2620768738290995,-0.5899605213153787,0.3172785792047548,-0.7970658145992735,1.602554499774033,-0.21669117341632618,-1.1525524133203582,-1.0163471011806104,3,0
0.2216391307540582,0.19366205879546328,0.1871579040099801,0.0585807537933932,0.2397400478236717,-0.4093844872746995,-0.10169831923124757,0.5284871310698287,-0.22902096406277853,-0.7970658145992735,0.6505979693707468,-0.32414007676208517,-0.16936777617181709,1.635844589466506,5,1
-1.376164222307542,-1.3691445825646702,-1.3765277346254083,1.229977322409095,1.1733865901998006,2.2979821812011436,-1.6622074098973232,-0.669490102358071,0.8089481681455349,0.22666266408110952,-0.7128722374406401,0.8338420389674537,0.3072369717142138,-0.2654107950201737,7,0
-0.6592011792670804,-0.6845590391786215,-0.6505308309732637,0.7295749047480196,-0.12460982237189103,-0.8173438482779064,0.41847137765744574,1.1063349730762277,-0.37105884531233707,-0.7970658145992735,0.035976684435043926,-1.1160913381432849,-0.5610429568244879,-0.27145420056526803,2,1
-0.34168897449201885,-0.3582755062507497,-0.20376350564886703,0.8774210736024288,-1.4226062349435806,-0.37229727263804163,1.4988238250416517,-0.4611024659550666,-0.021427137621115932,-0.285201575259082,-0.6651861032645943,0.8732986854419615,1.4607803290190826,-0.8614632504963354,1,0
2.495436210110951,2.498992440977436,2.476840446297513,-2.325912584909762,0.012021378951446001,0.03566208836516524,-0.1417113728380698,0.0704370124062202,-0.04327911935181728,-0.285201575259082,-1.7443056581373368,-0.4580108415863092,-0.48510593200407215,0.039522181912300794,0,0
-1.3249525763760805,-1.3173051427537,-1.3206818189598588,1.229977322409095,0.03479324583866816,1.4078890299214142,-0.5818549625131172,-0.4902968691226372,1.0274679854525484,1.2503911427614924,-1.053739789143487,0.18315966362444858,1.4078242459206345,-0.9579850704879852,7,1
-1.0893790050913574,-1.0657313907298736,-1.15314407196321,1.229977322409095,2.995135941177612,1.630412317741348,-2.7025468036747085,-2.4221609959698136,3.76442869722289,-0.7970658145992735,1.4912868533632593,-1.3570587148268882,-1.6141695905181492,-0.19237192228946204,3,0
-1.0996213342776497,-1.0794535953857187,-1.0972981562976605,1.229977322409095,0.03479324583866816,1.4078890299214142,-0.6618810697267618,-0.01110597575147742,1.0274679854525484,-0.7970658145992735,-1.770797954901807,-1.0061763943928692,-1.5512217936275412,1.4604131599289103,7,1
0.5903629814605813,0.6632663959066059,0.6897711449999263,-0.6844410178851721,-0.6255908938907888,0.8886680250082402,0.058353895196042775,-0.01110597575147742,0.3008895929067291,1.2503911427614924,-0.5645153755596085,1.0677635859234664,0.7343827363290527,1.4963282557397566,5,1
0.4981820187839505,0.4955505612240549,0.6339252293343768,0.22538155968042117,-0.8533095627630145,-0.038512340908143906,0.6985627529052028,-0.28593604694964236,-0.2563359412261551,-0.7970658145992735,1.0391516552496392,-0.3382317362172666,-1.1580478559060463,0.7683568906506784,4,0
1.3892646579913814,1.417987651978085,1.5274598799831702,-1.3781807332789358,-0.6255908938907888,0.2581853761850993,0.33844527044379985,-0.40372036317742765,-0.4748557585331686,0.738526903421301,1.1292254642488369,-0.08740019791503623,-0.7039244640523755,1.0394467965306244,0,0
0.2626084474992274,0.22720522573197344,0.24300381967552967,-0.8247053319265357,0.10310884650033668,-0.5206461311846633,0.018340841589220537,0.1640604432539468,0.09329576646506604,-0.7970658145992735,0.8431086591925616,-0.3297767405441576,-0.219326345132617,0.4841441613013845,6,1
0.16018515563630434,0.19366205879546328,0.1871579040099801,-0.22952972910237548,-0.23846915680800387,0.5177958786416845,-0.10169831923124757,-0.3332511141522568,0.2517226340126512,-0.7970658145992735,-0.2006878333275547,-1.441608671557977,-1.4468083844994695,-0.12779381732188252,2,0
0.3957587269210274,0.4193160909138045,0.41054156667217845,-0.889151097837429,-0.14738168925911319,0.33235980545840843,-0.1417113728380698,-1.1265335174641773,1.6775644419409128,-0.7970658145992735,-0.9407059896150818,-0.1793482758600954,-1.0711199459142546,-1.531590591082368,2,1
0.4981820187839505,0.507748076473695,0.46638748233772803,-0.17266581800452802,0.17142444716200317,0.14692373227513225,-0.3017635872653588,-0.061441153626599264,0.07690678016704039,-0.7970658145992735,-1.1385151387897907,-0.7564017305497771,-1.0176642771261988,0.2914458587778048,1,0
0.016792547028211993,0.027470913519117363,0.019620157013331318,-0.37358497055026196,-0.05629422171022252,0.18401094691178682,-0.1417113728380698,-0.23560086907452055,0.27903761117602727,-0.7970658145992735,1.1186285455430491,-0.5157866453525534,-0.40117553614992846,0.5033103903158266,6,1
-0.3929006204234804,-0.4421334235920252,-0.48299308397661495,-0.6275771067873247,1.1733865901998006,-1.188215994644462,-0.5418419089062936,1.166737186526374,-1.3325460414631956,0.738526903421301,1.3959145850111678,1.6349528789945211,1.6900901605491536,-0.9415815411513004,6,0
0.4572127020387813,0.46810615191236477,0.5780793136688271,-0.4077033172089721,-0.784993962101348,0.14692373227513225,0.5385105384779124,-0.20640646590694994,0.6395953097325993,1.2503911427614924,0.567588772842074,-0.16772265680957074,0.9936677092356038,-0.5983161061899419,0,0
-0.33144664530572654,-0.3430286121886996,-0.3713012526455158,-0.5252220668111941,0.44468684980867523,-0.26103562872807795,-0.3817896944790046,-0.01110597575147742,-0.4748557585331686,-0.7970658145992735,0.42806267654919916,-1.2249494074345617,-0.41916062097581636,1.4921842062231205,6,1
-0.9869557132284343,-0.955953753483113,-0.9856063249665613,1.229977322409095,0.03479324583866816,1.6674995323780026,-0.7819202305472298,-0.2960030825246669,0.530335401079093,-0.7970658145992735,0.38390884860841584,0.6425477618633648,0.8173139608039802,1.1345872666833954,2,0
-0.5362932290315727,-0.5320900985581206,-0.48299308397661495,0.3694368011283034,-0.6939064945524572,0.10983651763847768,0.4984974848710902,0.6080167121125218,-0.5294857128599217,-0.7970658145992735,-0.3119554797383285,0.5678619667509033,0.8003280473573086,0.0246726711443547,2,0
-1.1815599677679882,-1.180083096195249,-1.15314407196321,1.229977322409095,-1.1038000985224643,0.03566208836516524,0.9786541281529598,0.3976156685945122,-1.3052310642998188,-0.7970658145992735,-0.14240478044572086,-0.38896171025591986,-0.3861879654616885,-0.797921157907915,7,1
-0.9050170797380959,-0.8690464573294275,-0.9297604093010117,-0.22952972910237548,0.6724055186809029,1.630412317741348,-1.2620768738290995,-0.01110597575147742,0.8963560950683404,-0.285201575259082,-0.47090926032514807,-0.3121621662251808,-0.05845975307884141,0.0246726711443547,5,1
0.5289090063428274,0.4742049095371848,0.5780793136688271,-0.9422240815287578,-0.35232849124411675,-0.6689949897312848,0.5385105384779124,0.2405699136241318,-0.25087294579347985,-0.285201575259082,-1.3575181253760755,-0.5238893495392828,-1.2075068391772381,-0.7478472262485618,5,0
-1.0996213342776497,-1.111472072916024,-1.15314407196321,-1.0673246859440255,2.539698603433159,-0.965692706824528,-1.5421682490768565,1.4627080324320902,-2.0427354477109887,-0.7970658145992735,-0.6016045910298663,-0.7285707031257938,-0.6499692095747118,-0.5427167751750739,3,0
0.4572127020387813,0.46810615191236477,0.5222333980032776,-0.4077033172089721,-0.4434159587930074,0.14692373227513225,0.21840610962333312,-0.3131170430022085,0.19709267968589758,0.22666266408110952,0.005069004876495135,1.5694266625279272,0.96718966768638,-0.5321839826536238,6,1
0.7030286025097967,0.6739392217500408,0.745617060665476,-0.03998335877621022,-0.2840128905824482,-0.3352100580013871,0.2984322168369776,0.7469418030478577,-0.048742114784492495,0.22666266408110952,1.6696683182440242,-1.1527296527267568,-0.3881863082201205,-1.252903261088589,3,1
-0.413385278796065,-0.3826705367500299,-0.42714716831106536,-0.6654863808525577,0.17142444716200317,0.7403191664616185,-0.5418419089062936,-0.5960007426603928,-0.0924460782458952,0.22666266408110952,0.1295827996695044,0.4435030720589266,0.4755973491121091,-1.3801601149952898,6,0
-1.0893790050913574,-1.0977498682601787,-1.0972981562976605,1.229977322409095,0.4219149829214531,-0.6689949897312848,-0.1417113728380698,1.7023034791176699,-1.6220847993949883,0.22666266408110952,-1.293936613141348,0.5453153116226128,1.1650256007711473,-1.2458238431643356,7,0
0.3547894101758582,0.3446063100097591,0.35469565100662886,-0.5024765023720527,-0.03352235482300035,-0.1497739848181109,-0.0216722120176017,-0.4288879521149886,0.5467243873771187,0.738526903421301,-0.013475602858633747,1.1540750000864533,0.13487990879945413,1.5548629551622417,1,1
-0.3826582912371881,-0.3384545439700846,-0.3154553369799662,0.8622573639763331,-0.7622220952141238,1.0370168835548619,0.13838000240968726,-0.5970074462178957,0.5849653554058462,1.762255382101684,-0.47090926032514807,0.17611383389685772,0.7863396480482844,1.4165553025445112,5,1
0.6518169565783352,0.6038035090646104,0.745617060665476,-0.2560662209480399,-0.5800471601163424,-0.5577333458213211,0.6985627529052028,0.6190904512450486,-0.5404117037252726,2.2741196214418755,-0.9318752240269251,1.7899611330015177,0.038959456394718414,-0.13072918572949976,5,1
0.743997919254966,0.7577971390913163,0.8014629763310256,-1.6170091598899028,-0.35232849124411675,0.18401094691178682,0.13838000240968726,-0.18123887696938903,-0.420225804206415,-0.7970658145992735,-0.8435675681453586,-1.4528819991221222,-1.194018025557822,1.151854139669379,6,0
-0.9255017381106805,-0.9330834123900379,-0.9297604093010117,-0.2863936402002272,0.17142444716200317,-0.4093844872746995,-0.0216722120176017,1.3630443802393495,-0.3109658955529087,0.22666266408110952,-0.7128722374406401,0.614364442953002,1.3828449614402345,0.4661866133959613,6,0
2.597859501973874,2.5858997371311214,2.4209945306319636,-1.6549184339551357,0.5130024504703438,-0.038512340908143906,-0.5018288552994714,-0.1580846951468333,0.2626486248780016,0.22666266408110952,-1.103192076437164,-0.9036595718564236,-1.267457121930198,0.8443311317890072,0,1
-1.3659218931212498,-1.3569470673150301,-1.3765277346254083,1.229977322409095,3.450573278922066,2.668854327567696,-3.142690393349756,-3.408730482322201,0.503020423915716,-0.7970658145992735,0.4545549733136691,-0.8839312486191698,-0.7079211495692397,-0.2217256063656346,7,0
-0.6079895333356189,-0.6479664934297013,-0.5946849153077142,-1.1090248874157815,-0.19292542303355753,-1.2253032092811167,0.6585496992983806,1.4415672577245398,-0.8080984799263635,0.738526903421301,-1.627739552373669,0.12009948756251121,1.5027455269461543,-0.17475971184375855,5,1
-1.0791366759050651,-1.0443857390430034,-1.15314407196321,1.229977322409095,3.450573278922066,2.3350693958377984,-3.182703446956578,-2.1916258813017553,2.376827857323355,-0.285201575259082,-0.7782199027929995,-0.32026487041191026,0.004488043811766423,0.8298269584807808,2,0
1.276599036942166,1.250271817295534,1.1923843859898726,-0.9156875896830934,0.35359938225978454,-0.22394841409142008,-0.3017635872653588,-0.01110597575147742,0.21894466141659893,0.738526903421301,0.31149657078553095,-1.0051195199337304,-0.1908499608249609,0.4810361241639074,4,1
-0.0856307448347111,-0.044189488572518025,-0.03622575865221827,0.08132631823253472,-0.4661878256802296,0.7774063810982732,-0.0216722120176017,-0.14499754889930136,-0.040547621635479675,-0.285201575259082,1.2899453979532878,0.41637662760770183,-0.11841003583180101,-1.6528040394439745,5,0
1.276599036942166,1.3417531816678345,1.3599221329865214,-1.3440623866202257,-0.4206440919057852,0.6290575225516516,0.018340841589220537,-0.5718398572803348,0.7215402412227295,-0.7970658145992735,-1.17737050737768,-1.2799068793097697,-1.1770321121111502,0.4796547743250286,4,1
-0.10611540320729572,-0.09907830719589832,-0.20376350564886703,0.06237168119991608,0.9684397882147971,0.14692373227513225,-0.9419724449745188,0.01607502030108869,0.00042484410958541953,0.738526903421301,-0.5804107536182905,0.8179889220803744,1.0985807040532836,1.0394467965306244,1,0
0.4879396895976582,0.4711555307247748,0.5222333980032776,-0.18024767281757378,-0.26124102369522606,-0.22394841409142008,0.21840610962333312,-0.03224675045902868,0.04959180300366334,-0.7970658145992735,0.03774283755267506,-0.7098992543476782,-0.9966816781626627,0.987473508842813,4,1
0.4572127020387813,0.5839825467839453,0.2988497353410793,-1.2303345644245265,1.105070989538132,1.6674995323780026,-1.622194356290501,-1.625858481985386,0.5849653554058462,-0.7970658145992735,0.6647271943117973,-1.4254032631845184,-1.5087570100108614,-0.14626937141688523,6,1
1.5121726082268891,1.5033702587255653,1.5833057956487198,-0.6124133971612289,-0.35232849124411675,-0.07559955554479848,0.21840610962333312,0.07849064086623952,-0.09790907367857042,-0.285201575259082,-0.8294383432043081,1.5303223075397987,0.638961869613925,0.38658632893057576,0,1
-0.6079895333356189,-0.6052751900559611,-0.5946849153077142,1.229977322409095,-0.19292542303355753,0.07274930300182311,0.058353895196042775,-0.976534687396314,0.27357461574335207,-0.7970658145992735,1.6361114090090287,-0.16314286748663667,-0.7458896619794475,-0.6297418150244324,3,1
2.4032552474343203,2.38769011432447,2.588532277628612,-2.5116680278294043,-0.6255908938907888,-0.07559955554479848,0.4984974848710902,0.4670782140621801,-0.44207778593711633,1.2503911427614924,0.005069004876495135,0.1983081975387684,1.8294745679497855,-0.22759634318086908,0,1
-0.3007196577468496,-0.3323557863452646,-0.42714716831106536,-0.13475654393929495,1.5605083272825855,-0.7060822043679427,-1.0219985521881647,0.19526825353652258,0.15338871622449488,-0.285201575259082,0.1066228091402967,-0.3177988300072535,1.05211923491974,0.657676234810522,3,0
0.580120652274289,0.5900813044087654,0.46638748233772803,-0.6958138001047408,0.6951773855681251,0.14692373227513225,-0.7419071769404062,-0.33929133549727164,1.1148759123753538,-0.285201575259082,-0.2607370393270197,-0.16208599302749802,-1.3568829603700299,-0.03507070938714936,5,1
0.5903629814605813,0.6007541302522005,0.6339252293343768,-0.49489464755900686,-0.3067847574696724,0.14692373227513225,0.09836694880286502,-0.431908062787496,0.0058878395422606354,-0.7970658145992735,0.3538842456086831,-0.9734132861595722,-0.8398117716257512,0.3765715425987052,3,0
-0.43386993716864963,-0.48939879518438045,-0.42714716831106536,0.8433027269437187,-0.10183795548466684,-1.3736520678277382,0.6185366456915583,-0.01110597575147742,-1.3981019866552995,-0.7970658145992735,0.9384809275446532,-0.5619368300682728,-1.6191654474142292,-1.3090205982930363,6,0
0.7337555900686736,0.7120564569051661,0.6897711449999263,0.33531845446959746,0.21696818093644954,-0.22394841409142008,-0.18172442644489206,-0.07754841054663791,0.4757054467523399,1.2503911427614924,-0.7464291466756356,1.7631869800366726,-0.08343903755924136,-1.2642993972593384,2,1
-0.7308974835711266,-0.7059046908654916,-0.7063767466388133,1.229977322409095,-0.39787222501856306,0.8515808103715856,-0.10169831923124757,-1.6480059602504395,0.4975574284830408,-0.7970658145992735,-0.6051368972651291,-0.3382317362172666,-0.27478035667910483,-0.11812436844973159,5,1
0.17042748482259665,0.2378780515754085,0.1871579040099801,0.2632908337456542,-0.17015355614633537,1.0370168835548619,-0.4218027480858269,-1.323847414734655,1.2132098301635097,-0.7970658145992735,-0.38083545132595015,-0.7708456814913384,-0.28726999891930455,-0.033516690818410806,1,1
-0.1778117075113419,-0.1707387092875337,-0.14791758998331744,0.30499103521741017,-0.3067847574696724,0.14692373227513225,0.09836694880286502,-0.2919762682946572,-0.3109658955529087,1.2503911427614924,0.7530348501933638,0.9465753146089058,0.3132319999895097,-0.808626619159225,5,1
2.792463756513428,2.7993562539998225,2.8677618559563602,-1.7989736754030223,-0.2840128905824482,0.07274930300182311,0.09836694880286502,0.03822249856614219,0.14792572079181965,-0.7970658145992735,-1.2073951103774128,-1.0935446830149944,-0.8567976850724233,0.7764723209540908,0,0
-0.05490375727583417,-0.07010920847800317,-0.03622575865221827,0.668920066243645,-0.19292542303355753,-0.26103562872807795,0.1783930560165109,0.5586882377949023,-0.6988385712728573,-0.285201575259082,0.754801003310995,1.7903134244878969,1.5422127964251864,1.265297495187293,6,0
-1.2225292845131575,-1.2136262631317594,-1.2648359032943093,1.229977322409095,3.450573278922066,0.8886680250082402,-2.7025468036747085,0.6472781508551162,-0.040547621635479675,0.738526903421301,0.3821426954907842,0.03167432448124744,1.8054944548486014,0.5418155170745704,7,1
0.6927862733235044,0.692235494624501,0.6897711449999263,-0.22952972910237548,-0.03352235482300035,-0.0014251262714893337,-0.10169831923124757,0.09359119422877593,-0.4311517950717659,-0.285201575259082,1.5177791501277293,-0.2170434649027059,-1.234984052105678,1.2784203186566405,4,1
-1.1201059926502344,-1.1007992470725887,-1.0972981562976605,1.229977322409095,-0.7166783614396794,1.4449762445580687,-0.0216722120176017,-0.01110597575147742,2.6226626517937457,-0.7970658145992735,-0.12650940238703867,-1.0822713554508492,-0.5755309418231199,-0.6318138397827505,5,1
-1.3556795639349575,-1.340175483846775,-1.3206818189598588,-3.5086819357450327,-3.3809867872447295,4.337778986217188,1.9389674147167006,-6.1429373444988205,2.1910860126123937,0.738526903421301,0.8431086591925616,1.8914210810788241,1.319397578860019,1.1812078237455517,7,1
2.6388288187190434,2.6590848286289614,2.7560700246252607,-1.723155127272556,-0.39787222501856306,0.14692373227513225,0.1783930560165109,0.18520121796149805,-0.6824495849748312,1.2503911427614924,0.963207071191492,0.5160751182531108,1.8354695962250813,1.600620168575099,0,1
0.6825439441372121,0.6388713654073257,0.6897711449999263,0.3125728900304559,-0.07906608859744468,-0.5206461311846633,0.1783930560165109,0.3533207120644052,-0.5294857128599217,2.2741196214418755,-1.7213456676081296,1.2122030953390766,1.5047438697045867,1.2901617922871096,2,0
-0.05490375727583417,-0.018269768667032883,-0.03622575865221827,0.10786281007819912,-0.19292542303355753,0.6661447371883061,-0.2217374800517143,-0.5144577545026959,0.9182080767990412,0.22666266408110952,1.092136248778579,1.11074314726177,0.41115079515267716,-0.7544086379832357,5,1
0.4572127020387813,0.4193160909138045,0.41054156667217845,-0.2029932372567111,0.28528378159811807,-0.48355891654800864,-0.1417113728380698,0.5284871310698287,-0.44207778593711633,-0.285201575259082,-0.8612290993216719,-0.26706885596859997,-1.234984052105678,0.49830299714989124,2,1
-1.2122869553268651,-1.167885580945609,-1.2089899876287595,1.229977322409095,0.03479324583866816,4.782825561857052,-1.8222596243246136,-1.2644519048420109,-1.9498645253555085,-0.7970658145992735,0.33269040819710705,-1.0780438576142948,-0.4671208471781842,-1.1876344812015702,5,1
1.7170191919527353,1.7457958743121618,1.8625353739764674,-1.1090248874157815,-0.6028190270035666,0.2581853761850993,0.33844527044379985,-0.2949963789671647,0.2571856294453264,2.7859838607820673,0.9526101524857037,0.30963230723470203,1.394335432301219,1.7370284651643713,0,0
0.580120652274289,0.5916059938149705,0.46638748233772803,-0.5024765023720527,0.6951773855681251,0.14692373227513225,-0.7419071769404062,-0.25271482955206215,0.6723732823286516,-0.7970658145992735,-0.25014012062123187,-0.8222802385027508,-0.904757911274791,0.20131278179096931,0,1
-0.4953239122864035,-0.4817753481533554,-0.48299308397661495,0.8167662350980542,-0.17015355614633537,0.33235980545840843,-0.10169831923124757,-0.08560203900665724,-1.0648592652621045,-0.7970658145992735,1.579594509244826,-0.8782945848370971,-0.6105019400956798,-1.5961686960499475,5,1
0.2318814599403505,0.21195833166992337,0.019620157013331318,-0.8626146059917688,1.7882269961548112,-0.2981228433647325,-1.342102981042744,0.23452969227911766,-0.0924460782458952,-0.285201575259082,-1.000755195614547,-0.7120130032659555,-1.2339848807264622,-0.9750792747441093,6,1
-1.1508329802091113,-1.143490550446329,-1.2089899876287595,1.229977322409095,3.450573278922066,0.5548830932783424,-2.622520696461064,-1.5835769325702835,-0.2727249275241812,1.2503911427614924,-1.1703058949071548,0.1179857386442339,1.55869912418225,1.600620168575099,1,1
0.2421237891266428,0.26074839266848365,0.1871579040099801,0.30499103521741017,0.3991431160342309,0.29527259082175383,-0.5418419089062936,-0.13291710620927238,0.15338871622449488,0.22666266408110952,-0.7994137402045753,-0.18287119072389083,0.8008276330469165,0.030370739229729365,3,1
2.823190744072305,2.883214171341098,2.9236077716219095,-2.8718061314491163,-0.35232849124411675,0.369447020095063,0.018340841589220537,-0.5678130430503251,0.5412613919444434,-0.7970658145992735,-0.7676229840872114,-0.2734101027234319,-1.1980147110746862,-1.0793711875794514,0,1
-0.9869557132284343,-0.9955956780444432,-0.9856063249665613,1.229977322409095,0.03479324583866816,-0.5206461311846633,0.13838000240968726,0.2848648701542395,1.0274679854525484,-0.7970658145992735,-1.3398565941997622,-0.5101499815704809,-1.3843601732984696,1.3556032409039882,3,0
-0.46459692472752656,-0.45585562824787024,-0.42714716831106536,0.430091639632678,-0.4661878256802296,0.2210981615484414,0.21840610962333312,-1.2986798257970942,0.6887622686266772,-0.285201575259082,0.9402470806622848,0.191966950783937,1.2829278235186352,0.27417898579182104,3,1
2.126712359404428,2.180332355080589,2.085919036638666,-0.9498059363418035,0.0803369796131125,0.40653423473172084,-0.3417766408721824,-0.2547282366670666,0.07690678016704039,0.22666266408110952,-0.9707305926148143,-0.15222183140887094,-0.6020089833723437,-1.638472534865608,0,0
0.4981820187839505,0.5092727658799,0.41054156667217845,0.028253334541210123,0.5585461842447901,0.14692373227513225,-0.6218680161199395,-0.4389549876900131,-0.23448395949545373,1.762255382101684,0.24438275231554046,1.754731984363564,1.7505400289917215,-1.4991288698687186,5,0
-1.406891209866419,-1.4133605753446155,-1.3765277346254083,1.229977322409095,-5.658173475966994,-6.343338829139556,17.584071374984294,1.0559997952011058,-3.490429237369952,-0.285201575259082,1.5160129970100982,1.9893581142923356,0.9357157692410762,-1.1133869273618398,7,1
-0.22902335344280345,-0.21343001266127395,-0.2596094213144166,0.2670817611521771,0.3080556484853402,0.33235980545840843,-0.5018288552994714,-0.1017092959266966,0.4156124969929106,-0.7970658145992735,-0.18126014903360976,-0.5171958112980715,-1.5597147503508773,1.30034924734884,1,0
-0.9664710548558497,-0.9788240945761881,-0.9856063249665613,-0.41907609942854074,0.6040899180192344,-0.7060822043679427,-0.2617505336585365,0.7137205856502774,-0.9883773292046496,-0.7970658145992735,-1.2215243353184633,-1.2006412948743739,-0.7408938050833676,-1.5802831729028424,1,1
0.6620592857646275,0.6663157747190158,0.46638748233772803,-0.06272892321535173,1.2417021908614692,0.07274930300182311,-1.102024659401809,-0.01110597575147742,0.15885171165717007,0.738526903421301,-1.4475919343752737,1.1734510318373277,1.5581995384926421,-0.4170139398371117,6,0
1.276599036942166,1.3920679320725997,1.304076217320972,-0.4873127927459611,-0.17015355614633537,1.0741040981915164,-0.4218027480858269,-1.225190466099416,0.6614472914633012,0.738526903421301,-0.4991677102072492,-0.8300306512031006,-1.4413129419137816,1.6258298031346354,4,1
0.6620592857646275,0.7440749344354712,0.5780793136688271,-1.173470653326679,0.4674587166958994,0.9999296689182072,-0.9019593913676965,-0.6876107663931149,0.7215402412227295,0.738526903421301,-1.156176669966104,0.09085929419300967,1.2104878985254752,-0.2217256063656346,0,1
-0.9357440672969728,-0.968151268732753,-0.9297604093010117,1.229977322409095,-0.10183795548466684,-1.6332625702843269,0.7785888601188473,1.7908933921778851,-1.174119173915611,-0.7970658145992735,-0.4355861979725212,-0.1268568443895443,-0.4866046890728962,0.8122147480350773,2,0
0.14994282645001203,0.15554482364033806,0.1313119883444305,0.005507770102068607,0.12588071338755885,0.10983651763847768,-0.2617505336585365,-0.2839226398346379,0.3063525883394043,-0.7970658145992735,-1.214459722847938,-0.26037531772738887,-1.2000130538331182,1.0354754157438482,5,0
-0.15732704913875728,-0.13872023175722853,-0.03622575865221827,-0.5896678327220916,-1.1038000985224643,0.369447020095063,0.7785888601188473,0.4650648069471756,-0.9555993566085978,-0.7970658145992735,-1.3716473503171263,0.6774246190149393,-0.06895105256060934,-0.37850881307836776,4,0
-0.6079895333356189,-0.6220467735242161,-0.5946849153077142,1.229977322409095,-0.19292542303355753,-0.4464717019113541,0.25841916323015535,-0.01110597575147742,0.00042484410958541953,-0.7970658145992735,0.005069004876495135,0.4357526593585768,1.305409179550995,-1.3069485735347184,1,0
-0.1675693783250496,-0.10822644363312837,-0.20376350564886703,-0.29776642241979584,0.35359938225978454,1.1482785274648255,-0.8619463377608743,-1.4345848060599233,0.787096186414833,-0.285201575259082,-0.46737695408988533,1.111095438748149,0.40765369532542156,0.7153475905837079,1,1
0.14994282645001203,0.07626097451767763,0.1313119883444305,0.9835670409850823,0.12588071338755885,-1.1511287800078043,0.33844527044379985,0.6502982615276237,-0.3983738224757136,-0.7970658145992735,1.1521854547780441,-0.27939905799188386,-1.1415615281489824,1.720106929638107,3,1
0.7030286025097967,0.6678404641252208,0.8573088919965751,-0.5820859779090416,-0.8760814296502386,-0.4093844872746995,0.8986280209393154,0.40667600061203446,0.208018670551248,-0.7970658145992735,-1.488213456080794,-0.280103640964643,-0.3642061951189365,-0.4180499522162707,3,1
-1.0791366759050651,-1.0703054589484886,-1.0972981562976605,0.14577208414343218,0.7862648531170158,0.5548830932783424,-0.9419724449745188,-1.0993525214116113,-0.37652184074501227,-0.7970658145992735,-0.24307550815070636,0.5301667777082925,1.1365492164634912,1.5783459024231796,7,0
-1.243013942885742,-1.2563175665054995,-1.2089899876287595,-0.7640504934221611,-1.6730967707030306,-1.8557858581042574,2.6992154332463274,-0.16915843427936003,-0.8080984799263635,-0.7970658145992735,-1.6895549114907655,-0.7761300537870314,-0.3252385113295127,1.478716045294053,7,0
-0.46459692472752656,-0.41468901428033506,-0.3713012526455158,0.03204426194773301,-1.1038000985224643,1.2595401713747925,0.37845832405062346,-1.1808955095693088,0.39922351069488493,-0.7970658145992735,-1.6842564521378718,-0.19731514166545172,-0.6589617519876556,-1.094738704536977,2,1
0.6415746273920429,0.6724145323438359,0.6339252293343768,-0.44940351868072803,0.012021378951446001,0.369447020095063,-0.2617505336585365,0.18620792151900029,0.17524069795519623,1.2503911427614924,-1.0872966983784822,0.5555317647276191,1.4782658281553622,-0.9826766988579421,6,0
-0.4850815831001112,-0.4924481739967905,-0.48299308397661495,0.005507770102068607,-0.03352235482300035,-0.1868611994547655,0.018340841589220537,-0.01110597575147742,0.10422175733041696,-0.7970658145992735,-0.8117768120279947,0.6820044083378731,0.8992460138996919,0.9197873667377564,6,0
0.3650317393621505,0.4238901591324195,0.2988497353410793,-0.06272892321535173,0.44468684980867523,0.8144935957349277,-0.8219332841540521,-0.4600957623975644,0.19709267968589758,0.22666266408110952,0.3008996520797432,0.5713848816146985,0.24778627465086187,0.21443560526031702,5,1
-0.7411398127574189,-0.765367577707487,-0.7622226623043629,-0.9990879926266052,0.4219149829214531,-0.8915182775512188,-0.061685265624423946,0.19929506776653225,-0.9774513383392992,-0.7970658145992735,-0.40026313561989507,-0.4886602009013291,-1.0506369326403266,0.007405798158370871,6,1
0.4981820187839505,0.501649318848875,0.5780793136688271,-0.976342428187468,-0.5345034263418981,0.03566208836516524,0.33844527044379985,0.19526825353652258,-0.10883506454392133,0.22666266408110952,0.8272132811338794,0.500222001366032,1.726559915890538,1.1642862882192875,1,0
0.33430475180327357,0.32478534772909395,0.2988497353410793,-0.7413049289830238,0.21696818093644954,-0.11268677018145634,-0.2217374800517143,0.1690939610414587,0.10422175733041696,-0.285201575259082,0.005069004876495135,-1.0308367984394369,-1.1265739574607425,1.5721298281482257,3,0
1.1229640991477814,1.1374448012363634,0.9690007233276743,-1.0445791215048883,0.7407211193425695,0.14692373227513225,-0.7819202305472298,0.3140592733218101,0.18616668882054666,0.22666266408110952,-1.4052042595521217,1.2636376523504893,0.3047390432661738,0.0246726711443547,0,0
0.7030286025097967,0.7593218284975213,0.745617060665476,-0.4039123898024492,-0.2840128905824482,0.6661447371883061,-0.1417113728380698,-0.6382822920754953,0.3719085335315079,-0.7970658145992735,-0.7058076249701148,-0.7965629599970444,-0.8198283440414312,-0.7822083034906696,5,0
0.18066981400888896,0.12962510373485292,0.1871579040099801,0.509701115169667,-0.07906608859744468,-0.7802566336412519,0.33844527044379985,1.039892538281067,-0.7425425347342596,0.738526903421301,-0.7481952997932667,-0.0800020767010659,0.877763829246548,-1.1869438062821307,1,0
0.3752740685484428,0.4238901591324195,0.46638748233772803,0.3732277285348305,-0.6255908938907888,0.6661447371883061,0.1783930560165109,-0.3725125528948519,0.32274157463743,-0.7970658145992735,-0.038201746505472096,-0.22690762652133298,-0.6399774957825518,-0.5289032767862869,0,0
-1.3249525763760805,-1.306632316910265,-1.3206818189598588,1.229977322409095,0.03479324583866816,3.7814707666673595,-1.4621421418632108,-1.2644519048420109,3.015998322946369,1.2503911427614924,1.7191206055377013,0.6661512914507939,1.6860934750322902,0.037968163343562254,7,1
-1.140590651022819,-1.141965861040124,-1.15314407196321,1.229977322409095,0.7179492524553472,-0.1868611994547655,-0.5818549625131172,0.8677462299481504,-0.040547621635479675,0.738526903421301,0.4704503513723508,1.5433570925358417,0.8897538857971399,1.4897668440050829,7,1
-0.8845324213655112,-0.8919167984225026,-0.8180685779699125,1.229977322409095,-1.308746900507468,-0.37229727263804163,1.378784664221185,0.7036535500752529,-1.0484702789640785,1.2503911427614924,-0.31548778597359073,1.6300207981852075,-0.0594589244580573,-1.5996220706471442,5,1
1.2970836953147507,1.3249815981995794,1.415768048652071,-0.6162043245677518,-0.5572752932291203,0.2581853761850993,0.2984322168369776,-0.09768248169668693,0.19162968425322235,-0.7970658145992735,0.9738039898972798,-0.752878815685982,-0.18285658979123295,1.6273838217033738,4,1
1.440476303922843,1.44695675069598,1.4716139643176205,-1.4691629910354975,-0.19292542303355753,0.07274930300182311,0.018340841589220537,-0.08862214967916467,0.22440765684927413,-0.7970658145992735,0.005069004876495135,-0.3706425529641841,-1.1945176112474303,0.45409980230577257,4,0
-1.1303483218365267,-1.138916482227714,-1.0972981562976605,1.229977322409095,-1.1038000985224643,-0.7802566336412519,1.378784664221185,1.9872005858908608,-2.3268112102101064,0.22666266408110952,1.6290467965385032,1.8942394129698605,0.2113165193094781,0.6024222412553738,7,1
-1.0176827007873113,-1.0245647767623383,-1.041452240632111,1.229977322409095,0.8545804537786843,-0.4464717019113541,-0.5818549625131172,-0.2053997623494477,0.3336675655027804,-0.285201575259082,-1.3098319912000298,1.6923763912743854,1.439797730055547,-1.1689862583767077,3,0
0.283093105871812,0.28056935494914875,0.24300381967552967,-0.5745041230959959,0.26251191471089386,-0.038512340908143906,-0.3017635872653588,0.0805040479812447,-0.05966810564984293,0.738526903421301,0.9791024492501736,-0.3917800421469564,1.192003228009979,1.2271377058882686,6,0
0.08848885133225816,0.06558814867424258,0.019620157013331318,-0.0437742861827331,0.5585461842447901,-0.37229727263804163,-0.4218027480858269,0.7388881745878384,-1.135878205886884,-0.7970658145992735,1.0621116457788464,-0.8074839960748101,-0.1338971922096492,1.6707236728981933,5,1
0.6927862733235044,0.6175257137204556,0.6897711449999263,-0.7754232756417297,-0.03352235482300035,-0.854431062914561,0.2984322168369776,0.7489552101628629,-1.0593962698294288,-0.7970658145992735,-0.9265767646740313,-1.2418593987807796,-0.24280687254419284,-1.1446399674664705,1,0
-0.22902335344280345,-0.2576460054412192,-0.2596094213144166,0.2670817611521771,0.3080556484853402,-0.5948205604579757,-0.10169831923124757,0.6200971548025508,0.04412880757098812,1.2503911427614924,0.090727431081615,0.8863334704380046,0.6654399111631487,-0.9130912007244273,5,1
2.864160060817474,2.893886997184533,2.9236077716219095,-2.8301059299773605,-0.23846915680800387,0.18401094691178682,0.018340841589220537,-0.3634522208773303,0.4647794558869885,1.762255382101684,-1.7813948736075949,1.8692267174369135,0.6069883854790127,0.3997091523999235,0,0
1.0000561489122737,1.071883156769548,0.8014629763310256,-0.2029932372567111,1.059527255763688,0.7403191664616185,-1.2620768738290995,-0.4741896122025978,0.09329576646506604,0.22666266408110952,-0.05586327768178541,1.903046700129349,1.335883906617083,-0.013659786884529406,4,0
-0.9562287256695574,-0.962052511107933,-0.9856063249665613,1.229977322409095,0.9001241875531286,-0.3352100580013871,-0.6618810697267618,1.0036512102109796,-1.469120927280079,0.22666266408110952,0.05893667496425114,0.11692886418509525,-0.024487926185497357,0.5713418698806029,6,1
0.2318814599403505,0.21195833166992337,0.2988497353410793,0.7636932514067297,-0.511731559454676,-0.2981228433647325,0.4984974848710902,0.4419106251246192,-0.715227557570883,-0.285201575259082,1.1080316268372608,0.30963230723470203,0.5535327166909572,-0.5396087380375969,3,0
-0.5875048749630343,-0.6067998794621661,-0.6505308309732637,1.229977322409095,1.0139835219892415,-0.5948205604579757,-0.6618810697267618,-0.01110597575147742,-0.4803187539658438,-0.7970658145992735,0.6876871848410044,-1.0872034362601628,-0.8113353873180954,-0.14765072125576392,5,1
-1.3147102471897882,-1.3127310745350849,-1.2648359032943093,1.229977322409095,-3.3809867872447295,0.14692373227513225,4.019646202271468,-0.01110597575147742,-3.271909420062939,-0.7970658145992735,1.2122346607775096,-0.43722564388991664,-0.4111672499420884,1.737201133894231,7,1
-1.3454372347486652,-1.32645327919093,-1.3206818189598588,1.229977322409095,-2.2423934428835968,4.782825561857052,0.2984322168369776,-4.774827209853009,1.6939534282389384,-0.7970658145992735,1.1468869954251502,-0.5048656092747876,-0.9996791923003108,0.8648787106423279,7,0
-1.376164222307542,-1.3660952037522602,-1.3765277346254083,1.229977322409095,1.1733865901998006,3.5589474788474256,-2.1023509995723706,-3.5083941345149436,0.8089481681455349,0.22666266408110952,-0.24837396750360025,0.9983621631066977,1.0401291783691475,1.1955393283239184,7,0
-1.0381673591598959,-1.0245647767623383,-1.041452240632111,1.229977322409095,0.19419631404922735,0.7774063810982732,-0.5818549625131172,0.5747954947149408,-1.2451381145403906,-0.7970658145992735,0.6347025913120645,-0.13037975925333972,-0.5260719585519279,0.6816771882610395,6,1
0.4674550312250736,0.44676050022549463,0.5780793136688271,-0.19541138244366532,-0.7166783614396794,-0.26103562872807795,0.6985627529052028,-0.03526686113153539,0.38829751982953453,-0.285201575259082,0.2408504460802782,-0.4957060306289197,-1.0246584767807108,0.28661113434172936,1,1
0.6006053106468736,0.6327726077825057,0.5780793136688271,-1.2454982740506222,0.10310884650033668,0.40653423473172084,-0.3817896944790046,-0.5003639046976617,0.3555195472334822,-0.285201575259082,0.9049240183096582,1.1914178976426837,0.26826928792478977,-0.3322335934759311,5,1
-1.1918022969542805,-1.2060028161007343,-1.15314407196321,1.229977322409095,-1.5592374362669177,-1.5590881410110145,2.3390979507849257,0.87177304417816,0.5467243873771187,-0.7970658145992735,0.06953359367003893,-0.6338042932896983,-1.2709542217574539,-1.4288526968157642,7,1
1.4302339747365507,1.5064196375379755,1.3599221329865214,-1.4767448458485435,0.26251191471089386,0.6661447371883061,-0.6218680161199395,-0.6795571379330956,-0.040547621635479675,-0.7970658145992735,0.2903027333739554,-1.0794530235598128,-0.2957629556426407,-1.0204911506972467,4,1
0.6927862733235044,0.6876614264058859,0.6897711449999263,-0.22952972910237548,-0.03352235482300035,-0.038512340908143906,-0.061685265624423946,0.3805017081169706,-1.0593962698294288,1.762255382101684,-1.5129395997276327,0.2765169075150256,0.8617770871790923,-0.11657034988099302,0,0
-1.2839832596309113,-1.2608916347241146,-1.2648359032943093,1.229977322409095,-1.1038000985224643,3.5589474788474256,-0.46181580169264913,-2.555045865560135,-0.1416130371399731,-0.7970658145992735,0.05893667496425114,-1.2820206282280466,-0.4516336908003363,0.22134235445471054,3,0
-0.7001704960122497,-0.6586393192731363,-0.7622226623043629,0.7030384129023551,1.1733865901998006,1.3708018152847596,-1.5421682490768565,-0.7882811221433585,0.8089481681455349,-0.7970658145992735,0.08013051237582673,-1.0819190639644696,-0.29776129840107274,1.328321581586134,5,1
0.4674550312250736,0.45285925785031467,0.41054156667217845,0.005507770102068607,0.35359938225978454,-0.1868611994547655,-0.3017635872653588,-0.128890291979262,0.02227682584028677,-0.7970658145992735,-0.6616537970293316,-0.4541356352361343,-0.9966816781626627,-1.492222120674325,1,0
